NDC80,LMNA,RDX,CAMSAP2,SEC62,PFN1,LAMP3,DHX40,C11orf52,MARCKS_target,SYNE3_Nterm,TMOD1,BORCS6,RAB5C,TJP1,SFXN1,KRT8,KRAS_target,SEC61B_Cterm,RPS6,AKAP1,CYP2C9,PEX14,KRAS_target,LMAN1,NCBP3,CLTA,CTNNB1,SSR1,KDM1A,ZYX,ZYX,ACTR3,ZFPL1,CAV1,TMPO,MARCKS,SYNE3_Cterm,LCK,NEFM,POLR2C,SSR1,CLTA,STIL,NPM1,NOP56,EMD,BCAP31,DYNC1I2,CENPA,EZR,GORASP1,KIF2A,ASH2L,BCAP31,CLTA,DCTN1,NOP56,VAPA,SSR1,LMNB1,TJP2,LAMP1,GOLGA2,HSD17B11,KRT19,STIL,PXMP2,ANK3,PANX1,NCBP3,AIFM1,LAMTOR1_target_peptide,SFXN1,RAB9A,CBX3,MARCKS_target,PCM1,COIL,TRIM36_Cterm,RAB5A,GJA1,DHX8,TUBA4A,SV40_NLS,TUBB,RAB11A,SASS6,SYNE3_Nterm,ANAPC2,BCAP31,EZR,CD3EAP,PCNT,GOLGA2,STIL,NUP155_Nterm,ACTR2,METTL7A,PAFAH1B1,PANX1,COIL,CAV1,PRPF8,ACTR2,SSR1,PHB2,PCNT,STX7,RPS6,KRT19,MARCKS,RAB3B_Nterm,NUP50,CAV1,DCTN2,PRPF8,TMPO,CALR3,AKAP1,STIM1,AMOT,ASF1A,LYN_target,EMD,EMD,RHOB,ANKFY1,ATP2A1,PARD3,CEP135,RPS20,PCNT,KIF2A,MAPRE3,TRIM36_Cterm,VASP,RAB35,CTNNA1,MLLT4,CCDC14,ELOVL5,PEX14,LYN,GFAP,SYNE3_Nterm,ANKFY1,GOLGA2,CYP2C1_sigseq,PDIA4,PEX3,EBAG9,LAMP1,RAB35,RAB11A,ERGIC1,ZYX,AKAP1,SYNE3_Cterm,TJP2,PXMP2,ERGIC1,POLR2C,CALR3,PRPF8,TUBB,VCL,RPN1,RPL31,VIM,TUBB,LAMTOR1_target_peptide,PRPH,AKAP1,RPS24,MARCKS_target,TRIM36_Nterm,ANAPC2,LRRC59_Nterm,GORASP1,ACTR3,KRAS_target,SEPT10,CDK5RAP2,DDX23,EMD,VASP,LYN,Pxn,DCTN2,UTP4,NDC80,CAV1,RAB35,CS,CXADR,MARCKS_target,SEPT9,RDX,EZR,KRT19,CKAP4,HIST1H3A,ARF6,TJP1,EBAG9,CTNNB1,PEX3,STIL,HIST1H2BG,MAPRE1,PXMP2,GJA1,DYNC1I2,MARCKS,FLOT1,CALU,COIL,MAPRE3,HSD17B11,ANK3,LRRC59_Cterm,SQSTM1,PHB2,RPS20,AKAP1_target,LATS1,REEP5,ASH2L,MARCKS,AARS2,SV40_NLS,PANX1,GJA1,ANKFY1,APEX1,SEPT10,RHOB,RPN1,PRPF8,KIF2A,ANK3,HSD3B7,LAMP2,SEPT9,PCM1,KDM1A,NOP56,STIM1,MLLT4,ZYX,PEX3,TUBA1A,DENND6A,PCNT,ACTR1A,UTP4,LAMTOR1_target_peptide,MLLT4,PAFAH1B1,SEPT10,NPM1,POLR2C,KRT8,LAMTOR1,ERGIC2,COX8A_target,ATG12,TMPO,SEC62,NUP50,PDHA1,NIFK,PCM1,TMOD1,RPN2,SYNE3_Cterm,KRT8,ELOVL5,PFN1,SEC61B_Cterm,CKAP4,TUBA4A,LAMP1,ANAPC2,HNRNPA1,COX4I1,DHX40,ELOVL5,OCLN,STX6,EBAG9,RAB35,RAB11A,NUP155_Nterm,AP2B1,PDHA1,SEPT10,TUBA1A,EIF6,LYN,NCBP3,RPS24,Pxn,ATG12,UTP4,SEPT10,PARP1,EZR,RPN1,SFXN1,RPS20,C11orf52,AARS2,LMAN1,ARF6,SV40_NLS,GORASP1,ACBD5,VCL,LAMP1,ASF1A,HIST1H2BG,RAB11A,CBX3,AARS2,GFAP,LRRC59_Nterm,ACTR3,SEC61B_Nterm,ASF1A,LRRC59_Cterm,EMD,CDK5RAP2,KRT8,PTK2,SASS6,ACTB,PARP1,CEP135,GFAP,CLTB,PARP1,LAMP1,DYNC1I2,LAMP2,LAMTOR1_target_peptide,ACBD5,VAPA,LNPK_Cterm,PDHA1,AMOT,SEPT9,LMNB1,DHX8,AGPS,NCBP3,AARS2,STX4,RPN1,CENPA,KRT19,STIM1,CLTA,REEP5,KRT19,EIF6,DERL1,PRPH,MAPRE3,SEC61B_Cterm,PRPH,RPN2,NIFK,RPN2,RAB5C,LAMTOR1_target_peptide,ERGIC1,RAB5A,SYNE3_Cterm,PRPF8,GOLGA1,LCK,VASP,CAV1,STX4,LYN,CLIP1,BCAP31,ANAPC2,SV40_NLS,NPM1,ANAPC2,COIL,GOLGA2,HNRNPA1,B3GAT1,ATP2A1,RPS24,CDK5RAP2,SEPT9,ZFPL1,CAMSAP2,PDHA1,KIF2A,NEFM,ACTR1A,SERBP1,AGPS,PCNT,LAMTOR1_target_peptide,PEX3,RAB5C,STIM1,CLTA,KRT19,NUP155_Cterm,C11orf52,KRAS_Q61H,RHOB,CS,AGPS,NPM1,CCDC14,GJD3,SFXN1,Pxn,METTL7A,LNPK_Nterm,AIFM1,EPB41L4A_Cterm,EZR,C11orf52,VASP,TMOD1,DERL1,RPS6,CS,TJP1,AKAP1_target,BCAP31,AARS2,HSD17B11,CTNNB1,SEC62,CLTA,MAPRE1,DDX23,ATG12,STX6,REEP5,KRT19,CALR3,GOLGA2,LAMP2,RPL31,ELOVL5,EPB41L4A_Cterm,POLR1E,EPB41L4A_Cterm,ZNF330_target,VIM,NIFK,SEC61B_Nterm,RDX,DCTN1,NPM1,SFXN1,SEC62,TRAP1,LCK,MLLT4,NCBP3,HNRNPA1,RAB5C,CDK5RAP2,CYP2C1_sigseq,PANX1,NUP155_Cterm,COX4I1,LRRC59_Cterm,TRIM36_Nterm,AP2B1,CALU,DHX40,NPM1,RAB5A,KRT19,C11orf52,NCBP3,PHB2,HNRNPA1,CTNNB1,RHOB,VASP,AKAP1,LAMP1,SEPT9,RAB35,EIF6,UTP4,CYP2C9,TRIM36_Nterm,PANX1,FLOT1,ZYX,UTP4,CYP2C9,PRPH,GJD3
RAB35,LNPK_Cterm,ACTR3,DHX8,KRAS_Q61H,MARCKS_target,VCL,GJA1,DCTN1,TRIM36_Nterm,CCDC14,RPN1,KDM1A,PTK2,CALR3,TRAP1,TRIM36_Nterm,LAMP1,CLIP1,ACTB,SYNE3_Cterm,LAMP3,MAPRE3,STX7,CYP2C1_sigseq,BCAP31,LRRC59_Cterm,LNPK_Nterm,COIL,PEX3,TRIM36_Cterm,PAFAH1B1,LMNA,STIM1,MARCKS,DHX8,LMNB1,ANAPC2,GJD3,LMNA,CEP135,TMPO,PCNT,SQSTM1,ZNF330_target,KRAS_target,KDM1A,LAMP2,ANKFY1,DCTN2,DYNC1I2,PRPH,PDIA4,LYN_target,LNPK_Nterm,BCAP31,C11orf52,MARCKS_target,ARF6,ZFPL1,HIST1H2BG,NUP155_Cterm,PRPH,REEP5,OCLN,RAB2A,RAB4A,NOP56,LRRC59_Cterm,SYNE3_Cterm,TUBB,EPB41L4A_Cterm,STX7,LCK,SYNE3_Nterm,POLR1E,CLIP1,RAB9A,SV40_NLS,LCK,GJD3,ANAPC2,NCBP3,SEPT10,UTP4,TRIM36_Nterm,CTNNA1,B3GAT1,CYP2C9,LMNA,SYNE3_Nterm,CLTA,CAMSAP2,SV40_NLS,KDM1A,ANK3,KRT19,PXMP2,CLIP1,DHX40,DCTN2,TERF2IP,BORCS6,RPS24,PEX14,SEC61B_Nterm,CALR3,NOP56,SFXN1,STIL,STX7,GJA1,EBAG9,LMNA,ATP2A1,HSD3B7,AMOT,DYNC1I2,RPS6,SEC61B_Nterm,CD3EAP,SV40_NLS,DCTN2,KRT18,PXMP2,HNRNPA1,ACTR3,PARD3,TRIM36_Nterm,CS,AARS2,TUBA4A,CYP2C1_sigseq,RAB5C,LAMTOR1,CXADR,LNPK_Nterm,GOLGA2,STX7,RAB4A,NDC80,DHFRL1,METTL7A,KRAS_Q61H,LATS1,LCK,DIRAS3,GFAP,PFN1,PAFAH1B1,PRPH,AP2B1,STIL,LAMTOR1,HIST1H3A,CLIP1,LNPK_Cterm,LYN,ACTR2,POLR1E,AP2B1,AKAP1_target,LRRC59_Nterm,KDM1A,PCNT,RDX,KRT18,CS,KRAS_Q61H,RHOB,GOLGA2,CTNNB1,NEFM,TJP1,HNRNPA1,PFN1,LATS1,STIL,DCTN1,RAB35,SEPT9,PDHA1,NUP155_Cterm,CLIP1,UTP4,MLLT4,LMNA,SV40_NLS,NCBP3,BCAP31,MLLT4,STX7,PARD3,ZYX,SEC61B_Nterm,STX6,CXADR,TMOD1,LAMTOR1_target_peptide,CDK5RAP2,VASP,SASS6,ERGIC1,PXMP2,AMOT,METTL7A,LAMP1,SERBP1,EPB41L4A_Cterm,SEPT9,HSD3B7,OCLN,METTL7A,AIFM1,STIM1,HSD17B11,PARD3,CKAP4,DYNC1I2,SYNE3_Cterm,LYN_target,GOLGA1,CAV1,ATG12,TMPO,LAMP2,BORCS6,TMOD1,GJD3,DCTN1,ACTR1A,RAB3B_Nterm,COX8A_target,OCLN,CLIP1,HNRNPA1,CBX3,CLTA,ZNF330_target,COX4I1,VIM,STIL,BCAP31,CDK5RAP2,RHOB,HIST1H3A,RPS20,LYN_target,SFXN1,ARF6,PDHA1,KRAS_target,BCAP31,MLLT4,EPB41L4A_Cterm,PEX3,RPN1,CLTB,AKAP1_target,TMOD1,RPN2,DCTN1,BORCS6,COIL,POLR1E,SYNE3_Cterm,GORASP1,RPN1,CTNNB1,ASH2L,LNPK_Nterm,NEFM,DHX40,ATP2A1,CTNNB1,STX7,CLIP1,RAB9A,TRAP1,STIL,NUP50,ANAPC2,MAPRE3,ARF6,VCL,TMPO,PEX3,CLIP1,SEPT9,CENPA,CKAP4,ERGIC1,LMAN1,ANAPC2,VIM,HIST1H3A,DERL1,PDIA4,SASS6,SYNE3_Cterm,C11orf52,DHX40,TRIM36_Cterm,MARCKS,B3GAT1,COIL,CALR3,SERBP1,PEX14,BCAP31,SV40_NLS,TUBA4A,UTP4,TUBA1A,HIST1H3A,TUBB,EIF6,FBL,SFXN1,RPN2,TRIM36_Nterm,LRRC59_Nterm,CENPA,ANK3,BCAP31,SEPT9,ELOVL5,B3GAT1,STIL,DCTN2,LRRC59_Nterm,POLR2C,GORASP1,METTL7A,STX7,RAB5C,DERL1,ANKFY1,VCL,C11orf52,ERGIC1,HSD17B11,SFXN1,REEP5,ATP2A1,HNRNPA1,NIFK,TMPO,REEP5,LAMP2,RAB9A,COX4I1,COX8A_target,ANKFY1,SEPT10,FLOT1,REEP5,KRAS_target,RAB3B_Nterm,NUP155_Cterm,ERGIC2,SEPT10,TRIM36_Nterm,EBAG9,EIF6,POLR1E,HNRNPA1,AKAP1,GOLGA1,CKAP4,ELOVL5,STX6,GFAP,LAMTOR1_target_peptide,CALU,SEC62,CLIP1,PANX1,TRIM36_Nterm,STX6,SEC61B_Cterm,RPS20,RAB35,ELOVL5,DHX8,TJP2,PARP1,CCDC14,NPM1,ELOVL5,ACBD5,ACTR2,LNPK_Cterm,MAPRE1,DHX40,UTP4,PFN1,TUBB,HNRNPA1,SERBP1,EMD,RAB4A,RHOB,SASS6,NIFK,CDK5RAP2,HIST1H3A,RPN2,ACTB,SEPT10,BCAP31,BCAP31,NDC80,VCL,PRPF8,PEX14,DHFRL1,GOLGA1,ARF6,VAPA,OCLN,KRAS_target,TMOD1,SYNE3_Cterm,COIL,KRT19,STIM1,RPL31,SQSTM1,LMAN1,KRT8,COIL,CAMSAP2,STX6,NUP155_Cterm,PEX14,PARD3,ANK3,SV40_NLS,VCL,PARP1,OCLN,PHB2,DENND6A,C11orf52,LRRC59_Cterm,DENND6A,GJD3,MLLT4,ACBD5,DCTN1,DYNC1I2,MAPRE3,PTK2,RAB4A,TJP2,RHOB,ZNF330_target,AKAP1,SSR1,KIF2A,MAPRE1,CLTA,PCM1,SV40_NLS,KRT8,EMD,CEP135,CEP135,TUBA4A,TRIM36_Nterm,PTK2,LAMTOR1_target_peptide,AP2B1,CTNNA1,ERGIC1,POLR2C,DCTN1,DHFRL1,CEP135,MARCKS,ZYX,RPN2,TUBA4A,SEC61B_Nterm,B3GAT1,RHOB,PANX1,NOP56,SYNE3_Nterm,TRIM36_Nterm,LMNA,SASS6,STIM1,DHFRL1,ZYX,DHFRL1,CTNNB1,ZNF330_target,ZYX,PRPF8,PCNT,BORCS6,PRPH,B3GAT1,DHX40,PRPH,ACTR1A,AKAP1_target,AGPS
EBAG9,ERGIC2,PCNT,RDX,DHX8,PDIA4,ATG12,GFAP,KDM1A,KRAS_target,ELOVL5,CS,RAB4A,BCAP31,PARP1,PTK2,DHX8,COIL,EZR,CKAP4,RAB9A,AIFM1,HIST1H2BG,CXADR,KRT8,SV40_NLS,NUP155_Nterm,EIF6,POLR1E,NCBP3,PEX3,LYN,MARCKS,COX8A_target,CD3EAP,RPN2,AGPS,LAMP1,ATG12,EMD,SEPT9,AKAP1_target,CLTB,CLIP1,KRAS_target,STX6,LAMTOR1_target_peptide,TRAP1,STIM1,ACTB,NEFM,BCAP31,SASS6,EBAG9,PTK2,DENND6A,DERL1,BCAP31,PAFAH1B1,PARP1,TRAP1,LMNA,RHOB,PXMP2,ARF6,ZYX,ERGIC2,CBX3,GJD3,B3GAT1,RAB5C,HSD3B7,FBL,LNPK_Nterm,SFXN1,LCK,ZNF330_target,AARS2,COX4I1,SEPT9,ACBD5,ANKFY1,KDM1A,RPN1,STIL,KRT18,DHX40,RAB11A,RPN1,NDC80,AARS2,CEP135,PEX14,KIF2A,RPL31,COIL,DHX8,NUP155_Cterm,GJA1,SV40_NLS,POLR1E,CTNNB1,LATS1,BCAP31,SYNE3_Cterm,AARS2,AMOT,LAMP1,LYN,LMNB1,KRAS_Q61H,HSD3B7,KRT8,KIF2A,DYNC1I2,TMPO,RAB35,PARD3,AGPS,CTNNB1,CLTB,KRAS_target,PDIA4,LNPK_Nterm,UTP4,TMPO,LCK,RAB3B_Nterm,VAPA,KIF2A,NOP56,STX4,CKAP4,CXADR,CXADR,LATS1,DYNC1I2,GOLGA1,PCM1,LAMTOR1,ZFPL1,RPN2,STX7,LAMP2,COX4I1,SV40_NLS,VIM,LMAN1,METTL7A,COX8A_target,RAB5C,LMNB1,AIFM1,VASP,NCBP3,FLOT1,ASF1A,TJP2,SEPT9,STX7,DIRAS3,NUP155_Nterm,STX6,RAB11A,HIST1H3A,BCAP31,KDM1A,CAV1,SEPT10,TRIM36_Cterm,ACTR1A,LRRC59_Nterm,AARS2,TUBA1A,NOP56,NPM1,PARP1,SEPT10,PCNT,CYP2C1_sigseq,DERL1,AIFM1,SEC61B_Nterm,SYNE3_Nterm,LAMTOR1,RPS6,CENPA,HIST1H2BG,RAB5A,SEPT9,LNPK_Nterm,CTNNB1,REEP5,VIM,DIRAS3,LMNB1,ELOVL5,RAB9A,EMD,BORCS6,EPB41L4A_Cterm,SEPT9,B3GAT1,CXADR,DCTN1,ANAPC2,LMAN1,AP2B1,NCBP3,GOLGA1,GJD3,KRAS_Q61H,CENPA,TMPO,IMPDH2,RAB3B_Nterm,LAMTOR1,HSD17B11,AGPS,GORASP1,PCNT,TMPO,EMD,DHX8,GJA1,REEP5,GFAP,DIRAS3,TMPO,TRAP1,CLTB,DHFRL1,PRPF8,NUP155_Cterm,CLTB,RHOB,MARCKS,NUP155_Cterm,PEX14,CYP2C9,PFN1,GORASP1,DDX23,LRRC59_Cterm,MAPRE1,EPB41L4A_Cterm,HSD17B11,PCNT,ERGIC2,COX8A_target,Pxn,POLR1E,RAB4A,TRIM36_Nterm,LMAN1,ATP2A1,LNPK_Nterm,NDC80,FLOT1,KRT8,ACTR3,TMPO,AARS2,Pxn,CBX3,MAPRE3,LAMTOR1_target_peptide,ZFPL1,STX4,COX4I1,CEP135,LNPK_Nterm,EMD,RAB2A,PANX1,STIL,PRPH,LYN,PAFAH1B1,CDK5RAP2,COX8A_target,HIST1H2BG,TUBB,BORCS6,COX8A_target,FBL,LMNA,LAMP2,DCTN1,CAV1,CYP2C1_sigseq,LYN,CLIP1,ANK3,GORASP1,ATG12,CYP2C9,NCBP3,EZR,PARP1,ZYX,POLR2C,EBAG9,ATP2A1,KRAS_Q61H,GJD3,TRIM36_Cterm,GJD3,SYNE3_Nterm,COX4I1,CCDC14,VIM,TRIM36_Nterm,TERF2IP,SYNE3_Nterm,COX8A_target,EBAG9,PTK2,RAB5C,DHFRL1,KRT8,SSR1,DHX40,LNPK_Cterm,FLOT1,GJA1,SQSTM1,KRT19,SEC62,SEC62,ATG12,FLOT1,GJA1,PRPF8,AGPS,CYP2C1_sigseq,PXMP2,NUP50,CENPA,AARS2,LYN,HIST1H3A,ANKFY1,GJD3,CEP135,AKAP1_target,SEC62,PARP1,MLLT4,CS,MARCKS_target,NUP155_Cterm,KRT8,ATG12,CAMSAP2,SSR1,TMOD1,PCNT,RAB35,STX4,MAPRE3,SQSTM1,PTK2,STX7,LYN_target,PANX1,VCL,LATS1,CLTA,AGPS,DIRAS3,ACTB,LNPK_Cterm,RHOB,RAB5C,DHX8,DDX23,ACTB,SEC61B_Nterm,LAMTOR1_target_peptide,AIFM1,DHX40,TUBA1A,RPL31,CS,PRPF8,VIM,HIST1H2BG,TMOD1,PDHA1,TMOD1,OCLN,RPN1,CD3EAP,VIM,RAB3B_Nterm,LNPK_Cterm,RPS24,CTNNB1,ASH2L,DHX8,SEPT9,MARCKS,MAPRE1,ACTR3,MAPRE3,KRAS_Q61H,LYN,SEC61B_Cterm,NPM1,TUBA4A,LCK,GOLGA1,GOLGA2,HIST1H2BG,CD3EAP,ATP2A1,CYP2C1_sigseq,PDIA4,RAB3B_Nterm,ARF6,GJD3,LRRC59_Cterm,SEPT9,LMNB1,NCBP3,EZR,CAV1,LMNA,TMOD1,DERL1,RPN1,MAPRE1,EIF6,TJP2,REEP5,GJA1,RAB3B_Nterm,RPN2,PXMP2,HSD17B11,CDK5RAP2,PRPH,IMPDH2,DENND6A,RPN2,CAMSAP2,TUBA4A,NUP50,UTP4,KRT19,DIRAS3,AARS2,GFAP,PANX1,TRIM36_Cterm,GJD3,PHB2,ACBD5,PXMP2,MARCKS_target,NUP155_Nterm,NDC80,VAPA,BCAP31,CDK5RAP2,KRT19,ELOVL5,TRIM36_Cterm,VIM,RPS6,PARP1,ZFPL1,FBL,KRAS_target,RPS20,NUP155_Cterm,PEX14,PDIA4,MAPRE1,TMOD1,MLLT4,GOLGA1,KRAS_target,RAB4A,CLIP1,DCTN2,CD3EAP,CLIP1,CDK5RAP2,KRT18,ACTR2,ASH2L,EZR,PTK2,C11orf52,C11orf52,MAPRE3,STIL,POLR2C,TUBA1A,NOP56,SEC61B_Nterm,LYN,EMD,COX4I1,COIL,STIM1,GJA1,OCLN
CDK5RAP2,CENPA,EPB41L4A_Cterm,ANK3,TMOD1,AARS2,SSR1,LNPK_Nterm,CENPA,DHFRL1,CTNNB1,DHX8,VCL,CTNNB1,TERF2IP,RAB4A,LAMTOR1_target_peptide,SEPT9,PFN1,ACTR1A,EIF6,HIST1H2BG,AMOT,TMOD1,Pxn,SERBP1,CEP135,HIST1H3A,CALR3,CENPA,POLR2C,LNPK_Cterm,GJA1,GOLGA1,AKAP1,PCM1,CDK5RAP2,HIST1H2BG,AKAP1,NIFK,C11orf52,ERGIC2,DIRAS3,ANAPC2,B3GAT1,GORASP1,PDIA4,VASP,Pxn,POLR1E,BORCS6,OCLN,KRT18,CCDC14,ANKFY1,UTP4,EPB41L4A_Cterm,LAMP1,ACTR2,EMD,LNPK_Nterm,GJD3,GOLGA2,ATP2A1,IMPDH2,RAB5C,NEFM,LMAN1,RPN1,ACTR1A,ATP2A1,DHX40,DDX23,EPB41L4A_Cterm,LAMP2,ERGIC1,ELOVL5,SERBP1,TJP2,POLR2C,ANAPC2,KRAS_Q61H,PANX1,KDM1A,FBL,PHB2,CDK5RAP2,PTK2,PEX3,STX6,MARCKS_target,LAMP3,ATP2A1,NUP155_Nterm,CXADR,COX4I1,MAPRE3,AP2B1,LYN_target,RAB3B_Nterm,KRAS_target,SSR1,SYNE3_Nterm,TUBA1A,LMNB1,ACTR1A,NUP155_Cterm,HSD17B11,ZYX,KIF2A,PRPH,VCL,LNPK_Nterm,NUP155_Cterm,TMOD1,DYNC1I2,COX8A_target,BCAP31,TRAP1,AKAP1_target,NIFK,TRAP1,AGPS,STX6,HNRNPA1,Pxn,TJP2,AKAP1_target,TMOD1,ACTR2,ZNF330_target,NUP50,FBL,PCM1,RPN2,AIFM1,AKAP1_target,STIM1,AGPS,NUP50,FLOT1,CALR3,TUBA4A,EPB41L4A_Cterm,VIM,GJD3,SV40_NLS,CAMSAP2,RPL31,CALR3,CLTA,HNRNPA1,SEPT10,ANK3,LAMP2,TUBB,AMOT,DCTN1,DHX8,LMAN1,CYP2C1_sigseq,EZR,LYN,SFXN1,AGPS,ACTR2,ANK3,TUBA1A,PRPH,KDM1A,CLTA,KRT18,DIRAS3,PARP1,PEX14,EZR,APEX1,CBX3,DDX23,KRAS_Q61H,GJD3,TJP2,CALR3,DERL1,LATS1,PHB2,SASS6,VASP,BORCS6,NIFK,RHOB,LRRC59_Cterm,MARCKS_target,NPM1,TJP2,HSD17B11,ZYX,LYN_target,ACTR2,RDX,HIST1H2BG,HSD17B11,LMNA,DDX23,TUBA1A,BCAP31,KRT8,VIM,LRRC59_Nterm,PCNT,DERL1,LAMTOR1,LATS1,HIST1H2BG,RAB3B_Nterm,AP2B1,NUP155_Cterm,POLR1E,TMOD1,TJP1,PTK2,NEFM,PDIA4,PRPH,NIFK,MAPRE1,ATG12,RAB5C,ANK3,LNPK_Nterm,MARCKS,HSD17B11,CAV1,KRT8,KRAS_Q61H,TERF2IP,CALU,PTK2,CAMSAP2,RPS6,PARD3,IMPDH2,AMOT,CYP2C1_sigseq,CAV1,NUP155_Nterm,RDX,CS,NEFM,VIM,STX7,CENPA,REEP5,CENPA,PDIA4,TRAP1,KRAS_Q61H,DDX23,EMD,ASH2L,GORASP1,TRIM36_Cterm,TJP2,AMOT,FLOT1,CYP2C9,UTP4,EIF6,ATP2A1,CLIP1,RAB4A,CDK5RAP2,MARCKS,HNRNPA1,C11orf52,CKAP4,POLR1E,LAMTOR1,FLOT1,FBL,CAV1,PAFAH1B1,ERGIC2,CYP2C9,DDX23,ZNF330_target,SV40_NLS,POLR1E,METTL7A,HSD3B7,MARCKS,DIRAS3,RAB5A,LMAN1,CTNNA1,VIM,CTNNB1,ACTR3,AP2B1,CXADR,NPM1,PCM1,RPN2,KIF2A,KDM1A,TUBB,PTK2,REEP5,AIFM1,NDC80,HIST1H2BG,GJA1,NUP155_Cterm,ACTR2,LMNB1,NDC80,TRIM36_Nterm,COX4I1,COX4I1,AKAP1,TUBA4A,CLTA,RDX,GJA1,CTNNB1,DCTN2,POLR1E,MAPRE3,LMNA,HNRNPA1,LMAN1,DCTN1,CAV1,SFXN1,ACTR2,HIST1H3A,RDX,LYN_target,ZNF330_target,ANK3,CCDC14,ZNF330_target,CS,TJP2,MARCKS,HIST1H2BG,CENPA,NIFK,COX4I1,HSD3B7,PARP1,RDX,HIST1H2BG,PDHA1,TRIM36_Nterm,ACTR1A,VCL,EMD,NCBP3,KRAS_target,LNPK_Nterm,DERL1,DENND6A,PCNT,PTK2,VASP,BORCS6,DENND6A,PARD3,CTNNA1,FLOT1,POLR2C,EIF6,APEX1,ATP2A1,NUP155_Nterm,GOLGA2,ANAPC2,BCAP31,PDHA1,AP2B1,PANX1,SQSTM1,PANX1,NUP50,RPN2,DERL1,ATG12,KRT8,LAMP2,TMPO,EZR,CTNNA1,KRAS_Q61H,LAMTOR1_target_peptide,PARP1,SEC62,LYN,HIST1H2BG,NDC80,KRT18,BORCS6,ACBD5,HNRNPA1,LYN_target,GORASP1,LAMP3,PDIA4,LYN_target,ACTR2,PEX3,MAPRE1,RPS20,HIST1H2BG,LAMP1,EMD,DCTN2,AKAP1_target,B3GAT1,MAPRE3,PAFAH1B1,NPM1,Pxn,ZNF330_target,SEC62,FBL,SFXN1,MARCKS,RPS24,GJA1,IMPDH2,CYP2C9,SFXN1,PTK2,AMOT,RPS24,ASH2L,SEPT9,NUP50,AP2B1,HSD3B7,PDIA4,HIST1H2BG,SFXN1,Pxn,BORCS6,GOLGA2,NDC80,VASP,STIM1,SEC61B_Nterm,AGPS,DYNC1I2,RAB2A,NPM1,PDHA1,STIM1,UTP4,UTP4,CYP2C9,LYN_target,IMPDH2,FLOT1,PXMP2,COIL,RPL31,DHX40,APEX1,ASF1A,RAB5A,HIST1H3A,RAB5A,OCLN,Pxn,STX4,PFN1,LNPK_Cterm,RAB3B_Nterm,RAB5C,C11orf52,PARP1,LAMTOR1_target_peptide,RPS24,SEC61B_Cterm,CCDC14,CD3EAP,NUP155_Nterm,AGPS,DERL1,HNRNPA1,RPN2,SYNE3_Cterm,EIF6,VAPA,HSD3B7,B3GAT1,RPN1,TRIM36_Nterm,ACTB,RAB5A,RPS24,ANKFY1,PDHA1,SQSTM1,DYNC1I2,LMNA,ERGIC1,RPS20,SYNE3_Nterm,PCM1
STX7,KRT8,RPN2,GJD3,GOLGA2,RAB3B_Nterm,HSD17B11,TRIM36_Nterm,RAB2A,PANX1,C11orf52,PARD3,CAMSAP2,ARF6,PARD3,DCTN2,SEPT10,ACTB,VASP,NUP50,RDX,VIM,SEPT9,RAB5A,PFN1,GJA1,LAMTOR1_target_peptide,COX4I1,RAB5C,REEP5,RPS20,SERBP1,SASS6,ZNF330_target,LAMTOR1,LRRC59_Nterm,B3GAT1,AGPS,LATS1,AARS2,CDK5RAP2,CYP2C1_sigseq,B3GAT1,RPS6,TJP2,PCM1,COX4I1,POLR1E,LMAN1,REEP5,KRAS_target,VAPA,ACTR1A,LMNB1,LCK,VIM,CAMSAP2,C11orf52,PRPF8,RPS20,LRRC59_Cterm,RPS20,ANAPC2,PCM1,ZNF330_target,LAMP1,BORCS6,RAB2A,PTK2,CALR3,EPB41L4A_Cterm,ANK3,RPN1,CDK5RAP2,RAB3B_Nterm,EMD,CYP2C1_sigseq,KRT8,RAB9A,SV40_NLS,ZNF330_target,SV40_NLS,TJP1,KRAS_target,LAMTOR1_target_peptide,NDC80,ACBD5,SV40_NLS,DHX40,ANK3,ATP2A1,SEC61B_Nterm,TUBA4A,CTNNA1,ERGIC1,NOP56,OCLN,SEPT10,PHB2,SEC61B_Nterm,HSD3B7,KRT8,CALR3,VASP,HIST1H2BG,CALR3,GJA1,ACTR2,EPB41L4A_Cterm,CTNNA1,RAB35,UTP4,RAB5A,CKAP4,VASP,CLTA,HIST1H2BG,RAB5C,PARP1,HIST1H2BG,KRT8,LRRC59_Nterm,EMD,PXMP2,RAB4A,SV40_NLS,NCBP3,KIF2A,PCM1,NUP155_Cterm,DDX23,ACTR1A,BCAP31,RAB5A,TUBA4A,TUBA4A,POLR1E,TUBA4A,BCAP31,KDM1A,LAMP1,GFAP,STX6,ATG12,SEPT9,VIM,KRT18,ZFPL1,RPS20,VIM,CTNNB1,ACTR2,SEC61B_Cterm,CTNNB1,DCTN1,TUBA1A,TJP2,FLOT1,SYNE3_Nterm,MARCKS,PRPH,NEFM,VIM,SYNE3_Cterm,PARP1,HSD3B7,CAMSAP2,PCM1,CTNNB1,ASF1A,STX4,MLLT4,RPS24,PCNT,CLTB,LAMTOR1_target_peptide,ATG12,KRAS_Q61H,TRIM36_Nterm,BCAP31,VAPA,LAMP2,NEFM,TERF2IP,TERF2IP,LAMTOR1_target_peptide,PHB2,RAB4A,MLLT4,B3GAT1,POLR2C,STIM1,TRIM36_Cterm,DHX40,PEX3,LMAN1,EPB41L4A_Cterm,ELOVL5,HIST1H3A,KRT8,SYNE3_Cterm,METTL7A,TERF2IP,NUP50,RAB9A,VAPA,GJD3,LATS1,CS,DYNC1I2,SFXN1,ANAPC2,NEFM,RAB35,ASH2L,RPN2,CAMSAP2,NUP50,DHFRL1,CLTA,VASP,TERF2IP,BORCS6,POLR2C,NUP155_Nterm,CYP2C9,GORASP1,DDX23,ACTR2,PARP1,POLR1E,AKAP1,PARD3,NDC80,RPN2,NPM1,LATS1,LRRC59_Cterm,GORASP1,PANX1,STX7,FBL,TRIM36_Cterm,MARCKS_target,POLR1E,COIL,LYN_target,KIF2A,APEX1,VASP,LAMP3,ZNF330_target,CXADR,IMPDH2,TUBB,VAPA,MAPRE3,ARF6,ZYX,TUBA1A,PXMP2,POLR1E,EMD,DHX8,LMAN1,CLTA,PANX1,CTNNB1,ACBD5,ERGIC2,HIST1H2BG,SSR1,RDX,CALU,TUBA4A,SEPT10,DDX23,DYNC1I2,NPM1,CYP2C9,Pxn,NCBP3,APEX1,BCAP31,TUBA1A,GORASP1,HSD17B11,ASF1A,GOLGA2,TMPO,RPN2,DENND6A,STX7,SEC61B_Cterm,LCK,PRPH,POLR1E,MLLT4,TRIM36_Nterm,POLR2C,GJA1,RPL31,LRRC59_Nterm,MAPRE3,ZNF330_target,MLLT4,FBL,AP2B1,ERGIC1,RHOB,SYNE3_Nterm,TUBA1A,MARCKS_target,SEPT9,NUP50,SV40_NLS,VCL,KIF2A,HIST1H3A,RPN1,RAB4A,HIST1H2BG,TMPO,RPL31,RAB2A,DHX8,ATP2A1,EIF6,SEPT10,LCK,RPS20,KRAS_Q61H,NCBP3,MLLT4,CLTA,GFAP,CALU,Pxn,APEX1,APEX1,NUP155_Cterm,ACTR2,VCL,EZR,STX4,METTL7A,LMNB1,ANK3,STX4,SEC62,DHFRL1,VASP,CS,TUBB,LAMP1,CCDC14,RPS20,OCLN,STIM1,ELOVL5,EMD,PXMP2,Pxn,RDX,RPS20,TJP1,CXADR,PANX1,NDC80,ATP2A1,ACTR1A,STIM1,RAB35,LMNA,DDX23,TUBA1A,EZR,CTNNB1,LRRC59_Cterm,BCAP31,LCK,ACTR2,RDX,CLTB,PHB2,KRT19,PDIA4,HSD3B7,NOP56,PEX14,NUP50,SERBP1,STX7,NDC80,ASH2L,COIL,EBAG9,VCL,LNPK_Cterm,CBX3,Pxn,PFN1,RPN2,PTK2,ZNF330_target,TJP2,C11orf52,DHX40,DENND6A,C11orf52,RAB9A,FBL,STX7,CS,ANK3,NIFK,DERL1,EZR,AGPS,LMNB1,PARD3,ACTR1A,KRAS_Q61H,KRT8,ERGIC1,EBAG9,TRIM36_Cterm,SERBP1,LATS1,DDX23,ACTR2,PDIA4,LNPK_Cterm,ASH2L,HSD17B11,VCL,MAPRE1,PAFAH1B1,RAB35,PARD3,REEP5,NOP56,ZNF330_target,DYNC1I2,GJD3,TERF2IP,ACTR3,LMNA,ANK3,SQSTM1,AMOT,VASP,EIF6,PRPF8,VASP,KRT18,CYP2C1_sigseq,ZYX,CKAP4,PHB2,SYNE3_Nterm,BCAP31,CS,PANX1,APEX1,LAMP3,NDC80,DCTN1,LAMP3,RAB2A,AP2B1,AMOT,NEFM,RAB5A,BCAP31,MLLT4,SQSTM1,TUBA1A,PTK2,CS,REEP5,CLTA,CLTB,PXMP2,POLR2C,ACTR2,AARS2,EBAG9,PEX14,COX4I1,TRIM36_Cterm,GJA1,ACTB,LAMP2,GJA1,UTP4,SQSTM1,PCM1,MAPRE1,TRIM36_Nterm,LNPK_Cterm,RPS24,GJD3,COIL,CTNNB1,METTL7A,KDM1A,PARD3,PXMP2,KRAS_Q61H
STIM1,CYP2C9,PAFAH1B1,CAV1,ACTR3,EZR,PFN1,PHB2,MLLT4,CYP2C9,PCM1,SYNE3_Cterm,SYNE3_Cterm,POLR2C,VIM,TMPO,STIM1,MLLT4,AARS2,NDC80,AIFM1,CKAP4,PXMP2,CLTB,ACTR1A,CLIP1,SEPT9,AIFM1,MARCKS_target,VASP,CALR3,CKAP4,PHB2,GORASP1,DHX8,PANX1,LMAN1,CLTA,C11orf52,CS,DHX8,ERGIC1,SEC61B_Cterm,TERF2IP,AIFM1,TERF2IP,SFXN1,STX7,MAPRE3,NPM1,HSD3B7,POLR1E,COX8A_target,NUP50,PAFAH1B1,GFAP,LCK,DENND6A,SSR1,ANK3,EIF6,TUBB,RPN1,MARCKS_target,DERL1,PRPH,KDM1A,PARD3,VIM,PRPF8,RPN2,GOLGA2,AGPS,NCBP3,ACTR3,KDM1A,ACTB,PFN1,UTP4,RAB5A,PCM1,COX8A_target,LNPK_Nterm,UTP4,PRPF8,AGPS,STX7,FBL,NIFK,BCAP31,LCK,TMPO,GOLGA2,DHX40,CTNNB1,HNRNPA1,NPM1,RPS20,PCNT,EIF6,LAMTOR1_target_peptide,CYP2C1_sigseq,RPS20,MLLT4,LMAN1,REEP5,ASH2L,RPN1,TMPO,RAB4A,PCNT,SYNE3_Cterm,TMPO,KRAS_Q61H,CD3EAP,MLLT4,C11orf52,HSD17B11,MARCKS,TUBB,AGPS,MAPRE3,HNRNPA1,CYP2C9,EPB41L4A_Cterm,NIFK,TRIM36_Nterm,ATG12,CCDC14,DCTN2,ARF6,TRIM36_Nterm,PANX1,CTNNB1,RPS24,STX7,HSD17B11,CDK5RAP2,RHOB,GJD3,SEPT10,DDX23,NCBP3,HIST1H3A,DCTN1,SEC61B_Nterm,COX4I1,DYNC1I2,DYNC1I2,ERGIC2,STX4,POLR2C,DYNC1I2,PRPF8,REEP5,SASS6,APEX1,HSD17B11,AIFM1,DHX8,MAPRE1,ASF1A,ACTR1A,CBX3,IMPDH2,PDIA4,PFN1,DIRAS3,CENPA,ATP2A1,RAB5A,VASP,CXADR,TMOD1,TUBA1A,RPS20,PDHA1,RPN1,EIF6,TUBA1A,TMPO,RAB2A,PDIA4,DCTN2,LMNA,ATG12,NOP56,MAPRE3,GORASP1,ACTR1A,TUBA1A,TUBB,LAMP1,CTNNA1,ACBD5,RPN2,KRAS_target,ASH2L,PCNT,CALR3,EBAG9,LMNA,KIF2A,CS,CCDC14,TRIM36_Nterm,KRT19,NCBP3,FLOT1,PDIA4,DCTN1,SEC62,LRRC59_Cterm,NEFM,LYN,PTK2,DHFRL1,HNRNPA1,SEPT9,FLOT1,HSD3B7,RAB11A,VAPA,PANX1,PEX14,COX4I1,ACTB,CS,RAB35,TMPO,RAB2A,CLTB,B3GAT1,TUBA1A,SYNE3_Cterm,CALR3,PCM1,CKAP4,NUP155_Cterm,RAB35,NEFM,ACTR2,CLTB,DHFRL1,ATG12,LMNB1,CAV1,MAPRE3,NDC80,ACTR3,MLLT4,RAB5C,SFXN1,B3GAT1,AGPS,RAB3B_Nterm,POLR1E,STIL,DHX40,ASF1A,LMNA,GOLGA1,STIM1,FLOT1,NUP155_Nterm,NEFM,LYN,ERGIC1,BCAP31,CENPA,ARF6,ASF1A,NUP155_Nterm,TUBA1A,PEX14,OCLN,CLTA,GORASP1,DYNC1I2,TRIM36_Nterm,RAB9A,CS,REEP5,PCNT,LAMTOR1_target_peptide,KRT19,PTK2,PEX3,CENPA,PHB2,SQSTM1,SEPT10,MARCKS_target,SQSTM1,PARP1,RAB2A,ATP2A1,RAB9A,LAMTOR1_target_peptide,DIRAS3,LMNB1,ZNF330_target,RPS6,UTP4,DIRAS3,DERL1,PARD3,SSR1,SSR1,LMAN1,IMPDH2,SASS6,EZR,SEC61B_Nterm,SEC61B_Cterm,SEC61B_Cterm,LNPK_Nterm,AKAP1_target,TUBA4A,LMAN1,CLIP1,IMPDH2,MARCKS_target,LATS1,FBL,MARCKS,CALR3,RAB35,CKAP4,B3GAT1,PARD3,KRT19,LNPK_Cterm,ELOVL5,NPM1,STX6,PANX1,LAMP3,PDHA1,TRIM36_Cterm,HIST1H3A,AKAP1,AIFM1,STIL,DCTN1,PDHA1,KRAS_target,GFAP,MAPRE3,RAB2A,NDC80,NPM1,RPN2,ASF1A,CTNNB1,DDX23,ACTR1A,NPM1,ATP2A1,TRAP1,METTL7A,GORASP1,LAMP3,TERF2IP,SV40_NLS,LMAN1,LRRC59_Cterm,PAFAH1B1,PRPF8,DCTN2,CBX3,ANKFY1,RAB4A,SEC61B_Cterm,STX4,RAB5A,ASH2L,ARF6,PARP1,CDK5RAP2,RAB9A,ATP2A1,HIST1H2BG,BCAP31,IMPDH2,GJD3,DHX40,RAB11A,PHB2,PARD3,POLR1E,AKAP1_target,LAMTOR1_target_peptide,HIST1H3A,CS,POLR2C,ELOVL5,KRAS_target,KRT19,GOLGA1,TJP1,CTNNB1,MAPRE3,STX7,DHX8,HNRNPA1,ZNF330_target,CLIP1,ERGIC2,LNPK_Cterm,HIST1H3A,LAMP1,RPL31,KRT8,TRAP1,CALU,DIRAS3,TUBA1A,LNPK_Nterm,PTK2,CKAP4,HIST1H2BG,LMAN1,EMD,LYN_target,HSD3B7,TMOD1,DYNC1I2,TUBA4A,DIRAS3,COX8A_target,STX6,AIFM1,KRT18,LAMP2,PRPF8,OCLN,CLTA,DENND6A,LAMTOR1,AKAP1,KIF2A,ASF1A,CKAP4,CEP135,UTP4,RAB9A,PRPH,OCLN,TMOD1,EIF6,CKAP4,CBX3,VAPA,NUP155_Nterm,VIM,ACTR3,RDX,TRIM36_Cterm,EBAG9,AKAP1_target,SSR1,AMOT,DCTN1,ZNF330_target,COIL,CXADR,LCK,CTNNA1,STIM1,PDHA1,REEP5,IMPDH2,RPS24,SQSTM1,PHB2,LRRC59_Cterm,NPM1,HSD3B7,VAPA,GOLGA2,PCM1,ZYX,ZFPL1,ZYX,VCL,HNRNPA1,RPN2,DENND6A,SASS6,NIFK,COX4I1,SSR1,TMOD1,KRAS_Q61H,ERGIC1,HIST1H2BG,SSR1,SSR1,LNPK_Nterm,AP2B1,LATS1,LMNB1,COX4I1,LMNA,TJP1,PCM1,RAB3B_Nterm,NEFM,NEFM
AARS2,CLTA,CD3EAP,RAB3B_Nterm,LAMP3,NOP56,AP2B1,LATS1,SQSTM1,DHX8,ATP2A1,AARS2,PARP1,CENPA,RHOB,ERGIC2,HNRNPA1,MAPRE1,CKAP4,LMNB1,NUP155_Nterm,ARF6,HSD3B7,TUBB,CDK5RAP2,REEP5,GJD3,FBL,CAMSAP2,NEFM,PAFAH1B1,B3GAT1,AP2B1,ANK3,CALR3,Pxn,RPS6,PAFAH1B1,NIFK,SEC62,UTP4,PCNT,ACTR3,NUP155_Cterm,HSD3B7,EMD,RAB3B_Nterm,EIF6,LCK,EPB41L4A_Cterm,UTP4,HIST1H2BG,DYNC1I2,CS,MARCKS,RAB9A,TJP2,CYP2C9,KDM1A,LATS1,GOLGA2,ATG12,TRAP1,SV40_NLS,RPS20,POLR2C,KRAS_Q61H,PARP1,CALR3,SSR1,DCTN1,RPS6,LMAN1,NPM1,LMAN1,SQSTM1,KRAS_target,SASS6,DDX23,METTL7A,DIRAS3,GFAP,ZYX,LAMP3,VASP,ATG12,MARCKS,BCAP31,SQSTM1,EIF6,RAB4A,SYNE3_Nterm,PANX1,VCL,B3GAT1,KRAS_target,METTL7A,STIL,CALU,SASS6,AARS2,DHX8,CALU,LAMTOR1,TMPO,RAB9A,LAMTOR1_target_peptide,SEC61B_Cterm,RAB35,AKAP1,GJA1,CCDC14,SASS6,LATS1,RPN1,HIST1H3A,LMNB1,NCBP3,ASF1A,LRRC59_Nterm,NUP50,RDX,AKAP1_target,CKAP4,CLTA,KRAS_target,LYN,LRRC59_Cterm,PEX14,COX4I1,TJP2,PANX1,TUBA4A,SERBP1,GFAP,KRAS_target,STIL,RPL31,PARP1,CTNNB1,C11orf52,METTL7A,NIFK,VIM,SQSTM1,CYP2C9,NDC80,ACTB,AKAP1_target,LNPK_Cterm,SYNE3_Nterm,EZR,IMPDH2,CLTB,PEX3,LAMP1,PARD3,CLTB,DCTN2,IMPDH2,MLLT4,LRRC59_Cterm,KRT8,DCTN2,NUP155_Nterm,LAMP3,RAB5A,RAB5C,PARP1,PCNT,LYN,RPN1,CKAP4,DHX8,HSD17B11,ACTR3,METTL7A,MAPRE3,AGPS,PCM1,NUP155_Nterm,FLOT1,EMD,ATP2A1,METTL7A,BORCS6,FBL,GOLGA1,RHOB,RAB4A,BORCS6,DCTN2,PCM1,HSD3B7,RPL31,UTP4,CLTB,HSD3B7,DDX23,ANAPC2,STX7,EBAG9,CEP135,ANAPC2,HSD3B7,KRT8,CLIP1,LAMTOR1,SEPT9,LAMP3,VASP,TRIM36_Nterm,KRT8,RPS6,KDM1A,Pxn,PANX1,RPN2,NUP50,MARCKS,AKAP1_target,TRIM36_Cterm,KRAS_Q61H,ZNF330_target,MARCKS_target,PEX3,CD3EAP,GOLGA1,NCBP3,PCNT,PCM1,SASS6,VCL,TRAP1,METTL7A,DHX40,KRT19,AARS2,APEX1,COIL,METTL7A,LMNA,CTNNA1,SEPT10,TJP2,ELOVL5,POLR2C,EZR,TRAP1,AP2B1,SEC61B_Cterm,AGPS,PEX14,SERBP1,CXADR,VCL,NUP155_Nterm,RDX,LCK,LAMP1,VIM,RPS20,LNPK_Cterm,STIL,PEX14,RAB3B_Nterm,TMOD1,GJA1,DHFRL1,PDHA1,ELOVL5,CTNNB1,SYNE3_Cterm,SQSTM1,PHB2,CS,PFN1,RAB3B_Nterm,NEFM,PRPH,CLIP1,STIL,HNRNPA1,LAMTOR1_target_peptide,CS,AKAP1_target,ZFPL1,SASS6,STIM1,DYNC1I2,CLTB,STIM1,GOLGA1,EZR,RPN2,GOLGA2,HIST1H2BG,DDX23,CS,KIF2A,PCM1,CYP2C1_sigseq,CD3EAP,PDHA1,IMPDH2,HNRNPA1,KIF2A,GOLGA2,SEC62,BORCS6,ATP2A1,MLLT4,AIFM1,NIFK,SSR1,RAB9A,RPN2,VIM,SYNE3_Nterm,HNRNPA1,LAMTOR1,ACTR1A,CD3EAP,VCL,SEC62,NIFK,SERBP1,CALU,RAB3B_Nterm,NCBP3,EIF6,CALR3,LYN,SERBP1,LNPK_Nterm,CALU,RAB35,TUBA4A,SEC62,FBL,ANK3,CD3EAP,CALU,DIRAS3,AKAP1,SV40_NLS,AMOT,LRRC59_Nterm,TUBA4A,RAB3B_Nterm,BORCS6,PAFAH1B1,COX4I1,ATP2A1,TUBB,B3GAT1,TUBB,RAB4A,REEP5,ANK3,TERF2IP,STIL,NCBP3,MLLT4,STIL,POLR2C,MAPRE1,ATG12,LAMP3,PRPF8,SEC62,TJP2,TRIM36_Cterm,LAMP3,ACBD5,AKAP1_target,KRT19,NCBP3,SFXN1,ANKFY1,HSD17B11,LNPK_Nterm,NEFM,LAMP1,LYN_target,GJA1,ANAPC2,PAFAH1B1,DIRAS3,CALU,TUBA4A,PDHA1,CYP2C9,ACTB,FLOT1,EZR,BCAP31,KRT18,HIST1H3A,TUBA4A,CTNNB1,CALU,DENND6A,DCTN1,RPS6,SV40_NLS,CKAP4,LMNB1,CD3EAP,EPB41L4A_Cterm,CTNNA1,STIM1,DENND6A,COX8A_target,ACTR1A,KRT18,CALR3,ZNF330_target,ASH2L,PEX3,LAMP1,COX8A_target,FBL,TRAP1,REEP5,DHX40,CTNNA1,MLLT4,GOLGA2,LRRC59_Cterm,ERGIC2,KIF2A,ACTR3,CLIP1,PTK2,PCM1,VCL,RPN1,SEC62,CYP2C1_sigseq,CENPA,SQSTM1,TUBA1A,EZR,MAPRE1,LAMP3,AMOT,CAV1,LATS1,RAB4A,CBX3,LMAN1,RPN1,SSR1,RPL31,ANK3,POLR1E,SEC61B_Cterm,RAB35,CLTB,PCM1,STX6,NUP155_Nterm,VASP,HSD17B11,DHFRL1,RAB5A,GOLGA1,DDX23,RAB9A,EZR,NIFK,LAMTOR1,CAV1,CLTA,LCK,UTP4,ACTB,POLR2C,RAB11A,RDX,HNRNPA1,RPS20,CCDC14,HNRNPA1,PRPF8,NUP155_Cterm,RHOB,SYNE3_Cterm,REEP5,LNPK_Nterm,CTNNB1,TJP1,MARCKS,STIM1,CLTA,DENND6A,RHOB,EIF6,ARF6,HIST1H2BG,ATP2A1,EMD,EPB41L4A_Cterm,GOLGA2,KRT8,PEX3,AP2B1,CD3EAP,HSD3B7
GJA1,KRT18,CAMSAP2,RPL31,NUP155_Nterm,LNPK_Nterm,PARP1,CD3EAP,CYP2C9,LATS1,LAMTOR1,VAPA,LAMTOR1,STX7,GJA1,LAMP1,RDX,METTL7A,ELOVL5,CENPA,GOLGA1,RPN1,PARP1,DHX40,LAMP1,GJD3,TRAP1,PTK2,ACTR2,ASF1A,TJP2,Pxn,ARF6,TMOD1,ERGIC2,DHFRL1,LNPK_Cterm,CAV1,CS,RAB2A,CENPA,ACTR1A,PDIA4,LRRC59_Nterm,AMOT,DCTN2,AKAP1,LRRC59_Nterm,AMOT,VCL,MLLT4,RPS24,TRIM36_Cterm,PFN1,CALU,SERBP1,COIL,AP2B1,CEP135,TRIM36_Cterm,CXADR,GJA1,HIST1H3A,CALU,RHOB,ANK3,COX4I1,POLR1E,PAFAH1B1,SEPT9,ANKFY1,ACTB,LAMP3,MLLT4,LRRC59_Cterm,SYNE3_Nterm,ERGIC1,TUBB,ATP2A1,LMNA,PFN1,TRIM36_Cterm,EZR,LAMTOR1_target_peptide,TJP2,LAMP1,VCL,SEPT10,C11orf52,KRAS_target,NUP155_Cterm,SEPT10,AGPS,GOLGA2,RAB5A,DDX23,PANX1,COX4I1,ASH2L,TUBA4A,NDC80,ATG12,ERGIC1,TJP1,KRT18,ERGIC1,HIST1H2BG,LCK,NIFK,TJP2,LNPK_Cterm,GFAP,AMOT,ACTB,STX7,CBX3,GFAP,RDX,SV40_NLS,APEX1,PRPF8,EIF6,PEX3,AP2B1,B3GAT1,ANKFY1,CDK5RAP2,LAMP2,ZYX,DHFRL1,LMNA,ANAPC2,TERF2IP,CYP2C1_sigseq,HSD3B7,RAB5A,PCNT,CBX3,DYNC1I2,FLOT1,KRT18,PDIA4,EMD,RAB11A,TMOD1,STX4,SQSTM1,ANKFY1,HIST1H2BG,STIM1,SEPT9,RAB4A,RPS20,DCTN1,FBL,EIF6,TUBB,LAMTOR1,LAMTOR1_target_peptide,ACTR3,ATP2A1,SYNE3_Nterm,RAB3B_Nterm,LAMP3,PEX3,SFXN1,PDHA1,NIFK,KRT19,ERGIC2,PXMP2,CD3EAP,RPS20,SSR1,NUP155_Cterm,KRT18,KDM1A,DENND6A,CS,DCTN1,KRAS_Q61H,TUBA4A,CALU,RAB11A,KDM1A,PRPH,ARF6,ANKFY1,COIL,CTNNB1,TJP2,NUP50,ZFPL1,PHB2,STIM1,KDM1A,ZNF330_target,LAMTOR1,ZYX,DHFRL1,CENPA,DERL1,LAMTOR1,KRAS_Q61H,METTL7A,ASF1A,ACTR1A,LMAN1,ACTB,PTK2,LNPK_Cterm,ASH2L,LYN_target,PHB2,PRPH,ARF6,LAMP1,LRRC59_Cterm,SYNE3_Cterm,ATP2A1,NEFM,DCTN1,NCBP3,SYNE3_Nterm,RPS6,ASH2L,TMPO,SYNE3_Cterm,BCAP31,METTL7A,DENND6A,RHOB,AKAP1,MARCKS,PRPF8,DIRAS3,LRRC59_Cterm,DENND6A,ANK3,PHB2,TRIM36_Nterm,PARD3,ASF1A,CKAP4,DENND6A,ZFPL1,CALR3,POLR1E,SASS6,TRAP1,COIL,MAPRE1,TUBA4A,DCTN2,STX7,LYN_target,B3GAT1,CKAP4,NCBP3,KDM1A,UTP4,TJP2,SYNE3_Cterm,ACTB,CYP2C1_sigseq,ARF6,LAMP1,NIFK,SEC61B_Nterm,ACBD5,RPS24,RPN2,BORCS6,BCAP31,DERL1,POLR2C,HNRNPA1,STX7,SSR1,VIM,PCM1,POLR1E,DYNC1I2,SASS6,GJA1,SQSTM1,CYP2C1_sigseq,CAMSAP2,LRRC59_Cterm,RPS24,PCM1,KDM1A,LAMTOR1,RPN1,DDX23,ATP2A1,VCL,NOP56,BORCS6,HSD3B7,TRAP1,RPS24,RHOB,EBAG9,PARP1,DCTN1,ACBD5,EBAG9,TJP1,DCTN1,COIL,FLOT1,FBL,GJA1,LRRC59_Cterm,KRAS_Q61H,AMOT,LAMTOR1,PTK2,SASS6,OCLN,SEPT10,CTNNA1,ACTR2,CAV1,SEPT10,OCLN,RAB4A,EPB41L4A_Cterm,PCM1,MAPRE3,DYNC1I2,NPM1,ZYX,PEX14,TRAP1,STX4,AKAP1_target,PRPH,TERF2IP,TJP1,DHX8,PFN1,EBAG9,B3GAT1,LRRC59_Cterm,RPN1,DHFRL1,SEC61B_Cterm,CEP135,RPS20,EIF6,SEC61B_Cterm,METTL7A,TJP1,EMD,DHFRL1,NDC80,LAMP1,EPB41L4A_Cterm,TMPO,RAB5C,LAMTOR1,HIST1H2BG,LMNA,LAMTOR1_target_peptide,CENPA,AMOT,CYP2C1_sigseq,CD3EAP,LRRC59_Nterm,PRPF8,NEFM,DHFRL1,TJP2,TUBA4A,CDK5RAP2,RAB5A,VAPA,NUP155_Cterm,DCTN1,VIM,CXADR,CXADR,LNPK_Cterm,CALR3,NUP50,ZNF330_target,LAMP3,SEC62,EPB41L4A_Cterm,NOP56,PRPF8,GJA1,RPS24,NPM1,CEP135,APEX1,RAB11A,RAB35,PRPF8,RAB5C,TRIM36_Cterm,SYNE3_Cterm,ACTR1A,PEX3,COIL,RAB35,LMNA,CD3EAP,PCM1,PARD3,ACTB,PXMP2,BCAP31,NOP56,ERGIC2,EBAG9,VAPA,NIFK,AMOT,CLTB,RAB9A,ERGIC2,CTNNB1,CLTA,B3GAT1,REEP5,RDX,RPS20,NIFK,NPM1,ACTB,LNPK_Nterm,PANX1,ACBD5,ARF6,ACTB,ACBD5,DIRAS3,COIL,IMPDH2,PDHA1,CALR3,NCBP3,TRAP1,RPN1,KRT8,KIF2A,ERGIC1,KRAS_target,GJD3,REEP5,ASH2L,CAV1,PRPH,ACTB,CTNNB1,TUBB,VIM,ERGIC1,CD3EAP,LRRC59_Cterm,RPS20,AKAP1,AGPS,CYP2C1_sigseq,ASF1A,PANX1,TERF2IP,NPM1,ASF1A,ACTR3,SV40_NLS,PARP1,EBAG9,KRT8,ATP2A1,LAMP2,SQSTM1,LYN_target,STIM1,KRAS_Q61H,PARP1,SV40_NLS,SERBP1,ASF1A,POLR2C,OCLN,CAV1,NUP155_Cterm,KRT8,ERGIC1,TRIM36_Nterm,RPN2,LATS1,MAPRE1,ELOVL5,TMOD1,DYNC1I2,MARCKS,PHB2,DENND6A,PDIA4,RPN2,POLR1E,SEPT9,ACBD5,ASF1A,PARP1
MARCKS_target,LMNB1,MARCKS_target,RAB4A,MARCKS,RDX,KRAS_Q61H,SEPT9,DHX40,RPN1,CLTB,SEPT9,LAMP3,CDK5RAP2,CENPA,ERGIC1,CLIP1,CDK5RAP2,RAB11A,TRIM36_Nterm,FBL,LAMP1,ANK3,MAPRE1,FLOT1,VCL,CTNNA1,RPS6,PEX14,BORCS6,LATS1,EZR,COIL,RAB5A,MARCKS_target,KDM1A,GJD3,ERGIC2,RAB4A,NOP56,EMD,LAMTOR1,HIST1H2BG,ZYX,PAFAH1B1,KIF2A,CALR3,DCTN2,ERGIC1,FBL,RAB3B_Nterm,ARF6,KRAS_target,SEC61B_Nterm,SEPT10,LMAN1,CKAP4,FLOT1,OCLN,PHB2,GJA1,NDC80,RAB3B_Nterm,PRPH,ACTR3,ACTR2,RPS6,ZYX,CALU,STX6,EBAG9,VIM,CKAP4,AARS2,UTP4,ACTR3,LAMTOR1,CALR3,RPS24,NUP155_Cterm,SV40_NLS,EBAG9,ZNF330_target,LMNA,PFN1,PARP1,CYP2C1_sigseq,KRAS_target,RPS6,PTK2,AGPS,TUBA4A,LAMP2,LAMP2,ASF1A,AARS2,EMD,LMNB1,MAPRE3,TMOD1,TJP2,LRRC59_Nterm,COIL,AMOT,COX8A_target,COX4I1,FLOT1,SYNE3_Nterm,UTP4,LNPK_Cterm,DERL1,LMNA,SSR1,GORASP1,CDK5RAP2,ACTR2,VCL,GFAP,LMAN1,SEC61B_Cterm,MAPRE1,CLTA,CALR3,DIRAS3,ZFPL1,ATG12,NIFK,SEC62,LCK,ERGIC1,TRIM36_Nterm,VASP,CAMSAP2,SYNE3_Cterm,VIM,RPS24,CEP135,LCK,TERF2IP,LNPK_Cterm,ERGIC1,HSD17B11,AKAP1_target,CTNNB1,HIST1H3A,RPS20,HIST1H2BG,METTL7A,DDX23,TUBA1A,TRIM36_Cterm,VCL,CKAP4,SYNE3_Cterm,ANKFY1,SYNE3_Cterm,TJP1,RPN2,VASP,ZYX,RHOB,LMNB1,NOP56,RAB9A,ZNF330_target,IMPDH2,DCTN2,DENND6A,EPB41L4A_Cterm,HSD17B11,LAMTOR1_target_peptide,CYP2C9,PARD3,RPN1,MAPRE1,TRIM36_Cterm,EBAG9,DYNC1I2,ATG12,PEX3,POLR1E,PHB2,SYNE3_Nterm,IMPDH2,OCLN,COX4I1,AMOT,ZYX,VAPA,ACTR2,ANK3,CAMSAP2,LNPK_Nterm,DYNC1I2,RPS24,RAB11A,TRAP1,RAB11A,LNPK_Cterm,ELOVL5,NPM1,ACTR3,SEC61B_Nterm,DYNC1I2,SERBP1,NUP155_Nterm,PCNT,LAMP3,C11orf52,AKAP1,TUBA4A,LNPK_Cterm,MAPRE3,CKAP4,CALR3,TRIM36_Nterm,EPB41L4A_Cterm,TMPO,RAB3B_Nterm,AMOT,DYNC1I2,DCTN2,LMNB1,CEP135,STIL,ACTR3,MARCKS_target,ERGIC2,GOLGA2,AGPS,RPL31,AGPS,DIRAS3,CS,PDHA1,KDM1A,KRAS_target,APEX1,RPS6,METTL7A,FLOT1,CTNNA1,HSD17B11,CD3EAP,TRAP1,MARCKS,GJA1,ATG12,ANK3,COIL,CYP2C9,TRAP1,SEPT10,ZNF330_target,NOP56,GFAP,LMAN1,COX8A_target,CAMSAP2,UTP4,AARS2,DDX23,NUP155_Nterm,CALU,DHFRL1,C11orf52,HIST1H3A,REEP5,SEPT10,PANX1,CALU,KRT18,PARP1,CLTB,PEX3,LMNA,AMOT,ZYX,CBX3,GFAP,SEPT9,SEC62,KRT19,TJP1,CLIP1,STIM1,CLIP1,SSR1,CLIP1,RAB5C,RPN1,TUBA1A,RAB3B_Nterm,KDM1A,ACBD5,TUBA1A,MLLT4,AARS2,ARF6,CLTB,STX7,PTK2,LAMTOR1,STIL,DDX23,LYN,VIM,METTL7A,EBAG9,RAB2A,LCK,NPM1,LRRC59_Nterm,NUP155_Cterm,POLR2C,NOP56,ACTR3,CAV1,FLOT1,TJP1,NEFM,CDK5RAP2,ZNF330_target,METTL7A,TRIM36_Cterm,ATP2A1,PDIA4,NPM1,RAB11A,STX6,LYN,CTNNB1,CALU,PEX14,TMOD1,GOLGA1,SV40_NLS,AIFM1,REEP5,ACBD5,LMNB1,EZR,LMNA,BCAP31,COX4I1,ACTB,GFAP,CXADR,DCTN2,RAB9A,AKAP1_target,RAB3B_Nterm,LRRC59_Cterm,KRAS_Q61H,TUBA4A,ACTR2,TJP2,CTNNB1,KRAS_Q61H,MLLT4,CAMSAP2,NOP56,RAB9A,DHX40,SEPT9,TRIM36_Nterm,ARF6,MARCKS_target,CXADR,LAMP3,SV40_NLS,RPS20,ZNF330_target,EZR,GOLGA1,CYP2C1_sigseq,DYNC1I2,ZNF330_target,DERL1,DERL1,AKAP1_target,BORCS6,DCTN2,SEC61B_Nterm,RAB35,KRT18,BCAP31,VASP,LYN_target,PHB2,PFN1,RAB2A,LMNA,DHX8,PCM1,CKAP4,NCBP3,DCTN1,SEPT10,EIF6,PDHA1,ERGIC2,DHFRL1,CD3EAP,GFAP,B3GAT1,HSD3B7,TERF2IP,VCL,CLIP1,CLTA,ASH2L,CXADR,PEX14,LAMTOR1,VAPA,TUBA1A,LYN,CAV1,LYN_target,PHB2,PARP1,AP2B1,GORASP1,EIF6,CENPA,NUP155_Cterm,NPM1,MAPRE1,ATG12,PFN1,SEC62,SEPT9,DCTN1,KDM1A,LMAN1,PFN1,POLR2C,LCK,LAMP2,PEX14,GOLGA2,SYNE3_Cterm,TRIM36_Cterm,CALR3,ZYX,CS,NIFK,AMOT,LNPK_Nterm,ACBD5,APEX1,DHFRL1,LRRC59_Cterm,GOLGA2,EPB41L4A_Cterm,GJA1,LNPK_Nterm,SQSTM1,DCTN1,TRIM36_Cterm,CLIP1,REEP5,FLOT1,DHFRL1,VCL,VAPA,LYN,PEX3,PTK2,PEX3,COX8A_target,B3GAT1,LAMP2,SEPT10,LNPK_Nterm,VIM,STX6,ANK3,AMOT,CLIP1,CEP135,GJA1,NDC80,ZNF330_target,STIM1,LAMP3,C11orf52,CD3EAP,RPN1,STIM1,BCAP31,RPS20,LNPK_Cterm,DENND6A,RDX,STX6,NUP50,RAB3B_Nterm,VAPA,KRAS_Q61H,FLOT1,CXADR,AKAP1,GJD3,RAB5A,TERF2IP,RAB2A,ACTR3,TRIM36_Cterm
CLTA,EMD,TMPO,RPN1,CAMSAP2,LAMTOR1_target_peptide,MARCKS,LNPK_Cterm,FBL,CXADR,ACTR3,LYN_target,AKAP1_target,STIM1,MLLT4,EMD,SFXN1,TUBA4A,VCL,CAV1,MLLT4,RAB4A,LRRC59_Nterm,PEX3,ANAPC2,HNRNPA1,DHX40,OCLN,LMNA,EBAG9,TUBA1A,SEPT10,EMD,TUBA1A,GORASP1,RAB5A,CLIP1,RAB2A,ACTR1A,SEPT10,REEP5,VIM,DHX40,SEPT9,STX7,HSD17B11,PTK2,PCM1,DENND6A,STIM1,VIM,PFN1,PXMP2,LAMTOR1_target_peptide,CKAP4,PCM1,CLTA,STX7,NOP56,VIM,CLTA,RAB9A,PEX3,EPB41L4A_Cterm,ANK3,PDIA4,CD3EAP,PEX3,COX4I1,PAFAH1B1,DERL1,UTP4,SYNE3_Cterm,CALR3,LCK,NIFK,ATP2A1,Pxn,AKAP1_target,ASH2L,VIM,ACTB,DIRAS3,PRPH,LYN_target,APEX1,PDIA4,GJA1,PFN1,HSD17B11,PXMP2,RAB4A,SEPT9,PANX1,TJP1,RPS24,LAMP3,PARD3,RAB5C,NCBP3,ACBD5,CAV1,TUBB,CALR3,GJA1,KRT18,LYN_target,KRAS_target,RPS24,NDC80,OCLN,IMPDH2,SEPT10,LAMTOR1_target_peptide,LAMTOR1_target_peptide,ELOVL5,LAMP2,LAMTOR1,VCL,AP2B1,SEPT9,TMPO,ATP2A1,CLIP1,CALR3,ELOVL5,ANAPC2,APEX1,ACTB,NIFK,NCBP3,KDM1A,STX4,GOLGA2,PARP1,ZYX,NDC80,SQSTM1,TJP1,TRIM36_Nterm,PRPF8,FBL,LAMTOR1_target_peptide,ZNF330_target,SSR1,RAB3B_Nterm,ASF1A,RPL31,ANK3,NUP155_Nterm,TRIM36_Nterm,LAMTOR1_target_peptide,TRIM36_Cterm,FLOT1,TRIM36_Nterm,LNPK_Nterm,TERF2IP,ERGIC1,CBX3,CCDC14,REEP5,PFN1,TERF2IP,SEC61B_Cterm,TUBB,AMOT,RAB5C,CD3EAP,PCM1,Pxn,PCM1,DIRAS3,EPB41L4A_Cterm,PDHA1,LRRC59_Cterm,SSR1,AKAP1_target,VIM,NIFK,ERGIC2,PFN1,STIL,PARP1,MARCKS_target,CTNNB1,TMPO,Pxn,FBL,ANK3,NUP50,RAB9A,LYN_target,SEC62,RAB3B_Nterm,TUBB,CAMSAP2,RAB3B_Nterm,GJD3,CBX3,LYN_target,PANX1,AGPS,COX8A_target,EMD,LAMTOR1_target_peptide,POLR2C,OCLN,DHX40,UTP4,SEC61B_Cterm,TRIM36_Nterm,LRRC59_Nterm,RPN2,DDX23,NDC80,ERGIC1,OCLN,NOP56,ASF1A,DERL1,PCM1,PCM1,PANX1,ACTR1A,LMNB1,ANAPC2,TMOD1,CALU,METTL7A,GFAP,STX7,ASF1A,RPN1,RAB9A,POLR1E,MARCKS,PXMP2,RPL31,ERGIC1,LNPK_Cterm,CENPA,FLOT1,AP2B1,VIM,DCTN1,GOLGA1,MARCKS,LNPK_Nterm,RPN2,KRAS_target,ERGIC2,EPB41L4A_Cterm,LCK,ACTR2,DCTN2,LAMTOR1,LCK,HSD17B11,LRRC59_Cterm,MLLT4,LRRC59_Cterm,SEC62,SASS6,COX4I1,MARCKS_target,STX4,PHB2,FLOT1,CLIP1,LMNA,SEPT10,PCNT,UTP4,VAPA,TRIM36_Nterm,DERL1,GJD3,DCTN2,LRRC59_Nterm,OCLN,CTNNB1,Pxn,COX8A_target,AARS2,SEPT9,EIF6,DDX23,MAPRE3,APEX1,GJD3,ANK3,EMD,ACTB,CYP2C1_sigseq,MLLT4,LAMP2,SEC62,CENPA,HNRNPA1,PANX1,TUBA1A,RHOB,AKAP1_target,VAPA,LRRC59_Nterm,CTNNB1,DCTN2,TRIM36_Cterm,LYN,AP2B1,SEPT10,DHX8,DHX8,CTNNB1,C11orf52,GJD3,LCK,POLR2C,DDX23,PTK2,SSR1,RAB5C,LATS1,LAMTOR1,B3GAT1,RDX,TJP1,ACTR1A,TMOD1,KRT19,METTL7A,MAPRE1,CENPA,Pxn,NUP155_Nterm,ACTB,LAMP3,KRT18,RPN2,ZYX,EMD,NPM1,HIST1H3A,LRRC59_Nterm,ANK3,CLTA,MAPRE3,RDX,ZFPL1,PARP1,LCK,IMPDH2,STIM1,TRIM36_Nterm,NOP56,GJA1,MARCKS,TUBA1A,TMOD1,HIST1H2BG,ANK3,CBX3,PXMP2,TJP2,OCLN,KRAS_Q61H,GJA1,RAB35,DCTN2,ACTR2,SEPT10,BORCS6,PEX3,EPB41L4A_Cterm,EBAG9,RPN1,TRIM36_Cterm,POLR1E,RAB2A,NIFK,HSD3B7,LMAN1,EZR,MLLT4,ERGIC2,LNPK_Nterm,ERGIC2,TMPO,ZNF330_target,SASS6,CENPA,PEX3,BORCS6,RAB5A,RPN1,DENND6A,HSD3B7,LYN_target,DCTN1,DYNC1I2,BORCS6,CKAP4,HNRNPA1,BCAP31,AIFM1,NCBP3,AIFM1,STX4,CCDC14,ANAPC2,LYN_target,TMOD1,LAMTOR1_target_peptide,DERL1,TRIM36_Cterm,ANAPC2,KRAS_target,DDX23,CALU,VCL,TMOD1,SEC61B_Nterm,ACBD5,NUP50,RPN2,HNRNPA1,ZYX,KRT18,ELOVL5,CAV1,RPN2,STX4,LCK,LAMTOR1_target_peptide,ATG12,NPM1,CENPA,RPS6,KDM1A,RAB35,LCK,Pxn,AMOT,AGPS,AP2B1,RAB2A,HNRNPA1,LYN,DHX8,ASH2L,RPS20,PEX14,NPM1,PARP1,KRAS_Q61H,VASP,KRT8,LAMP3,CDK5RAP2,VASP,PCNT,CLTB,RAB9A,CCDC14,KRAS_target,PCM1,GORASP1,RAB2A,HNRNPA1,MLLT4,ACTR2,CS,KRAS_Q61H,ERGIC2,VAPA,RAB4A,PEX3,LCK,STIL,OCLN,TRAP1,DENND6A,ASF1A,MARCKS_target,TMOD1,RAB35,VASP,DDX23,KIF2A,ACTR1A,RPN1,SERBP1,CLTA,STIL,CDK5RAP2,ACTR1A,ATP2A1,PAFAH1B1,HIST1H3A,VCL,TUBB,SV40_NLS,NPM1,RAB35,SFXN1,POLR2C,RAB5A,VASP,B3GAT1,DCTN2
BORCS6,ARF6,ATP2A1,DHX40,FLOT1,NUP155_Nterm,ASF1A,APEX1,LAMP2,SV40_NLS,TUBA1A,Pxn,DCTN2,TRIM36_Cterm,PHB2,STIM1,POLR2C,CYP2C1_sigseq,MARCKS_target,PDIA4,POLR2C,EZR,IMPDH2,ACTR2,SQSTM1,OCLN,DENND6A,PAFAH1B1,LAMTOR1_target_peptide,SERBP1,CEP135,SEC61B_Cterm,GJD3,AIFM1,UTP4,GOLGA2,GJA1,RPN1,SV40_NLS,GJD3,VAPA,NDC80,PARP1,LYN,ACBD5,RPS6,SEPT9,ZFPL1,ASF1A,ACTR2,NDC80,SASS6,LYN_target,MARCKS_target,NPM1,TUBA4A,RAB5C,MARCKS,SEC61B_Nterm,MARCKS_target,LCK,RPN2,DHX8,TMOD1,NDC80,GOLGA2,PDIA4,AGPS,PHB2,AMOT,DENND6A,ATG12,SEC61B_Nterm,LAMP3,MAPRE1,PAFAH1B1,DERL1,DERL1,MLLT4,RHOB,AP2B1,STIL,DHX40,RPS6,KRAS_target,SERBP1,KRT18,REEP5,PXMP2,RAB2A,MLLT4,DCTN2,KRT18,RHOB,AP2B1,B3GAT1,SQSTM1,MARCKS_target,RPN1,STIL,EPB41L4A_Cterm,VASP,CKAP4,EMD,KRAS_target,RAB2A,GOLGA2,B3GAT1,TUBA1A,KRAS_Q61H,PANX1,DDX23,ATP2A1,EBAG9,STIM1,REEP5,VASP,SEC61B_Nterm,CLIP1,ARF6,CBX3,GFAP,DYNC1I2,VAPA,NEFM,NEFM,POLR2C,DENND6A,CBX3,DHX40,PEX14,PCNT,KRT18,UTP4,DHX40,OCLN,ATG12,PDHA1,SYNE3_Cterm,MAPRE1,COX8A_target,PARP1,LRRC59_Nterm,PARD3,LAMTOR1,ZFPL1,SASS6,TUBA1A,PAFAH1B1,KDM1A,MARCKS_target,SEPT9,GFAP,CALU,CKAP4,CTNNA1,Pxn,SQSTM1,PDHA1,HSD17B11,KRT19,LYN,CS,ARF6,RPN2,DCTN1,NOP56,MAPRE3,B3GAT1,PDIA4,AGPS,KRT19,VASP,SERBP1,MAPRE3,AARS2,AARS2,AMOT,LAMP3,SYNE3_Cterm,SQSTM1,GOLGA1,EPB41L4A_Cterm,ZFPL1,AMOT,SQSTM1,VCL,ZNF330_target,ASF1A,ACTB,TRIM36_Nterm,ERGIC2,PRPF8,LAMTOR1,LAMP3,SEC61B_Nterm,RAB5A,HNRNPA1,KRAS_Q61H,MAPRE1,ELOVL5,CTNNB1,ACTR2,COX8A_target,NIFK,CS,ACTR3,LYN_target,ZFPL1,AMOT,RAB11A,POLR2C,ANKFY1,TERF2IP,CAV1,SV40_NLS,TERF2IP,LMNB1,AKAP1,LAMP1,AARS2,TUBA1A,FLOT1,RPS6,MARCKS,RPS24,ANAPC2,GOLGA2,PARD3,AARS2,LMNB1,CEP135,SYNE3_Cterm,EZR,HIST1H2BG,GORASP1,PAFAH1B1,ATG12,SSR1,EPB41L4A_Cterm,C11orf52,MAPRE3,LMAN1,NCBP3,GORASP1,CD3EAP,LMAN1,RPS24,NUP155_Nterm,KRT19,PCNT,ACTR2,APEX1,SEC61B_Cterm,NDC80,AARS2,APEX1,PEX14,NPM1,REEP5,MARCKS,TUBB,CAV1,SEC61B_Nterm,STX6,DHX8,EBAG9,DDX23,GJA1,LRRC59_Cterm,SFXN1,SV40_NLS,RPS6,C11orf52,LAMP1,KRT8,CCDC14,AMOT,SEPT9,KRT8,AARS2,RAB11A,BCAP31,VASP,MARCKS,HIST1H2BG,VASP,RAB3B_Nterm,MAPRE1,ANKFY1,STX7,RAB35,ERGIC2,AP2B1,TRIM36_Cterm,EPB41L4A_Cterm,TMOD1,NUP50,AKAP1,AMOT,DHFRL1,LNPK_Cterm,DIRAS3,DHFRL1,APEX1,RAB2A,CTNNA1,LCK,LCK,C11orf52,DHX40,CKAP4,CTNNB1,GOLGA2,B3GAT1,CEP135,HSD17B11,TJP1,TMPO,UTP4,HNRNPA1,KRAS_target,PARD3,DIRAS3,COX4I1,TJP1,SEPT10,HNRNPA1,CYP2C1_sigseq,RPN2,PHB2,PAFAH1B1,SASS6,VIM,CYP2C9,CENPA,RAB11A,ZFPL1,NDC80,SYNE3_Cterm,CEP135,RAB9A,LNPK_Nterm,CS,GOLGA1,EMD,RAB3B_Nterm,PEX14,DHX8,TJP1,LAMP1,GJA1,DENND6A,LRRC59_Cterm,SYNE3_Nterm,MARCKS_target,IMPDH2,PCM1,CLTA,GOLGA2,CCDC14,TRIM36_Nterm,STIL,ACTB,KIF2A,C11orf52,STX7,TRIM36_Cterm,LAMTOR1,SEC61B_Nterm,PEX14,LATS1,EBAG9,PCNT,EIF6,CYP2C9,REEP5,LMAN1,SEC62,PCNT,DHFRL1,LATS1,AKAP1_target,PAFAH1B1,STX7,PEX3,STIL,ARF6,SEPT10,LCK,NIFK,KIF2A,CS,ELOVL5,DYNC1I2,SYNE3_Nterm,DCTN2,Pxn,GOLGA2,POLR2C,LMNA,PCNT,RPS6,NUP155_Nterm,CLTB,LNPK_Nterm,TUBA4A,PRPF8,ACBD5,MARCKS,EPB41L4A_Cterm,RHOB,TJP2,SEC61B_Nterm,ANKFY1,CXADR,LAMP1,GJD3,POLR2C,SEC61B_Nterm,LAMP2,RPS20,NEFM,SEPT10,PDIA4,ATG12,CKAP4,PARD3,CTNNA1,COIL,OCLN,PARP1,VASP,LAMP2,DERL1,CALU,KRAS_target,COX4I1,STIL,PCM1,RAB35,ANKFY1,CCDC14,ASF1A,LMNB1,CCDC14,NEFM,ERGIC1,FLOT1,COIL,CLTA,COX8A_target,AGPS,KRAS_Q61H,MAPRE3,RAB35,ATP2A1,AMOT,RAB5A,TMPO,ARF6,CEP135,ZNF330_target,AARS2,PFN1,CLTB,VIM,ACBD5,BORCS6,LNPK_Nterm,PDIA4,CAV1,PRPF8,CCDC14,RAB3B_Nterm,RPN1,STIL,COIL,CS,NDC80,CENPA,RAB5A,C11orf52,GJA1,RPN2,HSD17B11,POLR1E,RPS24,RHOB,KRAS_target,LAMP3,ASF1A,ZYX,KRT8,REEP5,MAPRE3,BCAP31,TMOD1,EBAG9,CEP135,CYP2C1_sigseq,COX8A_target,SFXN1,CTNNB1,LAMP3,SEPT9,ZYX,SYNE3_Cterm,SEPT9,MARCKS
PFN1,TRAP1,TUBA1A,DENND6A,PARP1,ATP2A1,MAPRE1,CLTB,SEPT9,RAB35,CS,ASH2L,EMD,CEP135,SEPT10,AP2B1,HSD17B11,POLR1E,KRAS_Q61H,AMOT,AGPS,MAPRE3,TJP1,EIF6,GFAP,COIL,RPN1,STX6,GORASP1,HSD3B7,ACTR1A,ELOVL5,RPS20,DCTN1,TJP2,ATG12,DCTN1,KRT18,HIST1H3A,EPB41L4A_Cterm,RPN2,DERL1,ATG12,HSD17B11,PHB2,RPN1,NUP155_Cterm,NPM1,LATS1,ERGIC2,SEC62,EIF6,AIFM1,PARD3,SERBP1,PXMP2,RAB3B_Nterm,LNPK_Cterm,RPN2,POLR2C,NUP155_Cterm,PXMP2,RPS24,PTK2,STX4,DDX23,CENPA,RPS24,DCTN1,EIF6,KRT19,TUBA4A,KRT8,RPL31,RAB4A,CYP2C1_sigseq,TUBA4A,KRT19,GJD3,SEC61B_Nterm,PEX3,CLTA,CLTA,GOLGA2,POLR2C,SFXN1,EZR,COX8A_target,KRAS_Q61H,TJP1,STIL,LAMTOR1_target_peptide,ZYX,ACTR2,DIRAS3,PRPH,ACBD5,RAB2A,EMD,PRPH,SEC61B_Nterm,NUP155_Nterm,LNPK_Nterm,CD3EAP,DDX23,KDM1A,GFAP,ERGIC2,AARS2,SEC62,RAB11A,VAPA,STIM1,KRT8,ERGIC2,CENPA,LMNA,RHOB,VIM,BCAP31,SFXN1,POLR2C,TRIM36_Nterm,TUBA4A,COX8A_target,ANK3,ANKFY1,ELOVL5,CDK5RAP2,VCL,NIFK,CAMSAP2,PRPH,NCBP3,ZNF330_target,SEC61B_Cterm,CALR3,DDX23,PFN1,PFN1,DHFRL1,SEPT10,CBX3,ATP2A1,LCK,LAMTOR1_target_peptide,TUBA1A,DHX40,EIF6,KRT8,OCLN,METTL7A,TJP2,DHFRL1,LRRC59_Cterm,LCK,DIRAS3,MLLT4,RPS24,NDC80,TERF2IP,DIRAS3,COX4I1,CLIP1,ELOVL5,PARD3,NPM1,EPB41L4A_Cterm,COX4I1,PCM1,CBX3,ATG12,DCTN2,FLOT1,DDX23,CTNNB1,PAFAH1B1,ZFPL1,LCK,METTL7A,AGPS,NPM1,TRAP1,CENPA,KRAS_target,RAB4A,CLIP1,CKAP4,EMD,RAB3B_Nterm,SEPT9,NUP155_Cterm,PDHA1,POLR1E,POLR1E,EMD,PDIA4,COX4I1,SERBP1,PARP1,KRAS_Q61H,RPS20,CLIP1,NEFM,COX4I1,RPL31,RAB5C,RAB5C,ANK3,RAB2A,METTL7A,ACTR1A,STX7,ARF6,PTK2,MAPRE3,RPN2,CLIP1,PHB2,HIST1H3A,TUBA1A,AP2B1,PARP1,RPS24,TMOD1,PDHA1,KRT8,TUBA1A,GOLGA1,CALR3,CXADR,ACTR2,CALR3,GJD3,RPL31,PEX3,RDX,LRRC59_Nterm,MAPRE1,TMOD1,PCNT,PEX14,SEPT10,BCAP31,MARCKS_target,DCTN1,CLTA,LRRC59_Cterm,STX6,METTL7A,RPN2,RAB5A,AMOT,RDX,KRT8,NPM1,TRIM36_Nterm,LRRC59_Nterm,CCDC14,VASP,KRT19,ASF1A,DERL1,RPL31,CLTA,CTNNA1,CTNNA1,VASP,HSD3B7,DIRAS3,STX7,KRT8,PDHA1,STX4,COIL,TMPO,LNPK_Nterm,PEX3,ACTB,ZYX,KRT19,HIST1H3A,UTP4,OCLN,KRT18,CEP135,SEC61B_Nterm,ARF6,HSD17B11,CYP2C9,TRIM36_Cterm,LAMTOR1_target_peptide,UTP4,MLLT4,TRIM36_Nterm,SYNE3_Nterm,OCLN,AMOT,FLOT1,PARD3,LNPK_Nterm,OCLN,CALR3,EZR,STX7,EZR,PCM1,LATS1,PANX1,PTK2,CALU,RDX,COX8A_target,FBL,TUBA1A,HNRNPA1,PXMP2,MARCKS,CBX3,RAB9A,NUP50,SFXN1,PDHA1,AKAP1,KRT18,AIFM1,NEFM,HIST1H2BG,PANX1,RPN1,CTNNB1,RHOB,DHFRL1,STIL,C11orf52,NUP50,HIST1H3A,FBL,LAMTOR1_target_peptide,RHOB,CALR3,TRIM36_Cterm,EZR,DDX23,SEC61B_Cterm,CTNNA1,IMPDH2,RAB5A,GFAP,STIL,TMOD1,RAB4A,RPN1,PANX1,AARS2,AKAP1,ELOVL5,LAMP1,DCTN2,FBL,LNPK_Cterm,PDIA4,ASF1A,TUBA4A,DIRAS3,PCNT,KRAS_target,PEX14,HIST1H3A,SASS6,COX8A_target,MARCKS,KDM1A,NUP155_Nterm,RAB3B_Nterm,NCBP3,MAPRE3,ANK3,DHFRL1,RDX,CKAP4,STX4,ERGIC1,PEX14,ZFPL1,DENND6A,LMNB1,TJP1,NDC80,VASP,LMNB1,SV40_NLS,NUP50,AKAP1_target,SEC61B_Nterm,MAPRE3,ASF1A,LNPK_Nterm,LAMTOR1,VCL,RPN1,MLLT4,PEX3,LNPK_Nterm,GJD3,ANK3,CAV1,NDC80,KRT8,PANX1,CYP2C1_sigseq,VCL,KDM1A,SASS6,RPL31,VIM,HSD3B7,LAMTOR1_target_peptide,TMOD1,C11orf52,RPN1,CLIP1,EZR,PEX14,TERF2IP,ACTR2,HSD17B11,ATP2A1,PRPH,ACTB,POLR1E,ELOVL5,LYN_target,LYN,COX4I1,CLTB,STIM1,CALU,CS,VASP,NUP50,RPS20,RPS6,PDIA4,DDX23,CAV1,CLIP1,SEPT10,REEP5,PEX14,NDC80,MAPRE3,NUP155_Nterm,SEC61B_Cterm,DHX40,PTK2,AIFM1,SEPT10,DHX40,MARCKS_target,REEP5,EMD,RDX,BCAP31,SEC61B_Cterm,LMNB1,SERBP1,VAPA,LAMP2,NEFM,LMNA,PEX14,SEC62,KRAS_target,CDK5RAP2,TRIM36_Cterm,ELOVL5,DHX40,CAV1,MAPRE3,GOLGA1,CS,SYNE3_Nterm,CLIP1,STIL,HIST1H3A,CALU,NDC80,SV40_NLS,SEC61B_Cterm,GOLGA2,PDHA1,Pxn,ACBD5,LMAN1,GFAP,IMPDH2,ATG12,HNRNPA1,CLTA,EZR,ACTR1A,RPN1,PDHA1,UTP4,NUP50,PDIA4,CALU,TUBA4A,PDHA1
ATG12,GFAP,TRIM36_Nterm,ARF6,SEPT10,LMNA,VASP,STX6,PARD3,SERBP1,CYP2C1_sigseq,LAMTOR1,AKAP1,NPM1,SEC61B_Nterm,RPS6,TMPO,SQSTM1,TERF2IP,SYNE3_Cterm,COX4I1,CLTA,RAB11A,REEP5,AP2B1,NIFK,PDHA1,LMAN1,LRRC59_Cterm,TRIM36_Nterm,GJA1,CLTB,HSD17B11,ATG12,ELOVL5,PFN1,VASP,ATG12,HIST1H2BG,PDHA1,SEPT10,RDX,CKAP4,MARCKS_target,CAV1,COIL,NOP56,PCNT,SFXN1,ZNF330_target,METTL7A,ERGIC2,SERBP1,DYNC1I2,POLR2C,MLLT4,ACTR2,ANKFY1,RPS6,CENPA,EBAG9,KIF2A,CEP135,BORCS6,TRAP1,PCM1,SQSTM1,BORCS6,RAB9A,NUP155_Cterm,CD3EAP,ANKFY1,CEP135,LATS1,COIL,CS,PXMP2,TJP2,TMPO,ERGIC2,ANKFY1,CEP135,UTP4,CS,GORASP1,PAFAH1B1,ASH2L,RAB5A,ERGIC1,VAPA,ARF6,TMOD1,HIST1H2BG,TUBA1A,STX4,RPS20,LAMP2,SSR1,EIF6,HSD17B11,POLR2C,UTP4,VCL,ATG12,LATS1,STX4,SV40_NLS,AP2B1,NUP50,PARD3,CD3EAP,EMD,ERGIC1,VCL,DIRAS3,CD3EAP,RPS24,PRPH,SSR1,LAMP2,ANK3,CTNNB1,ERGIC2,DHX40,CD3EAP,MARCKS,SYNE3_Nterm,GJD3,LMNB1,CLTA,PARD3,CYP2C9,POLR2C,TJP2,LMNA,GORASP1,LYN,NCBP3,KDM1A,AP2B1,CALR3,LMAN1,EBAG9,ARF6,MAPRE3,REEP5,VCL,LAMTOR1_target_peptide,GORASP1,EZR,ACTR1A,RPS6,MAPRE1,NIFK,DHFRL1,POLR1E,LRRC59_Cterm,LMNA,SEPT10,COIL,LAMTOR1_target_peptide,SV40_NLS,IMPDH2,KRAS_target,STIM1,AIFM1,HSD17B11,CYP2C1_sigseq,DHX40,RAB5C,TMPO,ARF6,KIF2A,MAPRE1,TERF2IP,KRAS_target,CTNNB1,DHX40,RAB9A,PRPH,RAB3B_Nterm,STIM1,STIL,ACTR1A,NUP50,C11orf52,RAB35,SASS6,LNPK_Nterm,TJP1,RAB4A,ZNF330_target,VASP,SV40_NLS,EMD,CALU,TUBA4A,KRAS_target,CALU,ERGIC1,ZYX,CYP2C1_sigseq,EMD,MARCKS_target,DHX8,LAMTOR1,REEP5,ZNF330_target,PCM1,HNRNPA1,RPL31,AIFM1,MARCKS_target,GJA1,DIRAS3,ATG12,PTK2,ZNF330_target,GJD3,ASF1A,ZYX,LNPK_Cterm,NUP155_Cterm,AGPS,LNPK_Nterm,APEX1,TUBA4A,IMPDH2,RPN1,RAB2A,APEX1,COIL,AIFM1,ELOVL5,LAMTOR1,CKAP4,TERF2IP,NCBP3,LNPK_Nterm,PARP1,ACBD5,CENPA,SEC61B_Cterm,DCTN1,PARD3,ASF1A,STIM1,B3GAT1,HIST1H3A,KIF2A,EMD,HIST1H2BG,SEC61B_Cterm,CYP2C9,TRIM36_Nterm,PANX1,HNRNPA1,LNPK_Cterm,SYNE3_Cterm,PCM1,CKAP4,ANAPC2,CCDC14,CCDC14,AARS2,BORCS6,KRT18,DHX8,ERGIC1,RAB5A,EMD,FLOT1,ANAPC2,ACTR2,VCL,PEX3,FBL,VASP,ATP2A1,TJP2,HIST1H2BG,PEX14,VASP,CALR3,ZFPL1,TMOD1,LNPK_Cterm,EPB41L4A_Cterm,CKAP4,RAB2A,CS,DHX40,DHX8,SEPT10,ACTR1A,RHOB,CTNNA1,RPS24,STX6,CLIP1,LAMTOR1_target_peptide,AMOT,CTNNA1,KRT18,ARF6,CAV1,STIL,CYP2C9,RAB3B_Nterm,HIST1H3A,BCAP31,KRT18,PCM1,AKAP1,DHX40,LMNB1,LMNB1,SEPT9,ELOVL5,EPB41L4A_Cterm,RHOB,SEPT9,PAFAH1B1,KRT19,PEX14,PARD3,LAMP3,DCTN2,NUP155_Nterm,SASS6,CEP135,LAMP1,VCL,MAPRE3,RAB9A,TRIM36_Cterm,CKAP4,NDC80,SSR1,CBX3,RAB5A,RAB5C,ERGIC1,RAB2A,ZYX,CYP2C9,LCK,SFXN1,METTL7A,SYNE3_Nterm,NOP56,REEP5,SSR1,ACTR1A,KRT18,KRT18,SEC62,CALR3,PRPH,CAV1,NUP50,EZR,MARCKS,LNPK_Cterm,PCM1,PRPF8,PRPH,PTK2,RAB11A,NOP56,LMNB1,CENPA,PARD3,EIF6,PDIA4,ASF1A,B3GAT1,KDM1A,HSD3B7,FLOT1,CALU,TERF2IP,EIF6,GOLGA1,SYNE3_Cterm,C11orf52,SEPT9,VIM,ASH2L,EBAG9,NPM1,AP2B1,HIST1H2BG,SYNE3_Nterm,LYN,EIF6,GOLGA1,SQSTM1,NUP50,TMOD1,ZYX,LCK,RAB35,DDX23,BORCS6,RAB2A,PRPH,EBAG9,STIL,AMOT,LMNB1,LNPK_Cterm,RPN1,SEPT9,NPM1,RDX,TUBB,PRPH,CS,ASF1A,CLIP1,POLR1E,OCLN,LAMTOR1,AMOT,ASH2L,COX4I1,STX4,PFN1,FBL,CEP135,COX8A_target,EBAG9,BORCS6,RAB5C,RAB4A,TMPO,ANKFY1,LAMP3,Pxn,DYNC1I2,C11orf52,NPM1,GOLGA1,PFN1,DIRAS3,SQSTM1,ANKFY1,LAMTOR1_target_peptide,LNPK_Cterm,CALR3,SEC61B_Nterm,BCAP31,STX6,LCK,BCAP31,COIL,METTL7A,STX4,RAB5C,CYP2C1_sigseq,ZNF330_target,RPS6,RAB2A,CEP135,RHOB,SSR1,ZNF330_target,CAV1,KRT18,ERGIC2,TUBA1A,RAB35,SERBP1,OCLN,ACBD5,PRPH,DIRAS3,PXMP2,RPS20,PARD3,PEX3,PRPH,PEX3,KRAS_target,CBX3,FBL,REEP5,CLTA,CXADR,ASH2L,AMOT,DCTN2,AKAP1_target,RAB5A,AP2B1,METTL7A,POLR2C,SEC61B_Nterm,KRT18,RAB5C,MAPRE1,DERL1,SEPT9,CLTB,RPS20,NDC80,NDC80,CENPA,NIFK
DCTN1,DENND6A,PXMP2,CCDC14,MAPRE3,ANKFY1,ACTR1A,ANAPC2,KRT8,ANKFY1,VCL,POLR2C,HNRNPA1,AIFM1,B3GAT1,CXADR,RAB11A,PTK2,CAMSAP2,CS,PEX14,TUBA4A,VIM,AP2B1,CBX3,RAB9A,CD3EAP,SYNE3_Nterm,CKAP4,LAMTOR1_target_peptide,CALU,KRAS_Q61H,AIFM1,VIM,ASH2L,CBX3,RAB3B_Nterm,AP2B1,ERGIC2,GJA1,VASP,PRPF8,GORASP1,CYP2C1_sigseq,MARCKS,RAB4A,TMOD1,TMPO,MAPRE1,NUP155_Nterm,Pxn,HSD3B7,PARD3,DCTN2,OCLN,GORASP1,GOLGA1,SYNE3_Cterm,CTNNB1,ATP2A1,HSD3B7,VASP,VAPA,DDX23,STX6,RAB35,CYP2C9,PRPF8,MLLT4,RAB9A,RAB4A,TJP1,PDHA1,TUBA1A,ATP2A1,VIM,DHX8,AGPS,HNRNPA1,ATP2A1,GOLGA2,POLR1E,PRPH,STIL,FLOT1,HNRNPA1,DIRAS3,TERF2IP,GJA1,DCTN1,CAV1,DERL1,LAMTOR1,LAMP3,LYN,GORASP1,DERL1,AARS2,UTP4,AARS2,GOLGA2,PCM1,ARF6,SEC61B_Nterm,ACTB,CDK5RAP2,COIL,VAPA,PRPF8,RPN2,RAB4A,TERF2IP,PRPF8,AMOT,TUBA4A,KRT18,CLTA,VIM,DCTN2,DYNC1I2,AKAP1,MARCKS_target,RAB5A,RPL31,ANKFY1,AGPS,TUBA4A,ZFPL1,RAB4A,ZYX,LAMTOR1_target_peptide,ACBD5,SFXN1,ERGIC2,PHB2,ZFPL1,PTK2,KDM1A,LATS1,IMPDH2,TUBA1A,STX7,CDK5RAP2,CLTB,HNRNPA1,NUP50,PRPF8,ZNF330_target,SQSTM1,MAPRE1,PCNT,BCAP31,MAPRE3,CEP135,NEFM,CTNNB1,LAMP2,EPB41L4A_Cterm,TJP1,NUP155_Nterm,SFXN1,DCTN1,GOLGA2,SSR1,APEX1,VAPA,BORCS6,CBX3,ZFPL1,RDX,STIM1,NUP50,RAB35,KIF2A,TRIM36_Nterm,NCBP3,LRRC59_Nterm,ACTR2,CKAP4,SYNE3_Nterm,PCM1,SFXN1,KRT8,SFXN1,ZYX,PANX1,RPL31,Pxn,COX8A_target,AKAP1_target,TMPO,TJP2,ARF6,STX4,STIL,RPS20,EIF6,NUP155_Cterm,KRAS_target,BCAP31,TUBA4A,MAPRE1,COIL,SERBP1,RAB5A,RPN1,PARD3,SFXN1,MARCKS_target,ATG12,TMOD1,NOP56,AIFM1,LYN,RPL31,PARP1,MAPRE3,SEPT9,PRPH,AKAP1_target,AP2B1,NPM1,CLTA,HNRNPA1,VIM,TRAP1,PAFAH1B1,ELOVL5,RAB5A,CTNNA1,LRRC59_Cterm,HIST1H3A,RAB9A,ARF6,ACBD5,PXMP2,ERGIC2,LCK,EBAG9,Pxn,LAMTOR1,HNRNPA1,LCK,PDHA1,ACBD5,AKAP1_target,ANAPC2,LAMTOR1,COX8A_target,EBAG9,TUBB,PDIA4,CALR3,SEC61B_Nterm,CLTA,NUP155_Nterm,PANX1,ASH2L,DDX23,PXMP2,NUP155_Cterm,STX6,IMPDH2,LCK,DDX23,TUBB,SYNE3_Cterm,CYP2C9,EBAG9,RAB4A,CENPA,MARCKS_target,ATG12,VCL,PRPH,LNPK_Cterm,STX4,PARP1,SEC61B_Nterm,KRT19,TJP1,AGPS,LNPK_Nterm,ACTR1A,LMNA,OCLN,VCL,EBAG9,ANAPC2,TJP1,CCDC14,PEX14,SEC62,KRAS_target,RAB35,ASH2L,ERGIC2,DERL1,HSD17B11,NIFK,HSD3B7,LAMP1,RAB5C,HIST1H3A,GJA1,RAB4A,AKAP1,HSD3B7,EIF6,ACBD5,SQSTM1,COX4I1,GJA1,EMD,KRT18,AARS2,CEP135,NUP155_Nterm,TRAP1,HSD17B11,TJP1,STX7,RAB4A,MLLT4,ATG12,CALU,NIFK,PCNT,NEFM,RAB9A,ACBD5,ATP2A1,LAMTOR1,AP2B1,AKAP1_target,RDX,ARF6,CYP2C1_sigseq,RAB35,RPS6,KDM1A,MARCKS,SYNE3_Nterm,LAMP3,SV40_NLS,TMOD1,CALU,CYP2C1_sigseq,AGPS,PHB2,EIF6,TMPO,SQSTM1,CLIP1,TMPO,CDK5RAP2,SFXN1,FLOT1,HSD17B11,SASS6,ACTB,STX7,SFXN1,RAB3B_Nterm,KRT19,PDIA4,RAB35,AARS2,TJP2,ACTR1A,NOP56,TUBA1A,CLTB,CAV1,COX8A_target,BORCS6,VCL,LNPK_Nterm,ATG12,ELOVL5,CCDC14,PARD3,TJP2,B3GAT1,UTP4,LCK,KDM1A,TRIM36_Cterm,TMPO,MAPRE1,ACTB,ACTR1A,ANKFY1,FLOT1,ATP2A1,TMPO,NOP56,AMOT,LATS1,TRIM36_Cterm,STX7,DHX8,DERL1,KIF2A,UTP4,RAB5A,SSR1,HSD17B11,OCLN,RHOB,CEP135,COIL,DERL1,CYP2C9,SERBP1,DCTN1,SYNE3_Nterm,RAB35,CLTB,EMD,SEC61B_Cterm,BORCS6,DHFRL1,KRAS_Q61H,LATS1,ACTR1A,SEC61B_Nterm,TMPO,NPM1,SEPT10,AIFM1,FLOT1,CALR3,HIST1H2BG,SEC61B_Cterm,METTL7A,LMAN1,CLIP1,STX6,PTK2,DCTN2,RPS6,ARF6,PARD3,BORCS6,ACBD5,AGPS,ACTR2,KRAS_Q61H,ANAPC2,CTNNA1,RPL31,ATP2A1,COX8A_target,TUBA1A,CEP135,DERL1,PARD3,CALR3,NUP155_Nterm,RHOB,RPS20,ARF6,STX4,TUBB,CAV1,TJP2,AKAP1,MARCKS,ELOVL5,PARD3,SQSTM1,PANX1,STIL,ZYX,AGPS,CS,VCL,PCM1,GJD3,DCTN1,LAMTOR1,PARD3,RAB35,NUP155_Nterm,SYNE3_Cterm,KRAS_Q61H,HSD3B7,VAPA,DIRAS3,RAB4A,TJP2,LAMP1,HIST1H3A,PFN1,PARP1,CDK5RAP2,ASF1A,VAPA,ANK3,AKAP1,BORCS6,PXMP2,PARP1,EPB41L4A_Cterm,HSD17B11,SSR1,CLTB,OCLN,EMD
RAB2A,RAB9A,ARF6,ATG12,REEP5,MLLT4,LMNB1,PARD3,HNRNPA1,SSR1,LAMTOR1_target_peptide,DENND6A,RDX,PRPF8,ZFPL1,PEX14,DIRAS3,RPL31,MARCKS,BCAP31,KIF2A,EBAG9,RAB5C,RPS20,PAFAH1B1,RAB5C,APEX1,DHFRL1,DHFRL1,CTNNB1,SASS6,TERF2IP,SEC61B_Nterm,NOP56,LATS1,METTL7A,AARS2,PEX3,HSD17B11,ACBD5,TRAP1,NUP50,DDX23,TJP2,ERGIC2,CALR3,SSR1,PDIA4,TRIM36_Nterm,ASF1A,CAMSAP2,RAB11A,DDX23,ATG12,PEX14,SEC61B_Cterm,LAMP3,ANK3,AARS2,REEP5,TUBA4A,RAB5C,ZYX,POLR1E,DENND6A,DHX8,SEPT9,DYNC1I2,RAB5C,ZYX,SFXN1,CLIP1,DHX40,TMOD1,SV40_NLS,RAB35,PEX14,LAMP1,LRRC59_Nterm,RAB3B_Nterm,MARCKS_target,METTL7A,EPB41L4A_Cterm,CLIP1,TUBA4A,PXMP2,ERGIC1,DCTN1,LAMTOR1,DIRAS3,HSD3B7,APEX1,LAMP1,FLOT1,DHFRL1,NDC80,DIRAS3,TUBA1A,CD3EAP,LAMTOR1,PARP1,RDX,PRPF8,GORASP1,PARP1,PRPH,DYNC1I2,LNPK_Nterm,APEX1,AARS2,TERF2IP,KRAS_target,NDC80,POLR2C,ELOVL5,GJA1,AP2B1,GJA1,PARD3,TRIM36_Nterm,AIFM1,ACTR1A,CS,PTK2,IMPDH2,LRRC59_Cterm,Pxn,AARS2,AARS2,ATG12,GORASP1,CTNNB1,VASP,SEPT10,ANK3,SYNE3_Nterm,SV40_NLS,RAB2A,DERL1,LMAN1,APEX1,CEP135,AIFM1,PDHA1,TJP1,DERL1,RAB5C,LAMP2,CALU,UTP4,ATG12,C11orf52,CCDC14,EZR,TJP1,GORASP1,VAPA,CKAP4,LAMTOR1,AMOT,CALR3,DYNC1I2,VCL,DIRAS3,HSD3B7,HSD17B11,ANKFY1,SEC61B_Cterm,PEX3,SEPT10,KRT8,LNPK_Nterm,ANK3,EBAG9,RAB11A,HNRNPA1,IMPDH2,EMD,EZR,LMAN1,GOLGA2,TERF2IP,RAB35,GFAP,LAMP1,SEC61B_Nterm,FLOT1,TJP1,PARD3,COX8A_target,ZNF330_target,AKAP1_target,ERGIC1,ACTR2,LATS1,NIFK,MAPRE1,PCNT,DCTN1,C11orf52,TUBB,GOLGA2,EZR,CALU,RDX,CTNNA1,TRIM36_Nterm,HNRNPA1,ASH2L,TUBA1A,B3GAT1,NUP155_Cterm,LMNB1,MARCKS,LMNA,LRRC59_Nterm,PHB2,PCNT,GOLGA1,EIF6,DENND6A,CLIP1,IMPDH2,GJA1,AGPS,LAMP1,CYP2C9,NEFM,NUP50,RAB9A,VAPA,HSD3B7,TMPO,STX7,TMPO,NCBP3,LMNA,PARP1,REEP5,NIFK,LMNB1,B3GAT1,RPL31,AKAP1,AGPS,DCTN2,TJP2,RAB5A,LAMP1,PDIA4,TRAP1,MARCKS,TMOD1,ZYX,VCL,CENPA,COIL,CALU,DYNC1I2,CCDC14,AMOT,PDIA4,ANAPC2,KIF2A,NIFK,HSD3B7,RPN2,SEC61B_Cterm,AARS2,MARCKS_target,HNRNPA1,MAPRE1,DENND6A,SFXN1,AIFM1,LRRC59_Cterm,UTP4,NCBP3,MAPRE3,METTL7A,PTK2,ACTR2,CDK5RAP2,RAB4A,ANKFY1,STX7,HIST1H2BG,TUBA1A,PXMP2,LYN,RAB5A,ANK3,AARS2,HSD17B11,RHOB,AMOT,HSD17B11,TUBA4A,CALR3,AKAP1_target,RAB2A,ACTB,RAB11A,CDK5RAP2,SEPT10,LCK,Pxn,VASP,RPS24,UTP4,KIF2A,ANK3,APEX1,NPM1,RPS20,RPS6,GORASP1,CEP135,CTNNA1,ANAPC2,CLTA,SV40_NLS,POLR1E,HSD17B11,TUBA1A,RAB2A,MAPRE3,MARCKS,RAB35,RDX,ACTR2,TMOD1,RPS20,RPN2,PCM1,RAB4A,VAPA,DHX8,RAB5A,PDHA1,SFXN1,LYN,ATG12,PHB2,AP2B1,AGPS,NOP56,RAB5C,RAB3B_Nterm,PCNT,VCL,TMOD1,LCK,CBX3,SERBP1,LRRC59_Nterm,GOLGA1,LATS1,DHFRL1,ATP2A1,ASF1A,ERGIC1,ACBD5,NEFM,B3GAT1,ATP2A1,PHB2,ANK3,ELOVL5,MARCKS_target,BCAP31,PTK2,HSD17B11,KIF2A,CCDC14,SEC61B_Cterm,CALR3,CD3EAP,KDM1A,ERGIC2,SFXN1,TRAP1,SERBP1,DERL1,NDC80,ZYX,ANK3,SEPT9,CDK5RAP2,CD3EAP,LATS1,PAFAH1B1,CD3EAP,EBAG9,CYP2C9,NOP56,RAB5C,DERL1,EPB41L4A_Cterm,SYNE3_Nterm,AKAP1,KRAS_target,PCNT,LAMTOR1_target_peptide,RAB5A,CALR3,HIST1H2BG,EZR,ANKFY1,NOP56,TRIM36_Cterm,ASF1A,EZR,TUBB,ERGIC2,ACTB,PTK2,LATS1,DERL1,CD3EAP,Pxn,RAB4A,POLR2C,PCM1,VIM,LAMP3,LAMP1,HNRNPA1,UTP4,SEC61B_Cterm,EZR,TJP2,RAB3B_Nterm,SEPT9,GJA1,IMPDH2,LRRC59_Cterm,RAB35,LMNB1,RPL31,MARCKS,ACTR3,LAMTOR1,HSD3B7,LATS1,COX8A_target,LAMP2,STX6,RAB35,PAFAH1B1,FBL,FLOT1,AKAP1,HIST1H2BG,ARF6,METTL7A,ASF1A,CD3EAP,EMD,ATG12,HIST1H3A,ARF6,PDIA4,CBX3,COX4I1,SEPT10,FLOT1,CXADR,KRT8,MARCKS,DIRAS3,MAPRE3,STX6,GJD3,PCM1,TJP1,SEC62,GOLGA2,PDHA1,PTK2,PAFAH1B1,DCTN2,AKAP1,SEC61B_Nterm,PARD3,CCDC14,TRIM36_Cterm,HSD17B11,TUBA4A,PEX3,PARD3,CALR3,LRRC59_Nterm,CTNNA1,AKAP1_target,RAB35,POLR2C,EPB41L4A_Cterm,Pxn,LNPK_Cterm,ACBD5,AP2B1,Pxn,ERGIC1,ASH2L,DCTN1,SERBP1,LAMP3,LATS1,LAMP1
GORASP1,FBL,NUP155_Cterm,DERL1,STX4,PDHA1,NCBP3,DERL1,AP2B1,LRRC59_Cterm,GFAP,LNPK_Nterm,ACTR2,MAPRE3,CALU,RAB5C,GOLGA1,PFN1,NOP56,ACTR3,GJA1,KRT19,TJP2,LNPK_Cterm,SFXN1,LAMTOR1_target_peptide,LATS1,SASS6,RAB5A,GOLGA1,GFAP,CCDC14,NOP56,AP2B1,PHB2,TJP1,SEC62,KRAS_Q61H,GJA1,DENND6A,ACTR3,PXMP2,SEC61B_Nterm,POLR2C,TERF2IP,ATG12,EBAG9,SFXN1,VIM,DDX23,PCM1,ANAPC2,DHX8,HNRNPA1,STIM1,RPS20,SFXN1,EIF6,HIST1H2BG,CTNNA1,SASS6,ZNF330_target,NCBP3,UTP4,LYN,ACBD5,RPN1,HSD3B7,METTL7A,TRIM36_Nterm,GORASP1,PCNT,PRPH,LNPK_Cterm,CCDC14,RPS24,NUP155_Cterm,RPS24,ELOVL5,CTNNA1,COX8A_target,LNPK_Nterm,CTNNB1,PTK2,EZR,KIF2A,ZFPL1,KIF2A,AMOT,MAPRE1,MARCKS,NPM1,DERL1,VIM,VIM,RAB5A,ERGIC1,ASF1A,VAPA,ELOVL5,HIST1H2BG,ATP2A1,KRAS_Q61H,CCDC14,MAPRE3,RAB5A,SFXN1,STX6,NUP155_Nterm,LAMP2,CLTB,DHFRL1,HSD3B7,PCM1,HSD17B11,MAPRE1,RAB2A,SEPT9,REEP5,DCTN2,OCLN,POLR1E,RAB4A,CLTA,NUP155_Nterm,AP2B1,C11orf52,METTL7A,NIFK,EMD,PANX1,NIFK,Pxn,RAB35,LAMP3,DIRAS3,ACTR3,MARCKS_target,PAFAH1B1,HIST1H3A,ACTB,LRRC59_Nterm,RHOB,HNRNPA1,EBAG9,SYNE3_Cterm,PDIA4,KDM1A,PARP1,ZFPL1,DHX40,DIRAS3,UTP4,ACTB,CENPA,CS,SV40_NLS,ACTR3,ANAPC2,TMOD1,MARCKS_target,CEP135,LYN_target,NUP155_Cterm,SERBP1,RAB11A,ASH2L,GOLGA2,MLLT4,RPN2,PEX3,CAMSAP2,LYN_target,VASP,UTP4,TMOD1,RPS24,HNRNPA1,RPS20,MAPRE1,RAB11A,NEFM,CEP135,PXMP2,CALR3,TRIM36_Cterm,DCTN1,NIFK,DCTN1,VCL,AARS2,TRAP1,NPM1,CD3EAP,SYNE3_Nterm,SEPT10,LAMTOR1,MARCKS,KRT18,DDX23,CLTA,HIST1H2BG,ACBD5,PTK2,CKAP4,SEC62,ATP2A1,AARS2,TRIM36_Cterm,RPL31,NCBP3,BORCS6,MAPRE1,HNRNPA1,OCLN,NUP50,CYP2C1_sigseq,TRIM36_Cterm,PXMP2,RPS6,FBL,CYP2C9,SYNE3_Nterm,KRAS_target,LAMTOR1,ARF6,LMNB1,SEC61B_Cterm,MARCKS,STX6,PARP1,CS,RAB35,SEC62,PANX1,PHB2,OCLN,RPN2,SV40_NLS,VASP,LNPK_Nterm,RPL31,LATS1,SASS6,C11orf52,PAFAH1B1,AP2B1,MAPRE1,TJP1,ELOVL5,ACTR3,AP2B1,PDHA1,PCM1,CLIP1,ANAPC2,CALR3,STX6,CLTA,LYN_target,HNRNPA1,LMAN1,ANKFY1,TERF2IP,NEFM,CDK5RAP2,TUBA1A,SQSTM1,TJP1,GFAP,CLTA,CBX3,EBAG9,DHFRL1,DHX8,FBL,NPM1,EIF6,SQSTM1,RPS20,AP2B1,MAPRE3,ZNF330_target,AKAP1,CXADR,ACTB,ACTR2,PHB2,SYNE3_Cterm,FBL,ZNF330_target,NPM1,LAMP2,PEX14,CD3EAP,REEP5,ACTR3,SSR1,CLTB,PXMP2,BORCS6,STX6,SFXN1,GORASP1,SYNE3_Cterm,SERBP1,LNPK_Cterm,LAMP2,PXMP2,CAMSAP2,VIM,PCNT,TRIM36_Cterm,ANAPC2,RHOB,RAB5A,CDK5RAP2,PHB2,ASF1A,CCDC14,CENPA,LAMP3,TMOD1,PANX1,GORASP1,HIST1H2BG,CS,OCLN,AIFM1,VIM,RAB35,LAMTOR1_target_peptide,LRRC59_Nterm,ACTB,CALR3,RPN1,RAB4A,RAB9A,RAB2A,BCAP31,NEFM,ANK3,LYN,DCTN2,SEPT10,DHX40,BCAP31,ASF1A,SEPT10,DYNC1I2,NPM1,LAMP3,AGPS,LYN_target,SQSTM1,LMNA,SEC61B_Cterm,IMPDH2,AIFM1,STIM1,LATS1,CLTA,CLTA,CLTB,POLR2C,RAB9A,PFN1,LYN,PARP1,TUBB,NUP155_Nterm,PXMP2,ZFPL1,LAMP1,LMNA,AMOT,GFAP,NPM1,STX4,DENND6A,SYNE3_Nterm,UTP4,SFXN1,UTP4,LAMP3,ZFPL1,NDC80,SV40_NLS,TUBB,TRIM36_Nterm,RAB2A,SEPT9,NCBP3,BORCS6,KRT18,EMD,TJP2,GJA1,ACTR1A,DHX8,HIST1H3A,EZR,POLR1E,STX4,Pxn,SEC61B_Cterm,TJP1,PTK2,LNPK_Cterm,KRT8,DHX8,TJP1,TUBB,RPS6,HSD3B7,CCDC14,TJP1,ASH2L,PCNT,GFAP,NOP56,CYP2C1_sigseq,RHOB,VCL,DDX23,METTL7A,LNPK_Nterm,AGPS,ACTR1A,LNPK_Nterm,KRAS_Q61H,REEP5,RPN2,REEP5,GJD3,ZFPL1,NOP56,FLOT1,DYNC1I2,RPS20,RAB11A,RAB11A,SASS6,SV40_NLS,PRPF8,FLOT1,NUP155_Nterm,DHX40,PRPH,DDX23,TJP1,TUBB,AP2B1,CENPA,HSD17B11,NUP155_Nterm,STX6,TERF2IP,LNPK_Nterm,SEC61B_Nterm,DIRAS3,MARCKS,ACTR3,APEX1,Pxn,AKAP1,ELOVL5,ZYX,RPL31,B3GAT1,EMD,RPS24,ERGIC2,NUP155_Nterm,NOP56,LRRC59_Cterm,SV40_NLS,RAB35,CALR3,LAMTOR1,ERGIC2,KRT18,EBAG9,COX8A_target,PRPH,AMOT,CTNNB1,DENND6A,RPS6,GJA1,CLIP1,CEP135,VCL,HNRNPA1,TUBB,ATG12,SEC61B_Nterm,SQSTM1,VASP,UTP4,DIRAS3,LAMP1,HSD3B7,RAB3B_Nterm,NUP155_Cterm,HIST1H3A,PFN1,SEC62,AKAP1,HNRNPA1
CALU,HNRNPA1,LYN,AKAP1_target,LRRC59_Cterm,RAB4A,NUP50,PEX3,GOLGA1,COX8A_target,LYN_target,LRRC59_Nterm,CXADR,CBX3,TMPO,PARP1,COX8A_target,BCAP31,ACBD5,RAB5C,PCM1,NCBP3,KRT19,SEPT9,DDX23,GOLGA1,PEX3,SEPT9,PXMP2,HNRNPA1,CLTA,ACTR3,MAPRE1,LATS1,SEPT10,MARCKS,HSD17B11,TERF2IP,ANK3,LATS1,KIF2A,SQSTM1,COX8A_target,SASS6,LAMP2,MARCKS_target,DENND6A,SQSTM1,TUBA1A,ARF6,DHFRL1,CD3EAP,ERGIC1,RPS20,FLOT1,Pxn,CALR3,ZNF330_target,CCDC14,FLOT1,OCLN,LAMP3,MAPRE1,ASH2L,LNPK_Cterm,RPL31,CBX3,FLOT1,NPM1,ACTR3,VCL,NOP56,SEPT10,VIM,RPS20,GOLGA1,SEC62,ACBD5,ANK3,C11orf52,B3GAT1,DYNC1I2,GOLGA2,RAB4A,NEFM,FBL,ACTB,VCL,CTNNA1,PEX14,PFN1,PAFAH1B1,ACTR1A,NIFK,STX7,ACTB,DHFRL1,HIST1H2BG,PCM1,ASH2L,REEP5,ACTR1A,GORASP1,KRAS_target,VIM,Pxn,RAB3B_Nterm,PXMP2,TJP1,VCL,GOLGA1,ANKFY1,RPS24,B3GAT1,ACBD5,TJP2,DCTN2,CD3EAP,ATG12,RAB5A,RAB3B_Nterm,AIFM1,OCLN,SASS6,TMOD1,REEP5,CXADR,VAPA,RAB11A,STIM1,HIST1H3A,LYN,ANAPC2,TMOD1,LMNB1,LAMP2,PANX1,NIFK,SQSTM1,RPS6,LRRC59_Nterm,RHOB,NUP155_Cterm,ACTR2,GOLGA2,SQSTM1,EMD,SYNE3_Nterm,HIST1H3A,BORCS6,TERF2IP,KRAS_target,NUP155_Cterm,TUBA4A,IMPDH2,HNRNPA1,OCLN,UTP4,HSD17B11,RAB5C,COX8A_target,NUP50,PANX1,NDC80,ASH2L,B3GAT1,TUBB,STX7,STX7,TJP1,LMNB1,ANKFY1,ACTR2,POLR2C,ARF6,PDIA4,MARCKS_target,CLTA,COX8A_target,TUBB,OCLN,HIST1H2BG,PARD3,STX6,AGPS,NUP155_Nterm,DERL1,NEFM,KRT19,KIF2A,STIM1,PTK2,LYN,ATP2A1,UTP4,METTL7A,LAMP3,TUBA4A,COIL,PTK2,SYNE3_Nterm,ACBD5,APEX1,GJD3,CALU,PAFAH1B1,TMOD1,ZFPL1,TRAP1,STX6,AIFM1,PANX1,KRT19,NUP50,CCDC14,RAB4A,UTP4,DIRAS3,EIF6,TUBA1A,RPL31,NOP56,LRRC59_Cterm,RPN1,SEPT10,PRPH,CALU,ASH2L,DENND6A,CS,DHFRL1,HNRNPA1,KRAS_Q61H,ACTR3,DYNC1I2,HIST1H3A,NUP50,CXADR,ACTB,NDC80,CYP2C9,ERGIC1,DERL1,NIFK,LMNA,METTL7A,PEX3,ANAPC2,TMPO,RAB3B_Nterm,RAB11A,CALR3,RPS6,CLIP1,ACTR3,LCK,DHX8,STIM1,LNPK_Cterm,MAPRE3,PAFAH1B1,PEX14,CAMSAP2,ACBD5,STIM1,LAMTOR1_target_peptide,LRRC59_Nterm,BCAP31,CYP2C1_sigseq,VAPA,PAFAH1B1,LRRC59_Nterm,PRPF8,GFAP,LMAN1,PCNT,RPN1,GJD3,SASS6,CAMSAP2,AKAP1,TMPO,STX4,HSD3B7,NPM1,ACTR2,NCBP3,RPS24,AP2B1,RAB3B_Nterm,DHFRL1,KRT18,TMPO,EMD,TRAP1,RPS6,SSR1,DYNC1I2,RDX,RAB5A,SEC62,LMNB1,LAMP1,LCK,NOP56,SFXN1,KRT18,B3GAT1,LMNA,MARCKS_target,LRRC59_Nterm,CEP135,NEFM,ANK3,NDC80,CALR3,LAMP1,HSD3B7,RDX,NPM1,C11orf52,LRRC59_Cterm,LYN_target,TUBB,EIF6,OCLN,NUP155_Nterm,CS,DYNC1I2,RAB3B_Nterm,ASH2L,DERL1,TRAP1,TRAP1,GJA1,LNPK_Cterm,PEX3,B3GAT1,SEPT10,ATP2A1,MLLT4,CCDC14,SEPT10,CCDC14,CYP2C1_sigseq,EBAG9,SEPT10,KIF2A,COIL,UTP4,STIM1,SV40_NLS,POLR1E,SV40_NLS,GOLGA2,ACTR3,MAPRE1,ELOVL5,PTK2,B3GAT1,PHB2,CALU,LNPK_Cterm,ANK3,ZYX,RAB5C,ASF1A,NUP155_Nterm,DDX23,KRT18,AKAP1_target,AKAP1,PDHA1,ACTR3,SEPT10,FLOT1,PDHA1,REEP5,PANX1,COIL,PARD3,PRPF8,GOLGA1,KRAS_target,AIFM1,CXADR,CTNNB1,SERBP1,MARCKS,SEC61B_Nterm,CD3EAP,CTNNA1,LAMP2,TJP1,BCAP31,DYNC1I2,MAPRE3,SEC61B_Nterm,RPS6,EBAG9,LMNB1,CXADR,APEX1,CYP2C9,ELOVL5,SERBP1,DENND6A,HSD3B7,VASP,STIL,MAPRE1,PDHA1,ACTR2,LMNA,STX4,GOLGA2,GJD3,LAMTOR1,KRT18,KDM1A,ACTB,B3GAT1,CDK5RAP2,RPS24,ACTR2,PFN1,CBX3,ERGIC1,STIM1,AKAP1_target,CYP2C9,UTP4,CAV1,SQSTM1,IMPDH2,KRT8,RDX,ASH2L,ELOVL5,VAPA,CCDC14,GJD3,SERBP1,PEX14,SERBP1,ASH2L,RPL31,EMD,DHFRL1,KRT19,PEX3,IMPDH2,LAMP1,TRIM36_Cterm,RAB5C,DHFRL1,CCDC14,GOLGA2,LRRC59_Nterm,PAFAH1B1,EMD,LMAN1,DYNC1I2,LMAN1,EBAG9,RPS20,DENND6A,RHOB,DYNC1I2,ZFPL1,EBAG9,VAPA,TRIM36_Nterm,OCLN,AARS2,VIM,PFN1,DCTN2,MAPRE3,HIST1H3A,AKAP1,HSD17B11,UTP4,TJP2,NPM1,NEFM,Pxn,ACTR1A,DYNC1I2,ACBD5,AGPS,POLR1E,SYNE3_Cterm,KRT19,B3GAT1,STIM1,RPN2,VCL,LAMTOR1_target_peptide,DCTN1,NUP155_Nterm,PCM1,RHOB,GOLGA1,NPM1,SEC61B_Nterm,ZNF330_target,PCM1,BCAP31,ASF1A
TRIM36_Cterm,PEX14,AKAP1_target,SFXN1,TJP1,TUBA1A,CAV1,ASH2L,ANKFY1,CTNNB1,PFN1,PXMP2,STX7,TERF2IP,MAPRE3,KRAS_target,NUP155_Cterm,CAMSAP2,SSR1,ERGIC2,PRPF8,SV40_NLS,NDC80,BORCS6,CCDC14,RAB4A,PCNT,UTP4,ZFPL1,CALU,STIM1,HIST1H2BG,DCTN1,SEC62,TUBA1A,TMOD1,SV40_NLS,LATS1,CCDC14,KIF2A,ANKFY1,LAMP1,LATS1,ERGIC2,CD3EAP,TUBA4A,DHX8,TUBA4A,DIRAS3,CS,CENPA,TJP2,HSD3B7,PCM1,LAMTOR1,AP2B1,PEX14,VIM,CDK5RAP2,PEX14,PEX3,STIM1,CCDC14,DHFRL1,EIF6,TUBA1A,TUBA4A,METTL7A,LAMP2,RPN2,RAB35,ACTR1A,ASF1A,RAB5A,ARF6,EIF6,SEPT9,NOP56,TUBA4A,CCDC14,VAPA,CTNNA1,ELOVL5,DYNC1I2,RPS6,GJA1,REEP5,SQSTM1,KRAS_target,RPS6,SERBP1,SSR1,TUBA1A,SEC61B_Cterm,ANK3,CD3EAP,SASS6,SASS6,KIF2A,RPS6,TUBA4A,ANK3,CLTB,ZYX,GJD3,TRAP1,ACTR3,PARP1,TMOD1,CLIP1,ELOVL5,RAB11A,LYN_target,PEX3,SEC61B_Cterm,SFXN1,TRIM36_Cterm,RAB11A,BCAP31,AGPS,CAMSAP2,DHX40,CD3EAP,CYP2C1_sigseq,CLIP1,CALU,STIL,RHOB,RAB2A,LMNB1,SEPT10,STX7,RPS20,REEP5,HNRNPA1,COX8A_target,KIF2A,KIF2A,VCL,PARP1,ATG12,ACTB,STX4,SEPT10,CLTB,GOLGA2,C11orf52,NIFK,ZYX,SV40_NLS,LATS1,EIF6,FBL,ELOVL5,DCTN2,ZFPL1,TRAP1,VASP,DERL1,LMNA,GJA1,CLIP1,DHX40,IMPDH2,KIF2A,LYN,LYN,B3GAT1,HSD3B7,GOLGA1,APEX1,VAPA,AKAP1_target,MAPRE3,SQSTM1,ATG12,CAMSAP2,PTK2,STIL,ATP2A1,STX4,CENPA,IMPDH2,KDM1A,RPN2,ZYX,NUP155_Nterm,C11orf52,PAFAH1B1,RAB35,CTNNA1,UTP4,SEPT9,CLTA,SSR1,CTNNA1,MLLT4,CS,POLR2C,CAMSAP2,CBX3,ANKFY1,NCBP3,PFN1,AKAP1,LAMP2,SASS6,Pxn,DCTN1,RAB9A,SYNE3_Cterm,DERL1,SASS6,AP2B1,SFXN1,FBL,VAPA,REEP5,B3GAT1,PAFAH1B1,EIF6,AIFM1,STIL,LYN_target,FBL,EMD,TJP1,HNRNPA1,RHOB,VASP,AP2B1,RPS6,NUP155_Cterm,SV40_NLS,RAB2A,CYP2C1_sigseq,TRIM36_Cterm,MLLT4,KDM1A,ACTB,ATP2A1,LYN_target,KRT19,PARP1,SSR1,TMPO,TERF2IP,DIRAS3,ARF6,SEPT10,PTK2,ACTR3,RAB2A,GOLGA2,ASF1A,RPL31,ZYX,AKAP1,HIST1H3A,PTK2,CALU,LAMTOR1,SYNE3_Nterm,STX7,TUBA4A,HIST1H2BG,LMNA,PCM1,PTK2,RHOB,LAMTOR1_target_peptide,AARS2,PAFAH1B1,NCBP3,BCAP31,VCL,CTNNB1,GJA1,TUBA1A,APEX1,RAB35,TMOD1,LNPK_Cterm,KRT8,EPB41L4A_Cterm,POLR1E,AIFM1,NUP155_Cterm,PTK2,CAMSAP2,DHX8,TJP2,ACTR2,PCM1,PEX3,LYN,LAMTOR1_target_peptide,DENND6A,NUP155_Nterm,DERL1,COX8A_target,ERGIC2,ACTR1A,VIM,SV40_NLS,CD3EAP,BCAP31,CS,DCTN2,CLIP1,METTL7A,EZR,MLLT4,BCAP31,ZFPL1,LYN_target,NUP155_Cterm,DENND6A,COX8A_target,GJA1,POLR1E,COX4I1,ANK3,NEFM,GOLGA2,LMAN1,CENPA,ATP2A1,HIST1H2BG,CALU,NUP155_Cterm,FBL,PTK2,CLIP1,HSD17B11,ANK3,CYP2C9,REEP5,SQSTM1,NIFK,IMPDH2,RAB3B_Nterm,LNPK_Cterm,ZFPL1,VIM,LYN_target,NUP155_Nterm,NEFM,PTK2,RPS20,NEFM,ATG12,SYNE3_Cterm,LMAN1,VCL,PEX14,RPS6,APEX1,KDM1A,CXADR,LYN,CXADR,PHB2,POLR1E,HIST1H2BG,PTK2,MAPRE3,GJD3,TMOD1,TUBA1A,AP2B1,ELOVL5,PFN1,NDC80,BORCS6,C11orf52,PTK2,BCAP31,GOLGA2,KRAS_Q61H,RPL31,RAB5C,ATP2A1,SEPT9,PDIA4,GFAP,DENND6A,STX7,METTL7A,TUBB,PCM1,AGPS,Pxn,VCL,COX8A_target,AMOT,LYN_target,STX7,PARP1,PXMP2,CALR3,DHFRL1,MARCKS_target,B3GAT1,ASF1A,NOP56,VCL,REEP5,ASH2L,ZFPL1,ASH2L,NPM1,NCBP3,RAB5A,LAMP2,NPM1,RPN1,SEC61B_Cterm,ANK3,TMPO,TRIM36_Cterm,SV40_NLS,CCDC14,PFN1,RHOB,SERBP1,NEFM,PEX14,KRT19,SASS6,ELOVL5,KDM1A,LMAN1,CAV1,SFXN1,ELOVL5,RAB9A,LAMP3,CCDC14,CYP2C9,AGPS,METTL7A,DHX40,SEC61B_Cterm,PRPH,CXADR,LMNA,LRRC59_Cterm,CALU,C11orf52,RPN2,GORASP1,CENPA,VASP,OCLN,VCL,RPS20,PTK2,SV40_NLS,ACTR1A,DYNC1I2,ASH2L,LAMTOR1_target_peptide,DERL1,DCTN2,KDM1A,B3GAT1,LMAN1,ZFPL1,CALU,OCLN,PRPF8,DDX23,ACTR1A,EZR,KIF2A,LRRC59_Nterm,KDM1A,NDC80,CKAP4,DERL1,SYNE3_Cterm,TJP1,SYNE3_Cterm,KRT18,ANAPC2,GOLGA1,DCTN2,GJD3,LAMP2,PRPF8,VIM,FBL,RPS6,COIL,RPS20,CYP2C9,DYNC1I2,ERGIC1,COX4I1,PARD3,VAPA,ACTR2,C11orf52,SEPT9,CTNNB1,LAMP1,NCBP3,AIFM1,REEP5
NOP56,POLR1E,LRRC59_Cterm,LMAN1,NCBP3,STX7,EMD,MARCKS,ACTB,NUP155_Nterm,RPN2,UTP4,PTK2,DHX8,SFXN1,NPM1,DYNC1I2,PXMP2,CXADR,TMOD1,CLIP1,CYP2C1_sigseq,LAMP1,RAB11A,LATS1,COX8A_target,ARF6,SEC61B_Nterm,LAMTOR1,AMOT,CTNNA1,STIL,AARS2,NEFM,TRIM36_Nterm,DDX23,CLTA,PARP1,PXMP2,METTL7A,CALU,COIL,TUBB,CAV1,TMOD1,MLLT4,TRAP1,DHFRL1,C11orf52,VIM,ASH2L,ASH2L,SEC61B_Cterm,PCNT,ANAPC2,DYNC1I2,CYP2C1_sigseq,TRIM36_Nterm,ELOVL5,AKAP1,SERBP1,PEX14,RPS6,APEX1,CCDC14,CEP135,RAB35,SQSTM1,LNPK_Nterm,NIFK,KRT8,TMOD1,ZNF330_target,AKAP1,PAFAH1B1,RPL31,RPS20,VASP,SFXN1,MAPRE3,NOP56,DCTN2,ANAPC2,NIFK,POLR1E,PDHA1,NOP56,ACTR2,ASH2L,ANKFY1,DCTN2,PRPH,SERBP1,TRIM36_Nterm,ASH2L,STX4,ACTB,EMD,CBX3,LNPK_Cterm,RAB11A,AARS2,SYNE3_Cterm,PDIA4,PDHA1,ASH2L,STIL,PRPF8,RAB5A,RHOB,PRPF8,MAPRE1,MAPRE1,ANK3,CALR3,LNPK_Nterm,PEX14,GJD3,ANK3,PDIA4,POLR1E,CCDC14,CXADR,VASP,VASP,SERBP1,ZFPL1,PANX1,CTNNA1,CALU,SASS6,OCLN,GOLGA2,PXMP2,TMOD1,DHX40,GOLGA2,DHX40,RAB4A,PDHA1,TRAP1,PCNT,LATS1,NOP56,VCL,KRT18,CALR3,COX8A_target,GJD3,ARF6,CTNNA1,COX4I1,CAV1,LAMTOR1_target_peptide,GOLGA1,HSD3B7,LATS1,SFXN1,ERGIC1,SV40_NLS,AMOT,NUP155_Cterm,DIRAS3,AGPS,GJD3,DENND6A,ACTR2,SEPT9,SQSTM1,HIST1H2BG,BCAP31,VIM,NOP56,AP2B1,BORCS6,KRT8,CD3EAP,CLIP1,IMPDH2,RDX,ELOVL5,KRT18,SSR1,NIFK,COX4I1,PCM1,ATG12,ATG12,GJA1,ZFPL1,CENPA,ERGIC1,STX4,RPS20,PAFAH1B1,MAPRE3,PHB2,B3GAT1,CYP2C1_sigseq,DHX40,KIF2A,ACTB,LYN_target,MARCKS,UTP4,SASS6,EMD,ERGIC2,KDM1A,TMPO,CAV1,STIL,PARD3,LAMP1,LATS1,RAB9A,PEX14,POLR2C,CBX3,METTL7A,CXADR,CS,MARCKS_target,ERGIC2,ANKFY1,POLR2C,SYNE3_Nterm,LCK,PCM1,CYP2C9,AGPS,DYNC1I2,LATS1,LMAN1,HSD3B7,NEFM,SYNE3_Nterm,EBAG9,ELOVL5,CAV1,UTP4,SFXN1,SASS6,RPS6,TUBB,CCDC14,EBAG9,ZYX,ACTB,CS,LNPK_Nterm,DHFRL1,PTK2,RPS20,COIL,SFXN1,DYNC1I2,AP2B1,RPS20,SYNE3_Cterm,CDK5RAP2,RAB2A,TRIM36_Nterm,CYP2C1_sigseq,SSR1,EPB41L4A_Cterm,PFN1,AKAP1,NIFK,VCL,SYNE3_Nterm,STX7,RPL31,LAMP3,SEPT10,RAB11A,KRAS_Q61H,TUBA1A,ASF1A,TRIM36_Cterm,VAPA,DIRAS3,LAMP1,LAMTOR1,NCBP3,CKAP4,DCTN2,RAB35,RAB3B_Nterm,PAFAH1B1,PAFAH1B1,CYP2C9,DHFRL1,LMNA,SQSTM1,NDC80,DCTN2,TMOD1,DYNC1I2,SFXN1,STIM1,GJD3,VIM,TJP1,GJD3,NCBP3,KRT8,RAB9A,ANKFY1,RPS20,EBAG9,CCDC14,ACTR2,ACTB,DHFRL1,SSR1,PFN1,RAB35,TJP2,DCTN1,ANAPC2,LCK,ERGIC1,CTNNB1,BORCS6,PTK2,RAB4A,AMOT,NUP155_Cterm,RHOB,Pxn,LAMP3,LAMTOR1_target_peptide,RPL31,SYNE3_Cterm,RAB9A,DHFRL1,LAMP2,RAB3B_Nterm,LATS1,RAB3B_Nterm,GFAP,DCTN1,RAB3B_Nterm,COIL,DIRAS3,STX7,SASS6,RHOB,CLTA,ZFPL1,TUBA1A,IMPDH2,ACBD5,LAMP2,DERL1,TRIM36_Nterm,MLLT4,AKAP1_target,PARD3,RHOB,LYN,EBAG9,PFN1,SYNE3_Nterm,EBAG9,NUP155_Cterm,ARF6,CCDC14,CAMSAP2,CYP2C1_sigseq,PANX1,COIL,AP2B1,METTL7A,CAMSAP2,POLR2C,LYN,ANK3,RPS20,DHX8,VASP,MAPRE1,HNRNPA1,CAMSAP2,AKAP1_target,LNPK_Cterm,METTL7A,ELOVL5,BCAP31,Pxn,RPS6,PDHA1,ZFPL1,TRIM36_Nterm,MLLT4,APEX1,AGPS,VAPA,MARCKS,RPN2,RHOB,NUP50,RAB5C,AKAP1_target,ACBD5,SEC62,TJP1,REEP5,STX6,STX7,TUBA1A,DHX40,PANX1,CKAP4,CLIP1,VASP,PEX14,VASP,SV40_NLS,DHFRL1,ERGIC2,STX6,NUP155_Nterm,PHB2,PANX1,LCK,SQSTM1,CLTB,EZR,COIL,ATP2A1,DYNC1I2,PHB2,CAMSAP2,CDK5RAP2,CLIP1,SEC61B_Cterm,ASH2L,TMOD1,STIL,AKAP1_target,AKAP1,LAMP3,HSD3B7,KRT8,CAV1,B3GAT1,NCBP3,REEP5,EMD,LNPK_Nterm,ATG12,SEPT9,ERGIC1,TMOD1,NCBP3,ZFPL1,MARCKS,MAPRE1,DHX8,CDK5RAP2,PDHA1,PARD3,CYP2C9,PRPH,ZYX,POLR1E,VASP,COX4I1,RPL31,CENPA,NIFK,LRRC59_Cterm,GORASP1,LAMTOR1,DCTN1,MARCKS_target,CD3EAP,CBX3,NUP50,PDHA1,IMPDH2,STIL,CXADR,DDX23,UTP4,ACTR2,PAFAH1B1,B3GAT1,HSD3B7,PEX14,ACTR2,KIF2A,TERF2IP,CAV1,ERGIC1,NPM1,SYNE3_Nterm,NDC80,VAPA,AIFM1,DHX8,ACTB,DENND6A,SQSTM1,NOP56,TUBA1A,LYN_target,GFAP
RDX,LATS1,PDIA4,TUBA4A,RAB2A,NDC80,Pxn,NOP56,NPM1,SEC62,ASF1A,ACTR3,FBL,TUBA1A,HNRNPA1,SEC61B_Cterm,DDX23,LMAN1,GORASP1,VASP,TUBA1A,SEC61B_Cterm,PDIA4,RAB4A,RPS6,GFAP,EBAG9,SEC61B_Cterm,CAV1,SQSTM1,CENPA,NUP155_Cterm,PFN1,PANX1,RAB3B_Nterm,KRAS_Q61H,CAMSAP2,RAB11A,CYP2C9,SERBP1,RAB9A,NCBP3,RPS20,ACTR1A,SYNE3_Nterm,AP2B1,TMPO,NEFM,TMOD1,TRIM36_Nterm,ATP2A1,RAB3B_Nterm,ANK3,LNPK_Cterm,RPL31,NPM1,PFN1,SEPT9,SQSTM1,VCL,B3GAT1,UTP4,GORASP1,RPL31,EBAG9,STX7,ZNF330_target,DHX8,NDC80,COX8A_target,CLTA,ATP2A1,OCLN,APEX1,CEP135,RDX,LNPK_Nterm,PRPH,PARP1,LAMTOR1,KRAS_Q61H,RAB2A,ASF1A,NEFM,LNPK_Cterm,METTL7A,LATS1,PDHA1,CLIP1,CTNNB1,PTK2,STIL,ERGIC1,PEX14,CEP135,CALU,EBAG9,DIRAS3,AIFM1,FLOT1,LRRC59_Cterm,METTL7A,CDK5RAP2,CAMSAP2,TRIM36_Cterm,RPS24,MAPRE1,COX4I1,METTL7A,PDHA1,PDHA1,CEP135,Pxn,SQSTM1,SEPT9,TMOD1,SYNE3_Nterm,PHB2,GJA1,RAB9A,LAMTOR1_target_peptide,PEX14,GOLGA2,RPS6,PCM1,KIF2A,AKAP1,NUP155_Cterm,METTL7A,POLR1E,LYN,ANKFY1,DENND6A,LRRC59_Nterm,RAB5C,DDX23,AKAP1,PARD3,HSD17B11,CDK5RAP2,CD3EAP,SEC61B_Nterm,VIM,TERF2IP,DCTN2,DCTN1,PCNT,GJA1,PEX14,LRRC59_Cterm,ACBD5,TJP1,ACTB,NUP155_Cterm,EBAG9,PAFAH1B1,IMPDH2,RPS6,CAV1,Pxn,CYP2C9,LMNA,ACTB,TRIM36_Nterm,PANX1,ERGIC2,ACTR3,GJD3,TRIM36_Cterm,MAPRE1,RAB9A,RAB5A,PDIA4,CTNNB1,KRT18,SEC61B_Nterm,CALR3,KRT19,RAB35,LCK,FLOT1,CYP2C1_sigseq,RPN2,HIST1H2BG,REEP5,SYNE3_Cterm,LYN,DHX40,LYN,KRAS_target,AKAP1,CLTA,SEPT10,ACTB,DHFRL1,RAB35,PANX1,CTNNA1,FLOT1,CLTB,TUBA1A,STX4,NOP56,LAMP3,KRAS_target,LYN,TRIM36_Cterm,ANAPC2,TMPO,LAMTOR1_target_peptide,ERGIC2,CYP2C1_sigseq,PFN1,CLIP1,TUBA4A,SFXN1,COX8A_target,ACBD5,MARCKS,NCBP3,TUBB,RPS24,TMPO,GOLGA1,STIM1,KRT19,RPN2,NOP56,NEFM,SEPT10,ZYX,KRAS_Q61H,KDM1A,B3GAT1,PARD3,ATG12,TRIM36_Nterm,Pxn,SYNE3_Nterm,APEX1,CAMSAP2,PARP1,TRAP1,TUBA4A,DIRAS3,RPL31,AARS2,NDC80,LRRC59_Nterm,SSR1,ACBD5,PARD3,LAMP1,MARCKS,DDX23,DHX8,SSR1,TMPO,ZNF330_target,RAB35,RAB3B_Nterm,NEFM,LMAN1,PDIA4,KRT18,DERL1,SV40_NLS,TJP1,RDX,SSR1,ACTR1A,LAMP1,PANX1,TUBB,RAB5A,GOLGA1,EIF6,CAV1,UTP4,SYNE3_Cterm,CS,LMNB1,PCNT,CCDC14,CTNNB1,LMAN1,KRT8,BCAP31,SSR1,CALR3,UTP4,SQSTM1,KRAS_target,SEC62,SEC61B_Cterm,LRRC59_Nterm,RAB4A,CS,RPS6,PDHA1,ATG12,NDC80,PRPF8,NUP50,LYN_target,PRPF8,TMOD1,COIL,EMD,NUP155_Cterm,BORCS6,RAB5A,LAMTOR1,POLR2C,CENPA,ASF1A,PCM1,CLIP1,LAMP3,KRAS_Q61H,MARCKS,VCL,LAMTOR1,ATG12,ACTB,ACTR1A,BCAP31,STX6,CLTA,DCTN1,CALU,DDX23,PARP1,MARCKS,DIRAS3,GJD3,NUP155_Cterm,GOLGA2,PRPF8,NUP50,LMAN1,KIF2A,HIST1H2BG,STIM1,SYNE3_Cterm,CEP135,HIST1H2BG,GJA1,PDHA1,CALU,STX7,LAMP1,BCAP31,ACTR2,DDX23,RAB11A,SERBP1,TUBB,STX7,PHB2,TUBA1A,KRT8,TERF2IP,VCL,AP2B1,VCL,CYP2C1_sigseq,GOLGA1,PCNT,PHB2,ARF6,ACTR3,AP2B1,REEP5,UTP4,RAB3B_Nterm,SEPT10,FLOT1,NPM1,GJD3,NEFM,LAMTOR1_target_peptide,CYP2C9,PRPH,KRT19,LAMP3,APEX1,CXADR,FBL,NEFM,VIM,PCM1,RPL31,ATP2A1,GFAP,IMPDH2,DENND6A,HIST1H2BG,SV40_NLS,MAPRE1,FLOT1,RPS24,CLTA,GJA1,CXADR,DERL1,LMAN1,LYN_target,TMOD1,STX7,PXMP2,REEP5,UTP4,ZNF330_target,VASP,UTP4,CALU,HIST1H2BG,SYNE3_Cterm,LATS1,LRRC59_Cterm,ERGIC1,ELOVL5,HIST1H3A,AGPS,LYN,TJP2,ERGIC2,LNPK_Cterm,RAB9A,DENND6A,LYN_target,PRPH,CCDC14,OCLN,TUBB,TRAP1,POLR1E,CENPA,DYNC1I2,RAB4A,LRRC59_Cterm,NUP155_Nterm,SQSTM1,BCAP31,CLIP1,TERF2IP,SASS6,CAMSAP2,PFN1,CD3EAP,REEP5,CALU,IMPDH2,TMOD1,TUBB,NEFM,CYP2C1_sigseq,APEX1,CD3EAP,LAMP3,TMOD1,SQSTM1,PRPF8,HNRNPA1,SQSTM1,SFXN1,SSR1,ACBD5,SEPT9,GJD3,CLIP1,AP2B1,LATS1,RAB2A,KRT19,PHB2,LATS1,GFAP,ACTR1A,SEPT9,LMNB1,KIF2A,LCK,DCTN1,ACTR1A,DCTN1,ERGIC1,RPN2,PRPH,LMAN1,SEC62,CENPA,REEP5,METTL7A,RPL31,TJP1,EIF6,NUP155_Cterm,SSR1,GOLGA1,DYNC1I2,PARD3,LMNA,RAB3B_Nterm,ATG12,CYP2C9,COIL,RHOB,CS
RAB9A,PXMP2,CYP2C9,CS,DENND6A,KRT19,ZNF330_target,STIL,KRT19,NOP56,DCTN1,CAMSAP2,TUBB,ACTB,RAB4A,HIST1H3A,ANKFY1,TUBA1A,RAB5A,VIM,LAMP2,VASP,METTL7A,PCNT,BORCS6,ZFPL1,LYN_target,GOLGA2,LATS1,TRIM36_Cterm,RDX,NEFM,RAB2A,ZYX,PEX14,TERF2IP,UTP4,EIF6,IMPDH2,NCBP3,PANX1,TERF2IP,NUP50,SEPT10,POLR2C,AIFM1,PEX3,AKAP1_target,RAB9A,NEFM,SQSTM1,RDX,RAB35,COX4I1,STX7,DCTN1,HNRNPA1,PEX3,Pxn,DERL1,POLR1E,DHX40,PHB2,STX7,COX8A_target,AIFM1,SYNE3_Cterm,NUP50,STX7,LRRC59_Nterm,AMOT,CCDC14,GORASP1,PAFAH1B1,PARD3,ZYX,STIM1,LYN,CS,PRPF8,GFAP,GOLGA1,EMD,ACTR1A,RPN1,VASP,RPS24,SFXN1,CLTA,KRT19,METTL7A,VAPA,DHX40,RAB9A,SSR1,CENPA,ATG12,DHX40,SEPT9,VAPA,CYP2C1_sigseq,AKAP1,RPS24,HIST1H2BG,PDIA4,POLR2C,LNPK_Nterm,CALR3,AGPS,AP2B1,GFAP,LAMP2,PEX3,DYNC1I2,LAMP3,PRPF8,PAFAH1B1,ASH2L,GOLGA1,LMNB1,CENPA,TUBB,AIFM1,LAMP3,ASF1A,RPS20,LAMP1,TMOD1,GJD3,PDIA4,KRAS_target,STIM1,RAB3B_Nterm,METTL7A,STX6,VASP,HNRNPA1,RAB9A,GORASP1,NCBP3,TUBB,MLLT4,CALU,TJP1,GJA1,PDHA1,PARD3,CYP2C1_sigseq,LAMTOR1_target_peptide,CXADR,SV40_NLS,CS,APEX1,STIL,RAB3B_Nterm,AARS2,LYN_target,LCK,RAB5A,STIM1,FBL,VAPA,SEC61B_Cterm,RDX,CXADR,NCBP3,DCTN1,GJA1,SYNE3_Cterm,CALU,LMAN1,DHX8,TUBA4A,DCTN2,COX8A_target,MLLT4,STX6,SERBP1,VAPA,NUP155_Nterm,PDIA4,SERBP1,ERGIC1,POLR1E,TUBB,PARP1,DHX8,RPL31,PRPH,TMOD1,PTK2,VASP,OCLN,RHOB,CDK5RAP2,EIF6,PCM1,CD3EAP,CLIP1,LAMP1,NEFM,REEP5,TUBA1A,EZR,STX6,VASP,ATG12,CALU,FBL,ACTB,ACTR3,MARCKS_target,EPB41L4A_Cterm,LRRC59_Nterm,NPM1,LMNA,KRT8,TMOD1,LNPK_Nterm,CLIP1,STX6,NUP155_Nterm,SYNE3_Cterm,OCLN,ACTR3,HIST1H2BG,TERF2IP,RPS24,PDHA1,NUP155_Cterm,PTK2,LAMTOR1_target_peptide,LMAN1,VAPA,NPM1,Pxn,TMOD1,ZNF330_target,SFXN1,HSD3B7,KRT19,CDK5RAP2,SSR1,RAB9A,TERF2IP,PDIA4,Pxn,HIST1H3A,FLOT1,NOP56,RAB2A,KDM1A,ELOVL5,CYP2C1_sigseq,TUBA1A,DIRAS3,LRRC59_Cterm,STX4,AKAP1,SEC61B_Cterm,SEC62,ERGIC1,CBX3,AGPS,ACBD5,EMD,PEX14,AKAP1_target,CAV1,VIM,RAB5C,RPS24,ZNF330_target,AARS2,RAB4A,TJP1,LAMP2,ASF1A,GJA1,RPS6,AMOT,VASP,TMOD1,TERF2IP,LNPK_Nterm,ZFPL1,APEX1,DCTN2,PRPF8,CKAP4,KRAS_target,STX4,MAPRE3,GJD3,C11orf52,STX7,EZR,SASS6,NEFM,GJA1,KRT8,SYNE3_Nterm,TJP2,ACBD5,ERGIC1,STX6,PARP1,LAMTOR1,TRIM36_Cterm,RDX,NEFM,STX7,RAB3B_Nterm,TRAP1,COX4I1,APEX1,ELOVL5,RAB9A,FBL,GOLGA1,HIST1H3A,STIM1,DIRAS3,AKAP1_target,SFXN1,VIM,CEP135,AKAP1,PXMP2,NIFK,DCTN1,PARP1,GFAP,RHOB,TMPO,DHX8,B3GAT1,RAB2A,B3GAT1,EMD,PXMP2,SASS6,COX8A_target,ASH2L,LMAN1,LAMTOR1,NCBP3,LCK,KRAS_Q61H,PARD3,TJP1,CS,RAB5C,SQSTM1,CD3EAP,CALU,EIF6,ANAPC2,PHB2,LMNA,VAPA,C11orf52,ELOVL5,PANX1,C11orf52,HIST1H2BG,COX8A_target,DCTN2,COX8A_target,COX4I1,RHOB,PARD3,DDX23,CALR3,PFN1,MAPRE1,AARS2,RPL31,TRAP1,ATG12,SASS6,DENND6A,TMOD1,NUP155_Nterm,CLTB,KRAS_Q61H,RAB4A,CYP2C9,ERGIC2,ZFPL1,NEFM,LYN,PEX14,PARP1,ELOVL5,CYP2C9,Pxn,CALR3,AMOT,BCAP31,MARCKS,NOP56,SV40_NLS,CLTA,KRT18,CALU,ARF6,LAMTOR1,KDM1A,GJA1,STX6,APEX1,COX8A_target,RHOB,ATG12,GORASP1,B3GAT1,CENPA,CALR3,NUP50,RPN2,FBL,VASP,SEC61B_Nterm,RPS20,DERL1,ANK3,ZNF330_target,COX4I1,DYNC1I2,LMNA,POLR1E,NOP56,GJD3,CXADR,CS,CLTB,NOP56,DHX8,RAB2A,ZFPL1,KDM1A,ATG12,COX8A_target,LAMP3,RAB35,VCL,CD3EAP,RAB4A,STX4,PHB2,SERBP1,DCTN1,MLLT4,TJP2,DCTN2,AMOT,KDM1A,GFAP,RAB9A,ATG12,AP2B1,LYN_target,AMOT,DHX40,VIM,CALU,MARCKS_target,ATP2A1,SFXN1,VASP,NUP50,COIL,RAB5C,HNRNPA1,RDX,PAFAH1B1,ACTR2,CLTA,RPS6,AMOT,KRT19,ANK3,OCLN,ACTR3,EIF6,NEFM,GFAP,LAMP2,ERGIC2,HSD17B11,DCTN2,SEPT10,NUP155_Nterm,GORASP1,ACTR2,ASH2L,GFAP,DIRAS3,GFAP,SERBP1,CCDC14,MARCKS_target,HIST1H2BG,HSD3B7,KRT18,SEC61B_Cterm,HIST1H3A,CEP135,LAMP3
AKAP1_target,NEFM,PANX1,CYP2C1_sigseq,SASS6,KIF2A,SEC61B_Nterm,SYNE3_Nterm,PDIA4,RAB9A,PHB2,NUP155_Nterm,CYP2C9,NIFK,SYNE3_Nterm,FBL,BORCS6,TRAP1,ASH2L,LRRC59_Cterm,HSD3B7,TUBA1A,POLR2C,VIM,GJD3,ASF1A,RPN2,B3GAT1,PANX1,CXADR,CBX3,HIST1H3A,PDIA4,PARD3,AGPS,ACTR2,COIL,STIL,CLTA,KRT19,GOLGA1,ZNF330_target,ATP2A1,ATP2A1,UTP4,MAPRE3,CLTB,HIST1H3A,LMNA,PDIA4,LAMTOR1,PARP1,PARP1,UTP4,ZYX,RAB11A,B3GAT1,CD3EAP,RAB5A,RAB4A,RAB11A,VAPA,KIF2A,NDC80,FBL,TJP2,PEX3,RPN2,FLOT1,RPS24,LNPK_Nterm,ACBD5,KDM1A,CTNNB1,EMD,LMNB1,PARD3,LNPK_Nterm,PRPH,KIF2A,ACTR3,CCDC14,TUBA1A,LAMTOR1,GJD3,RPS6,SEC62,CDK5RAP2,STX7,REEP5,ERGIC2,TERF2IP,TERF2IP,DHFRL1,NUP155_Cterm,ATP2A1,TMOD1,CTNNA1,LAMP1,BORCS6,LAMP3,KDM1A,FLOT1,RPL31,RAB5C,ARF6,POLR1E,RPL31,RPN1,CXADR,CLIP1,RHOB,CXADR,ERGIC1,MAPRE1,AKAP1,ACTR1A,DHX40,EZR,EIF6,GOLGA1,CENPA,DHX40,HSD3B7,CENPA,RAB2A,EMD,ASH2L,TJP2,SEPT10,AKAP1_target,FLOT1,ATP2A1,BORCS6,DYNC1I2,CAV1,CS,VCL,Pxn,COIL,DIRAS3,DHX8,LYN,CBX3,PTK2,RAB5A,DYNC1I2,AARS2,ERGIC2,CENPA,CD3EAP,AIFM1,CLTB,SEC61B_Cterm,PXMP2,ATP2A1,TUBA4A,FBL,ACTR3,SYNE3_Cterm,RPL31,NCBP3,CAMSAP2,NPM1,RAB11A,ELOVL5,POLR2C,CEP135,PANX1,RAB3B_Nterm,CS,TRIM36_Cterm,PEX3,BORCS6,CCDC14,ASH2L,PCM1,LMAN1,ACTB,KRT8,ZYX,DCTN2,NUP50,CD3EAP,PCNT,CD3EAP,GJA1,SYNE3_Cterm,AARS2,PDIA4,KDM1A,TRIM36_Nterm,KRT18,B3GAT1,COX8A_target,LMNA,STX4,ACBD5,SV40_NLS,CALU,NUP155_Cterm,LMNB1,STIL,RDX,B3GAT1,DYNC1I2,SEC61B_Nterm,EPB41L4A_Cterm,Pxn,ANKFY1,KDM1A,CAMSAP2,BCAP31,CALU,TRIM36_Nterm,PEX3,RHOB,CYP2C9,TRIM36_Cterm,PDHA1,TJP2,KRT8,DERL1,Pxn,KRT19,LATS1,RAB5C,DCTN2,TRAP1,PXMP2,LMNA,LMAN1,CS,ASF1A,LNPK_Cterm,RDX,GOLGA1,TUBB,STIM1,DERL1,LATS1,NIFK,RAB5A,RDX,ERGIC1,EIF6,AIFM1,POLR2C,DDX23,SEPT9,LAMP1,EBAG9,GJD3,KRT19,METTL7A,METTL7A,TMPO,RAB4A,CAV1,NUP155_Nterm,TUBA4A,SEPT9,Pxn,NUP50,TJP2,TMPO,ANAPC2,CLIP1,COIL,ACTR1A,LMAN1,PARP1,SASS6,ERGIC1,SEC61B_Nterm,COX4I1,RAB35,RDX,ZNF330_target,ARF6,VCL,GJA1,DENND6A,CXADR,SEC62,RAB11A,TERF2IP,TRAP1,HIST1H2BG,KIF2A,LYN,AARS2,SERBP1,NUP155_Cterm,PRPF8,TJP2,GFAP,SEC62,ANAPC2,TRIM36_Cterm,CYP2C9,MLLT4,Pxn,METTL7A,TRIM36_Nterm,DCTN2,IMPDH2,NUP155_Nterm,ZYX,VASP,Pxn,RPL31,PDIA4,CBX3,Pxn,EBAG9,TUBA1A,CYP2C9,RPN1,VASP,LNPK_Nterm,DDX23,CYP2C9,C11orf52,PARD3,APEX1,EMD,RAB9A,LNPK_Nterm,OCLN,DHX40,CLTA,PCNT,AIFM1,CYP2C1_sigseq,RPS24,AMOT,AKAP1,AARS2,RAB11A,CD3EAP,TRAP1,CTNNB1,RPS6,TRIM36_Nterm,CTNNB1,VAPA,STX6,TJP2,LYN_target,ZYX,LCK,LAMTOR1,PHB2,ANK3,AIFM1,ACTB,PRPF8,CKAP4,ATG12,RPN2,EMD,CEP135,SFXN1,BCAP31,SEPT10,AGPS,NCBP3,RPS20,KIF2A,AMOT,Pxn,CDK5RAP2,CYP2C9,ANK3,COX8A_target,ARF6,TUBA4A,SEPT10,ACTR1A,CYP2C1_sigseq,NUP155_Cterm,B3GAT1,PARP1,VCL,TRIM36_Nterm,DYNC1I2,NPM1,PCM1,CXADR,PTK2,LCK,ZYX,CBX3,CEP135,COX4I1,PDHA1,LAMTOR1,CTNNA1,AKAP1_target,ACTB,CALR3,REEP5,TMPO,SSR1,MARCKS_target,PANX1,DYNC1I2,ZYX,B3GAT1,DERL1,PDIA4,OCLN,PDIA4,MARCKS,ACTR1A,NPM1,CYP2C9,MARCKS_target,CALR3,LATS1,MARCKS_target,GJA1,RAB9A,CTNNA1,LAMTOR1,LYN,SEPT10,RPS6,RPS6,PRPH,AIFM1,KRT19,AIFM1,PEX14,LYN_target,KDM1A,EPB41L4A_Cterm,ATP2A1,EIF6,TJP1,SYNE3_Nterm,CAV1,SEPT9,LRRC59_Nterm,ERGIC1,GOLGA1,KRAS_target,RPS20,TRIM36_Cterm,PARD3,LCK,PAFAH1B1,PEX3,HIST1H2BG,SQSTM1,CKAP4,KRT19,MAPRE1,SYNE3_Cterm,KRT18,CCDC14,NEFM,C11orf52,CYP2C1_sigseq,LAMP2,NEFM,KRAS_target,AARS2,PRPF8,TRAP1,CKAP4,ERGIC1,CALR3,ANK3,DHFRL1,RHOB,ANKFY1,DDX23,DIRAS3,CKAP4,NPM1,FBL,RAB5A,CAMSAP2,ASH2L,CYP2C9,APEX1,RAB11A,LRRC59_Cterm,LAMTOR1_target_peptide,Pxn,RPN2,UTP4,PARD3,ANKFY1,RPS24,PDHA1,COX4I1,CTNNA1,GJD3,ERGIC1,SYNE3_Cterm,UTP4,PDHA1,GOLGA1,CLIP1,EBAG9,DCTN1,ELOVL5
ANAPC2,CLTB,EMD,TERF2IP,C11orf52,SQSTM1,POLR2C,CCDC14,RPN2,SEC61B_Nterm,CXADR,BCAP31,CTNNB1,RPS6,ANKFY1,ATP2A1,FLOT1,KIF2A,SYNE3_Nterm,LNPK_Cterm,RAB35,VAPA,AIFM1,HSD3B7,RAB5A,LATS1,TRIM36_Cterm,HSD17B11,TJP1,RPN1,C11orf52,TUBB,ANAPC2,TRIM36_Cterm,NUP155_Cterm,SERBP1,PAFAH1B1,DENND6A,STX6,DERL1,RPS24,RAB5C,PEX14,SYNE3_Nterm,EIF6,CYP2C1_sigseq,GORASP1,GJD3,SEPT10,RAB11A,PHB2,LAMTOR1_target_peptide,ASF1A,CENPA,ATG12,C11orf52,SYNE3_Nterm,EMD,STIL,KRT19,GFAP,ACTB,PXMP2,ELOVL5,UTP4,DENND6A,CAV1,COX4I1,RAB3B_Nterm,SEPT10,CENPA,NUP50,ARF6,CAMSAP2,VAPA,LNPK_Cterm,PANX1,AIFM1,RAB11A,STIL,DERL1,ZFPL1,TJP2,ASH2L,ERGIC1,NUP155_Nterm,C11orf52,NOP56,RAB4A,STIL,POLR2C,LATS1,REEP5,CLIP1,CLIP1,STX7,ATP2A1,SFXN1,GORASP1,NEFM,PHB2,STX7,DCTN1,ARF6,PARD3,GFAP,EPB41L4A_Cterm,KRAS_Q61H,TERF2IP,EZR,SYNE3_Cterm,EZR,ELOVL5,RPS20,RPN2,PDHA1,RPS20,PXMP2,VAPA,GOLGA2,ZNF330_target,CAMSAP2,KRAS_target,CDK5RAP2,AP2B1,SFXN1,NUP50,KRT19,REEP5,PAFAH1B1,AGPS,SEC62,KDM1A,RAB9A,NDC80,SYNE3_Cterm,GJA1,AARS2,PCNT,ERGIC2,CDK5RAP2,TRIM36_Nterm,DHX40,LRRC59_Cterm,AP2B1,APEX1,LATS1,TJP2,SYNE3_Nterm,CAMSAP2,NOP56,ANKFY1,LCK,CTNNA1,LCK,GJD3,STIL,ZFPL1,LMAN1,VASP,TRAP1,LYN_target,FLOT1,POLR2C,RAB3B_Nterm,KIF2A,PXMP2,CALR3,AKAP1,C11orf52,GOLGA1,AMOT,DHX40,CLTA,DHX8,LAMP2,STIL,SFXN1,KRAS_Q61H,RAB5A,KRAS_target,SASS6,DHX8,EPB41L4A_Cterm,RAB4A,RAB35,TMPO,GORASP1,CEP135,RPS24,LMAN1,CEP135,TJP1,ERGIC2,LRRC59_Nterm,EBAG9,SV40_NLS,AMOT,STIL,PDIA4,PEX3,FLOT1,LAMP3,CAV1,ZNF330_target,CALU,ERGIC2,TUBA1A,ATP2A1,KRT19,CDK5RAP2,CD3EAP,STIM1,OCLN,AKAP1_target,CENPA,TRIM36_Cterm,AKAP1_target,RPS24,KIF2A,CAV1,PHB2,PCNT,DENND6A,ASF1A,ANK3,TRAP1,CALR3,VCL,CCDC14,EIF6,NOP56,POLR2C,LAMP3,PDIA4,NDC80,LYN,CAV1,POLR1E,MARCKS,PCM1,TRAP1,SFXN1,SEC61B_Cterm,PDHA1,CLTA,PARP1,CAMSAP2,SQSTM1,LRRC59_Cterm,SQSTM1,DERL1,CBX3,LAMP2,COX8A_target,LAMP2,RAB35,RPS6,ASH2L,DDX23,PDIA4,EZR,LYN_target,SV40_NLS,ATG12,GJA1,VCL,CTNNA1,HSD17B11,METTL7A,HSD3B7,ASH2L,STX7,ZYX,ACTR2,TMOD1,ERGIC1,ZFPL1,GOLGA2,LNPK_Nterm,ZYX,ZFPL1,DHX40,PHB2,COIL,KRAS_target,SASS6,PTK2,SEPT10,KRT8,RPS20,LMAN1,CS,ACTR1A,RDX,CYP2C9,Pxn,RDX,CTNNB1,RAB5C,STIL,SEPT10,PAFAH1B1,NOP56,LCK,DHX8,LMNA,ACBD5,TMOD1,CBX3,CLIP1,LAMTOR1,PRPH,DHX40,KRAS_target,DIRAS3,ARF6,LYN_target,LCK,MARCKS_target,HSD17B11,PDIA4,DERL1,FLOT1,LMNB1,TUBA4A,POLR2C,TUBA1A,ERGIC2,ZYX,GORASP1,LMAN1,PDHA1,TERF2IP,LMAN1,HSD3B7,COX8A_target,HNRNPA1,BCAP31,DDX23,PEX14,ATP2A1,CD3EAP,NDC80,RPS24,ARF6,TUBB,TRAP1,LNPK_Cterm,CALR3,PXMP2,DYNC1I2,ANK3,LRRC59_Nterm,PRPF8,EPB41L4A_Cterm,KIF2A,RAB5A,CLTB,ACTB,CLTB,DENND6A,COX8A_target,MAPRE1,SEC62,LYN_target,B3GAT1,PHB2,TERF2IP,TRIM36_Cterm,RPS24,RAB5C,LCK,RAB9A,GJA1,ZYX,CAMSAP2,KRAS_target,GJA1,CCDC14,STIL,LMNB1,TJP1,CYP2C1_sigseq,B3GAT1,DHX8,RAB2A,RAB9A,ACTR2,SV40_NLS,DHX8,CXADR,SEC61B_Nterm,LMAN1,HIST1H3A,SASS6,PRPF8,PRPF8,IMPDH2,CENPA,PCM1,RAB9A,KRAS_Q61H,NPM1,TJP2,SQSTM1,ACTR2,TMPO,BORCS6,SYNE3_Nterm,MLLT4,COX4I1,AARS2,UTP4,IMPDH2,RAB2A,MARCKS,HSD3B7,GJA1,AP2B1,BORCS6,RPS6,PAFAH1B1,REEP5,HSD17B11,SEC61B_Cterm,GJD3,ASF1A,GORASP1,CS,KDM1A,ACTR2,CYP2C9,CYP2C1_sigseq,SYNE3_Cterm,LNPK_Cterm,BCAP31,AARS2,TUBA1A,CDK5RAP2,STIM1,RAB35,LCK,RAB9A,LCK,DYNC1I2,LYN_target,NCBP3,KRT18,DHFRL1,RAB3B_Nterm,PCM1,LAMP3,PDHA1,SEPT10,PARD3,CTNNB1,TJP2,VAPA,CEP135,RAB11A,VCL,CKAP4,LAMP1,NUP155_Nterm,HIST1H3A,LAMTOR1,IMPDH2,RAB11A,ASH2L,ELOVL5,RPN2,GORASP1,GJA1,HSD17B11,HSD3B7,AMOT,CDK5RAP2,LMAN1,AKAP1_target,AIFM1,ACTR1A,CXADR,ACTR3,DCTN2,RPS6,MAPRE3,CALU,CEP135,RAB4A,STX4,NDC80,NUP155_Cterm,LAMP1,CLIP1,COIL,PRPF8,AGPS,LATS1,PHB2,LYN,METTL7A,PTK2,CYP2C1_sigseq,BORCS6,ACTR2,HSD3B7,ERGIC1,ZNF330_target,BORCS6
UTP4,ACBD5,TRAP1,COIL,LNPK_Cterm,POLR1E,RDX,LMAN1,APEX1,ERGIC2,GORASP1,PEX3,SEC62,LAMTOR1,PANX1,RAB9A,ACBD5,AARS2,DCTN2,VCL,NIFK,RDX,KDM1A,LAMTOR1_target_peptide,SEPT9,DCTN1,AARS2,CAMSAP2,C11orf52,VIM,RAB4A,RPN1,LNPK_Cterm,SASS6,BORCS6,CTNNA1,SYNE3_Cterm,TUBB,CLIP1,SEC61B_Nterm,SFXN1,RPN1,SASS6,AKAP1_target,C11orf52,LMNA,CAV1,MARCKS_target,POLR1E,BORCS6,KRT19,SEC62,RHOB,NCBP3,PXMP2,RAB4A,HSD17B11,MLLT4,KRAS_Q61H,SEC61B_Nterm,SEC62,ZFPL1,KDM1A,CDK5RAP2,CKAP4,ACTR1A,NCBP3,ZNF330_target,CLTA,DYNC1I2,MARCKS,ARF6,TUBA4A,OCLN,CTNNB1,REEP5,TUBA1A,CS,PEX14,COIL,GORASP1,LRRC59_Nterm,KRT8,COX8A_target,SFXN1,ANKFY1,STX4,TRAP1,RPS24,NEFM,LYN_target,PDIA4,VIM,CXADR,KRAS_Q61H,C11orf52,CLIP1,VIM,RPL31,ACBD5,NUP155_Cterm,CALR3,RHOB,CKAP4,SEC61B_Nterm,TUBB,FBL,TUBA1A,BORCS6,CDK5RAP2,ANAPC2,LYN_target,DIRAS3,EMD,GOLGA1,NUP155_Cterm,NIFK,APEX1,COX8A_target,CLTA,C11orf52,CALU,PANX1,SQSTM1,STX4,TUBB,KRT8,IMPDH2,PFN1,TRAP1,PARP1,NDC80,AP2B1,DDX23,COIL,BCAP31,SYNE3_Cterm,PRPH,STIL,NEFM,POLR1E,RAB9A,PARD3,KRT8,NIFK,NUP155_Nterm,BCAP31,CENPA,Pxn,ACTR2,NPM1,ZYX,RAB35,STIM1,CLTA,NEFM,EBAG9,AGPS,CTNNA1,LYN,C11orf52,TUBB,PEX14,LAMP2,MAPRE1,PHB2,BCAP31,GORASP1,CKAP4,FLOT1,SASS6,TUBA4A,SYNE3_Cterm,DYNC1I2,TJP2,LMNA,GOLGA2,LNPK_Cterm,CLTA,RPS20,LYN,SYNE3_Nterm,AP2B1,SV40_NLS,CTNNA1,ANKFY1,ELOVL5,KRT8,RAB11A,PXMP2,LAMP2,SERBP1,HIST1H3A,NIFK,ANKFY1,AGPS,ASF1A,LMNB1,SEPT9,KIF2A,Pxn,ACTR2,DHFRL1,VCL,MARCKS,LCK,METTL7A,GJD3,IMPDH2,STX4,LMNA,EPB41L4A_Cterm,NUP155_Cterm,LAMP2,MLLT4,SQSTM1,ACTB,TUBB,CS,BORCS6,ANAPC2,EBAG9,COIL,LYN,NUP155_Cterm,FLOT1,ERGIC2,RPS20,COIL,LATS1,SYNE3_Cterm,NUP50,CALU,EPB41L4A_Cterm,EIF6,UTP4,POLR2C,SEC62,RPN2,LNPK_Nterm,ERGIC2,OCLN,ASH2L,APEX1,RAB35,PARD3,TUBA1A,SEPT9,LNPK_Nterm,LMNB1,LRRC59_Nterm,CDK5RAP2,PHB2,LRRC59_Nterm,SEPT10,RPN2,LMNA,ATP2A1,DERL1,COX4I1,CLTB,CCDC14,SEPT10,IMPDH2,LYN_target,KDM1A,LATS1,ANAPC2,LRRC59_Nterm,TUBA4A,RHOB,RAB5A,NDC80,NEFM,LAMP2,EMD,PHB2,COX4I1,RPS20,VAPA,AGPS,METTL7A,ACTB,RPS6,RAB9A,RDX,ERGIC1,LNPK_Nterm,LAMP2,EBAG9,VIM,RAB5A,SQSTM1,PANX1,EPB41L4A_Cterm,CXADR,GJA1,LAMTOR1_target_peptide,CYP2C9,HSD17B11,CS,PEX3,ZNF330_target,HNRNPA1,PCM1,LAMTOR1_target_peptide,ANAPC2,CALU,TUBB,DERL1,CD3EAP,EBAG9,NUP155_Nterm,CAMSAP2,AKAP1_target,DHX8,C11orf52,ASH2L,CLIP1,METTL7A,LAMTOR1_target_peptide,TRIM36_Nterm,RAB35,KRT8,SYNE3_Nterm,MAPRE3,RPL31,ARF6,STX4,CAMSAP2,SQSTM1,AKAP1,RHOB,CALU,CAV1,MLLT4,MLLT4,TRIM36_Cterm,DIRAS3,RAB9A,TRIM36_Cterm,VASP,AKAP1,PCNT,CLTA,LAMP3,AP2B1,CLTB,LATS1,HSD17B11,SEC61B_Nterm,PANX1,LATS1,DHX40,SASS6,IMPDH2,VASP,KRT8,NOP56,ACTR3,TJP2,TUBB,PEX3,CDK5RAP2,PARD3,PDHA1,CAV1,MAPRE1,RAB35,PAFAH1B1,LNPK_Cterm,TMPO,PRPF8,POLR2C,CKAP4,GORASP1,PHB2,CLIP1,SSR1,AMOT,STX6,RHOB,ERGIC2,PDIA4,EZR,NIFK,GJD3,PDIA4,HIST1H2BG,CLIP1,VASP,CLIP1,CTNNB1,LYN_target,PRPH,MAPRE1,KRT19,HSD17B11,PANX1,CD3EAP,RPS20,LMNB1,CXADR,SFXN1,PDIA4,STX7,ERGIC2,NEFM,LNPK_Nterm,LAMTOR1,SEPT9,DIRAS3,ZNF330_target,AMOT,PXMP2,C11orf52,RPS6,MLLT4,CYP2C9,CAMSAP2,SEPT10,VASP,SFXN1,LNPK_Cterm,STX7,LCK,DDX23,PRPF8,LRRC59_Nterm,NPM1,LNPK_Nterm,CD3EAP,GJD3,C11orf52,MAPRE1,RDX,AKAP1_target,C11orf52,PTK2,PDHA1,PAFAH1B1,CALU,RPN2,NCBP3,EPB41L4A_Cterm,PCM1,PRPF8,GFAP,B3GAT1,RAB5A,LMNB1,RPS24,LCK,CBX3,PTK2,ZNF330_target,VAPA,ANK3,RAB4A,CDK5RAP2,B3GAT1,SV40_NLS,TRAP1,CS,RAB11A,LAMP1,LMNA,DDX23,NPM1,ACTR3,MARCKS_target,STIM1,EBAG9,CAMSAP2,POLR1E,Pxn,EMD,RHOB,HNRNPA1,LCK,CS,NEFM,SASS6,TUBB,RPN1,FLOT1,RPS20,RAB2A,TMOD1,VIM,TRAP1,CCDC14,ELOVL5,DDX23,LMNA,DCTN2,DCTN1,PXMP2,CAV1,SYNE3_Cterm,CALU,DCTN1,SSR1,ANKFY1,PTK2,EIF6,RAB3B_Nterm,VIM,PCM1,NOP56
STX6,CEP135,LYN_target,B3GAT1,RAB9A,CLTB,ANAPC2,PDHA1,BCAP31,PTK2,LRRC59_Nterm,PCNT,PCM1,SYNE3_Nterm,LATS1,LAMTOR1_target_peptide,AIFM1,SYNE3_Cterm,NCBP3,AKAP1_target,NCBP3,CAMSAP2,GFAP,PAFAH1B1,TJP2,RPS6,TUBA4A,LAMP1,CDK5RAP2,MARCKS_target,PRPF8,NDC80,KDM1A,RPL31,CLTB,DYNC1I2,HSD3B7,LRRC59_Nterm,CDK5RAP2,SV40_NLS,KRT8,PANX1,LMAN1,KIF2A,ELOVL5,OCLN,KRT8,VIM,NOP56,CXADR,GJD3,CALU,TERF2IP,ARF6,GJA1,CYP2C1_sigseq,RAB2A,SQSTM1,SFXN1,RAB11A,VAPA,MAPRE1,LYN_target,PDIA4,LRRC59_Nterm,MAPRE1,EBAG9,EBAG9,NIFK,LAMTOR1_target_peptide,RHOB,BORCS6,PARD3,STX7,LYN,PARP1,PHB2,TRIM36_Nterm,KIF2A,NEFM,TJP1,PARD3,BORCS6,RAB5A,TMPO,SEPT9,ANAPC2,ASH2L,CEP135,PEX3,REEP5,ACTR1A,Pxn,TJP2,ZNF330_target,SYNE3_Nterm,CBX3,CD3EAP,ELOVL5,ATG12,TUBA1A,RPN1,NIFK,UTP4,RPS6,HIST1H3A,Pxn,TRAP1,NOP56,STX7,C11orf52,SEC61B_Nterm,PCNT,RPN2,TERF2IP,PEX14,CYP2C1_sigseq,AP2B1,DHFRL1,CCDC14,TUBA4A,TMOD1,SSR1,KIF2A,SASS6,PDHA1,GFAP,ANAPC2,AP2B1,CKAP4,LNPK_Nterm,TRIM36_Cterm,NIFK,DHX40,RAB5A,ACTB,ATP2A1,NDC80,SEC61B_Cterm,VCL,TERF2IP,CLIP1,VASP,LYN_target,RDX,ERGIC2,SYNE3_Nterm,EIF6,CENPA,LAMP1,AKAP1_target,ACTR1A,BORCS6,PDIA4,CAV1,ANAPC2,MARCKS,HSD3B7,PHB2,CALR3,LNPK_Nterm,CDK5RAP2,CDK5RAP2,EZR,PRPH,FBL,HNRNPA1,PANX1,LYN,BORCS6,DCTN1,NIFK,RPN2,B3GAT1,CALR3,DCTN1,NEFM,MLLT4,ANKFY1,KRT18,CALU,DHFRL1,PCM1,METTL7A,TJP1,SEPT10,CTNNA1,SYNE3_Nterm,TMOD1,STX4,DIRAS3,VAPA,MAPRE1,SEPT9,LAMP2,DYNC1I2,STIM1,LMNA,CYP2C9,COIL,PHB2,SEC61B_Nterm,SEC62,TUBA1A,ZFPL1,CCDC14,MARCKS,RAB4A,ERGIC2,ANAPC2,PEX3,LYN_target,GORASP1,PEX3,FBL,PARD3,SYNE3_Nterm,DHX8,DHX8,TRIM36_Nterm,PARD3,RPN2,STIM1,KRT8,AMOT,SEC62,AP2B1,KDM1A,AARS2,LAMTOR1_target_peptide,DERL1,PRPH,CBX3,RAB3B_Nterm,CKAP4,LMAN1,VASP,TJP2,PARD3,ARF6,FBL,ZNF330_target,RPS24,CLTB,PCM1,AIFM1,KRT18,ERGIC1,VIM,LYN,LAMTOR1,RPN1,EPB41L4A_Cterm,STIL,HSD17B11,MARCKS,HIST1H2BG,ZYX,RAB35,PEX3,CALR3,VASP,DHFRL1,LAMP3,APEX1,LYN,CDK5RAP2,CEP135,SQSTM1,CTNNB1,CXADR,RAB3B_Nterm,LAMTOR1,PEX14,EZR,VIM,SEPT10,NUP50,DHX40,MARCKS,RPN2,CYP2C1_sigseq,PDIA4,EBAG9,AGPS,RAB35,CALU,PARD3,GFAP,KDM1A,HSD17B11,CTNNA1,LAMP1,CKAP4,GOLGA2,SQSTM1,DENND6A,PCM1,SEPT9,DHFRL1,LRRC59_Nterm,RAB2A,DENND6A,GJA1,DENND6A,BORCS6,PANX1,RPN1,KRAS_Q61H,HSD17B11,APEX1,STX4,HIST1H2BG,RPN2,ERGIC2,CDK5RAP2,CBX3,DERL1,LRRC59_Nterm,DERL1,PCM1,LATS1,SEC61B_Cterm,RHOB,DHX8,FLOT1,ANAPC2,CTNNA1,AGPS,LYN,KIF2A,B3GAT1,TJP2,MAPRE1,TJP1,EPB41L4A_Cterm,PFN1,POLR2C,GOLGA1,AKAP1,TUBA4A,HNRNPA1,KRAS_Q61H,ATG12,OCLN,EZR,DHFRL1,CAV1,LYN,ASF1A,CYP2C9,SEC61B_Nterm,ZNF330_target,SASS6,NIFK,ANKFY1,RPN1,LMNA,DYNC1I2,KRAS_Q61H,OCLN,NUP155_Cterm,SEC61B_Nterm,CAV1,SEC61B_Cterm,ERGIC1,DYNC1I2,ASH2L,METTL7A,CXADR,DDX23,PEX3,PARP1,LMNB1,MLLT4,METTL7A,PEX3,AGPS,PARD3,LAMP3,KRAS_target,LMNA,PFN1,CKAP4,PANX1,STIM1,CALU,NUP50,DCTN2,EPB41L4A_Cterm,RAB35,EIF6,DERL1,SERBP1,C11orf52,TRAP1,ANKFY1,COX4I1,CXADR,CYP2C9,PXMP2,PAFAH1B1,CLIP1,AMOT,EMD,PHB2,UTP4,GJA1,STIM1,VCL,TRIM36_Nterm,KRT8,CTNNA1,ACTR3,CEP135,PXMP2,TUBA4A,TUBB,MAPRE3,GORASP1,HNRNPA1,LMNA,ERGIC1,STX7,PRPH,AKAP1,RDX,PAFAH1B1,HSD3B7,ACTR3,LAMP2,VASP,ACBD5,NIFK,LRRC59_Cterm,Pxn,ELOVL5,CLTB,TUBB,LRRC59_Nterm,ACTR2,RHOB,LAMP1,STIL,PARP1,SQSTM1,EZR,TUBA1A,TRAP1,SEC61B_Nterm,NUP155_Nterm,ACTR3,RPN2,B3GAT1,STIM1,MAPRE1,EBAG9,CEP135,RHOB,MLLT4,ACTR1A,DDX23,KIF2A,TMOD1,BORCS6,Pxn,LMNB1,ACTR3,RAB3B_Nterm,Pxn,CLTB,EZR,CYP2C1_sigseq,NEFM,KIF2A,GJD3,NOP56,RPS24,SQSTM1,NPM1,BCAP31,CXADR,DENND6A,ACTR2,ANKFY1,ARF6,PANX1,BORCS6,NCBP3,AMOT,CENPA,NUP155_Nterm,MARCKS,CALU,KRT18,NDC80,HSD17B11,PCNT,ANK3,TUBB,RPL31,STX7,NCBP3,KRAS_Q61H,LNPK_Nterm,CCDC14,ACBD5,ANAPC2,DHFRL1,APEX1
LYN,LAMP2,KRAS_target,EMD,KRT8,KRAS_target,LAMP1,LAMP3,DENND6A,CKAP4,NPM1,STIM1,ANKFY1,RAB35,LAMTOR1_target_peptide,ACBD5,SEC61B_Cterm,SSR1,ZFPL1,NPM1,ZNF330_target,TRAP1,LNPK_Nterm,RAB9A,LRRC59_Cterm,METTL7A,ACBD5,C11orf52,SYNE3_Cterm,RPL31,MAPRE1,ANK3,TMPO,SSR1,APEX1,SQSTM1,PXMP2,CS,TJP1,ARF6,STX4,APEX1,SV40_NLS,TUBA1A,ANAPC2,LAMTOR1_target_peptide,PRPH,CAV1,ZNF330_target,DHX40,CKAP4,PCM1,LNPK_Cterm,PANX1,LATS1,VCL,PXMP2,PCM1,B3GAT1,CCDC14,RDX,OCLN,KRT8,RPN2,STIL,APEX1,EMD,LYN_target,GOLGA1,COIL,HIST1H2BG,SFXN1,NOP56,PANX1,HSD3B7,TMPO,CDK5RAP2,LAMP2,GOLGA1,RAB2A,EZR,HIST1H3A,STX6,PANX1,ATP2A1,VCL,NEFM,AKAP1_target,SERBP1,AARS2,CLTA,RAB3B_Nterm,AARS2,CD3EAP,NDC80,VASP,BCAP31,REEP5,PAFAH1B1,NIFK,COX4I1,SEC62,DHFRL1,RPS20,OCLN,BCAP31,LYN,RPS24,NEFM,FBL,COX8A_target,CAV1,SEC61B_Nterm,ERGIC2,LCK,COX4I1,SEC62,AARS2,DERL1,NEFM,LNPK_Nterm,RAB4A,PEX14,TMPO,FBL,CAMSAP2,DHX8,VCL,DCTN2,TMOD1,PCM1,KRT19,NUP155_Cterm,STIL,PAFAH1B1,SASS6,PCM1,TJP1,SEPT10,DENND6A,PARD3,PTK2,RPS6,ANAPC2,RPS6,DHX40,SFXN1,HIST1H2BG,GOLGA1,RAB5A,PAFAH1B1,PTK2,ERGIC2,DCTN2,PRPH,CD3EAP,CCDC14,GJA1,LMNA,LAMP1,LNPK_Cterm,LMAN1,SEC61B_Nterm,CEP135,LATS1,APEX1,CLTA,LMNB1,RPS24,CAMSAP2,SYNE3_Nterm,RPS20,EBAG9,CYP2C9,RAB5C,CALU,LNPK_Nterm,RAB9A,RAB4A,RAB4A,CEP135,AGPS,GJD3,EMD,MAPRE3,PEX3,DIRAS3,UTP4,LMAN1,SEC62,MAPRE1,POLR1E,KRAS_target,KRAS_Q61H,TERF2IP,KRAS_target,CCDC14,EZR,MAPRE3,SEC61B_Nterm,ARF6,RPL31,RAB9A,CDK5RAP2,HIST1H3A,CTNNB1,APEX1,CAMSAP2,RAB9A,DHX40,MARCKS_target,ACTR3,KDM1A,FLOT1,PANX1,TUBA4A,APEX1,CTNNA1,STIL,GJA1,GORASP1,CD3EAP,TJP2,TMOD1,IMPDH2,DERL1,KRAS_Q61H,SV40_NLS,TUBB,TUBB,RDX,LATS1,ERGIC2,Pxn,CCDC14,PCNT,DIRAS3,RAB2A,AKAP1_target,SQSTM1,ANK3,EBAG9,CS,LMNB1,NOP56,ACTR1A,NUP155_Cterm,DHX8,SEPT10,PDHA1,RAB9A,VASP,KRAS_target,TMPO,CCDC14,AKAP1_target,AKAP1,LMNB1,FBL,AARS2,DDX23,SFXN1,STX4,LAMP2,UTP4,PDHA1,MAPRE1,METTL7A,KRT8,HSD17B11,B3GAT1,ACBD5,POLR1E,HSD3B7,DDX23,CD3EAP,SEC61B_Cterm,REEP5,CLTA,NIFK,ERGIC1,CAMSAP2,DHFRL1,PFN1,RPN2,SV40_NLS,Pxn,SFXN1,SASS6,METTL7A,TMPO,PAFAH1B1,ERGIC1,MARCKS_target,POLR2C,ASF1A,RAB5C,PARD3,ATP2A1,RAB4A,LMNA,VIM,C11orf52,LRRC59_Cterm,EPB41L4A_Cterm,KRT8,CYP2C9,SEC61B_Nterm,AKAP1_target,CD3EAP,CYP2C9,CLTB,REEP5,NUP50,SASS6,CAMSAP2,RPS20,STIM1,PANX1,RPS24,RAB11A,CTNNA1,TRAP1,MARCKS,NIFK,DERL1,APEX1,ACBD5,TMPO,STIL,NPM1,DENND6A,PDIA4,TUBB,CLIP1,NUP155_Cterm,KRAS_target,CTNNB1,LAMTOR1,GJA1,AARS2,ELOVL5,CAV1,ACTR2,PTK2,KRAS_target,STX6,CYP2C9,LMAN1,GOLGA1,PTK2,RAB35,ACTR2,CLTA,CEP135,DCTN1,FLOT1,AMOT,DERL1,EIF6,STX7,LMNA,DCTN1,COX4I1,HIST1H3A,STX4,DHX40,TMPO,CYP2C9,MARCKS,SASS6,MAPRE3,RAB5C,TRAP1,FBL,KDM1A,PARD3,SV40_NLS,ACTR3,MAPRE1,HIST1H3A,HIST1H3A,AKAP1,MAPRE1,DHX40,AMOT,STIM1,IMPDH2,EPB41L4A_Cterm,DHX40,RPS6,REEP5,SYNE3_Cterm,LRRC59_Cterm,PDIA4,AKAP1,ACTR3,TUBA1A,AKAP1,VASP,KDM1A,CYP2C1_sigseq,KRAS_target,MAPRE3,KDM1A,RAB4A,LAMTOR1_target_peptide,IMPDH2,TMPO,VIM,IMPDH2,OCLN,CEP135,B3GAT1,PHB2,RHOB,STIL,RPS20,RAB9A,CTNNB1,HIST1H3A,LAMP2,LAMTOR1,KRT18,RAB11A,COX4I1,PXMP2,RAB4A,ACBD5,EBAG9,SYNE3_Cterm,TRIM36_Cterm,LMNA,EMD,DHFRL1,ERGIC1,LAMTOR1,PARD3,IMPDH2,VIM,TRIM36_Nterm,TRIM36_Cterm,LYN,ANAPC2,KIF2A,CD3EAP,KRT18,HIST1H2BG,ACBD5,KDM1A,LAMTOR1,DHX40,CDK5RAP2,LAMTOR1,CYP2C9,LMNB1,MAPRE3,VAPA,CTNNB1,SFXN1,BORCS6,FBL,CAMSAP2,SEC62,KRT18,STIM1,PDHA1,GJD3,TRAP1,LNPK_Cterm,PHB2,GFAP,PFN1,CKAP4,MARCKS,CAV1,ACTR3,KRAS_Q61H,DCTN2,LAMP2,DENND6A,AKAP1,PCNT,ANKFY1,NDC80,STX7,KRT19,DYNC1I2,ANK3,OCLN,ERGIC1,GORASP1,ATG12,TMPO,OCLN,NCBP3,TRIM36_Cterm,CALR3,APEX1,ANAPC2,AIFM1,CALR3,DYNC1I2,AKAP1_target,CLIP1,EBAG9,TMPO,LCK,EPB41L4A_Cterm,CLIP1
RPN1,LMAN1,LATS1,CALU,CLTB,LATS1,TRIM36_Cterm,HNRNPA1,MAPRE3,AKAP1_target,RDX,HIST1H2BG,CLTA,NUP155_Cterm,RPS24,LNPK_Cterm,RPS24,DIRAS3,CEP135,REEP5,BORCS6,NUP155_Nterm,VASP,HNRNPA1,RDX,AKAP1_target,ERGIC1,ATG12,NUP155_Cterm,NDC80,HNRNPA1,CAV1,CBX3,CBX3,LNPK_Nterm,NOP56,CCDC14,PCNT,LRRC59_Nterm,ELOVL5,SEC62,LAMP3,EIF6,FBL,KRT19,PHB2,SERBP1,HIST1H2BG,DHX8,NIFK,EBAG9,AIFM1,EZR,DENND6A,SEPT9,DHX40,PARP1,NDC80,RPS20,SYNE3_Cterm,SYNE3_Cterm,LRRC59_Nterm,GJA1,RAB11A,PXMP2,KDM1A,NUP50,KRAS_target,RAB5A,LAMTOR1,PHB2,LNPK_Cterm,RPS20,ZYX,SEPT9,HIST1H2BG,GJD3,VIM,RAB2A,SSR1,STIM1,EZR,SASS6,MAPRE1,ASH2L,RHOB,LNPK_Cterm,DDX23,ANAPC2,KRAS_Q61H,NIFK,PDHA1,FBL,PXMP2,LNPK_Cterm,SASS6,SERBP1,ANKFY1,B3GAT1,LAMP1,LAMP1,SASS6,MARCKS_target,VAPA,DCTN1,DHX40,COX4I1,FLOT1,LAMP3,DYNC1I2,HIST1H3A,RPN1,MARCKS_target,RAB11A,LMNA,NCBP3,CTNNA1,CBX3,CS,LRRC59_Cterm,DHX40,GOLGA2,BCAP31,FBL,PHB2,APEX1,PCM1,GJA1,RPS24,SEC61B_Nterm,ANK3,AP2B1,MARCKS,HIST1H2BG,SV40_NLS,CEP135,PDIA4,LMNB1,CLTA,CTNNA1,MLLT4,CTNNB1,ATP2A1,PFN1,CALR3,RDX,SEPT9,PCNT,HSD3B7,ATG12,AKAP1,GJD3,LRRC59_Cterm,RAB11A,SASS6,DCTN2,DHX8,PARD3,SEC62,EZR,SEC61B_Cterm,TRIM36_Cterm,RAB2A,TERF2IP,PEX14,RPN1,CLIP1,NOP56,PRPF8,MARCKS,LAMP1,DHX40,STX6,ACTR1A,CAMSAP2,PARD3,CENPA,RAB2A,TMPO,TERF2IP,DIRAS3,LNPK_Cterm,RAB3B_Nterm,AMOT,ACBD5,MARCKS,SEC61B_Cterm,ZFPL1,LCK,AGPS,HNRNPA1,AGPS,RPN2,CEP135,ACTR1A,AKAP1_target,ACTR1A,PRPF8,SQSTM1,PDHA1,STIM1,NEFM,NUP155_Cterm,COIL,C11orf52,SEC61B_Nterm,NEFM,B3GAT1,PANX1,PEX14,LAMP1,RAB35,Pxn,LMNB1,DENND6A,CAMSAP2,PDHA1,ATG12,EMD,ANAPC2,PANX1,PRPH,RPN1,PDHA1,RAB3B_Nterm,CBX3,UTP4,AKAP1,LNPK_Cterm,CLIP1,ASH2L,METTL7A,CD3EAP,CAV1,NDC80,CAV1,NPM1,AIFM1,DENND6A,CLTB,HIST1H2BG,GFAP,EBAG9,DDX23,RAB11A,PANX1,HNRNPA1,ELOVL5,Pxn,DHFRL1,CKAP4,STIM1,CLIP1,SEC62,PDHA1,RPS24,ELOVL5,POLR1E,TJP2,SASS6,RPS24,APEX1,LRRC59_Cterm,B3GAT1,CS,TJP2,KDM1A,CALU,TUBB,DHX40,RAB35,ACTB,DYNC1I2,ZFPL1,RPN1,CLTA,CLTB,LRRC59_Cterm,SERBP1,AARS2,TRIM36_Nterm,AMOT,LMNB1,GOLGA1,SASS6,CYP2C1_sigseq,POLR1E,ZFPL1,EZR,DIRAS3,REEP5,CDK5RAP2,RAB5C,RPL31,CLIP1,ZNF330_target,VIM,CTNNB1,LYN,CLTA,DHX8,UTP4,PFN1,SQSTM1,CENPA,SSR1,EIF6,GJA1,ACTR2,EMD,REEP5,DERL1,LNPK_Cterm,KRT19,HSD17B11,RAB4A,HIST1H3A,ANKFY1,VAPA,FBL,STX4,RPL31,CAMSAP2,KRAS_target,AARS2,TRIM36_Cterm,CAV1,NUP50,RPL31,ACTR3,COX4I1,ARF6,KDM1A,KRT19,RPN1,SFXN1,CALR3,ASF1A,SEC61B_Nterm,SERBP1,LAMP3,AP2B1,STX4,PXMP2,BORCS6,DERL1,ANAPC2,CTNNA1,NUP155_Nterm,VIM,HIST1H2BG,DDX23,LMAN1,CCDC14,CYP2C9,STIL,PARP1,DHFRL1,RHOB,ACBD5,DIRAS3,NUP155_Nterm,LYN_target,SEC62,PANX1,GFAP,DCTN1,GFAP,FBL,BCAP31,CDK5RAP2,LCK,CYP2C1_sigseq,ACTB,CBX3,RAB11A,SFXN1,KRT8,ASF1A,Pxn,LNPK_Nterm,ACBD5,ACTR2,RPS6,KIF2A,TUBA4A,TRAP1,BCAP31,POLR1E,MLLT4,NCBP3,LRRC59_Cterm,TRIM36_Cterm,ASF1A,GJA1,CCDC14,HSD17B11,AARS2,RAB2A,ELOVL5,RPL31,PEX3,ERGIC2,CTNNB1,STX7,LAMTOR1,CENPA,OCLN,TRIM36_Cterm,LMAN1,NUP50,RPL31,GJD3,SFXN1,MLLT4,IMPDH2,RPS20,KIF2A,ACTR3,LMAN1,SQSTM1,ANAPC2,RAB5A,DIRAS3,COX4I1,APEX1,TRIM36_Nterm,GJD3,STX7,ERGIC2,LYN_target,RPN2,KIF2A,SFXN1,METTL7A,AP2B1,PRPF8,TERF2IP,HIST1H3A,LNPK_Cterm,NEFM,HIST1H3A,GOLGA1,COX4I1,TJP1,OCLN,NUP50,ERGIC2,AKAP1_target,DYNC1I2,LYN_target,MARCKS_target,VIM,RAB4A,NUP155_Cterm,RPS6,CEP135,LNPK_Cterm,CS,RPS20,CAV1,POLR1E,RPL31,RAB3B_Nterm,RAB5A,POLR1E,ANKFY1,PARP1,APEX1,ANK3,KRAS_target,RAB3B_Nterm,HIST1H3A,ATP2A1,AKAP1_target,LAMP3,KDM1A,LYN,C11orf52,STIM1,LAMTOR1,GORASP1,CTNNB1,CD3EAP,GORASP1,COX8A_target,ANK3,SFXN1,AGPS,PEX14,LRRC59_Nterm,DDX23,LYN_target,AP2B1,CALR3,CTNNB1,SEC61B_Cterm,RPS20,PTK2,NPM1,ELOVL5,SYNE3_Cterm,RAB5C,SEC61B_Cterm,PHB2,PXMP2,CDK5RAP2,SERBP1,AP2B1,RPS6
VCL,PHB2,VAPA,HIST1H3A,POLR2C,CTNNA1,ATP2A1,AP2B1,VIM,AP2B1,TMOD1,KRT19,DHX40,LAMP2,HIST1H2BG,ANK3,AARS2,AP2B1,ACTR1A,TUBB,DCTN1,CTNNA1,DENND6A,GORASP1,DIRAS3,LRRC59_Cterm,SYNE3_Cterm,TJP2,HIST1H2BG,SSR1,DIRAS3,DIRAS3,STX4,RAB5C,SYNE3_Nterm,IMPDH2,KRAS_Q61H,LCK,EIF6,KRAS_Q61H,COIL,KRAS_Q61H,ASF1A,VIM,COX4I1,TMPO,EPB41L4A_Cterm,NUP50,LAMP1,STX4,RAB5A,EPB41L4A_Cterm,SYNE3_Cterm,EIF6,TUBB,OCLN,TUBB,RPN2,EBAG9,PEX3,CENPA,AGPS,DIRAS3,CTNNB1,AIFM1,Pxn,VIM,KRT8,RPS24,PCNT,SEPT10,STX6,MLLT4,SV40_NLS,AIFM1,COX8A_target,STX7,RAB3B_Nterm,STIM1,STX4,RDX,TJP2,LAMP2,COIL,CLTB,DENND6A,TRIM36_Nterm,PCM1,TUBA4A,MARCKS,LAMP2,SERBP1,GJD3,HNRNPA1,VAPA,CLIP1,APEX1,CEP135,TUBA1A,ACTB,RAB35,NUP155_Cterm,ACTR1A,HNRNPA1,ANAPC2,CALU,SEC61B_Nterm,AKAP1,IMPDH2,RPS20,PXMP2,CLIP1,LMNB1,RHOB,DERL1,PFN1,STIM1,REEP5,ACTR1A,MLLT4,GOLGA2,CEP135,RAB9A,RAB5C,STIL,LYN_target,DERL1,LATS1,GOLGA1,LMAN1,ATG12,LYN_target,HNRNPA1,AARS2,Pxn,LMNA,ERGIC2,CKAP4,LAMTOR1_target_peptide,NUP155_Cterm,SYNE3_Nterm,KRT8,CXADR,EIF6,PFN1,SERBP1,HNRNPA1,COIL,ACTB,REEP5,ARF6,PRPF8,DCTN2,HSD17B11,CAMSAP2,TERF2IP,ARF6,AIFM1,PCNT,ANK3,AKAP1,CYP2C9,NPM1,UTP4,SV40_NLS,METTL7A,PHB2,TRIM36_Nterm,DHX8,TJP2,TUBA4A,DCTN1,RPN1,CBX3,CLIP1,RPS6,MAPRE1,Pxn,CALU,CEP135,DCTN1,NUP155_Cterm,TUBA1A,PDHA1,ATG12,SEPT9,SEPT10,PCM1,LAMTOR1_target_peptide,CLTB,MARCKS_target,MLLT4,LCK,RPS24,RHOB,CLTB,PCNT,IMPDH2,CKAP4,PXMP2,NUP155_Nterm,ANAPC2,RAB5A,HSD3B7,COIL,LMNA,C11orf52,REEP5,CAV1,RAB11A,RHOB,VIM,FBL,ZNF330_target,GORASP1,AMOT,LNPK_Cterm,PDIA4,LNPK_Cterm,LAMP2,LAMP2,CTNNB1,AIFM1,AKAP1,SEPT9,SSR1,LAMP3,LNPK_Nterm,CD3EAP,HIST1H2BG,KRT18,CLTA,PAFAH1B1,EIF6,SEPT9,POLR1E,LAMP2,GOLGA2,RAB9A,CDK5RAP2,AGPS,PEX3,CLTA,COX8A_target,TRIM36_Nterm,RPN1,RAB11A,CTNNA1,CLIP1,AKAP1_target,CALU,CXADR,KRT19,PANX1,TRAP1,LYN,CLIP1,VASP,NDC80,ZYX,CXADR,KRAS_target,DCTN2,SQSTM1,CDK5RAP2,SEC62,ERGIC1,EZR,MAPRE3,FBL,ATP2A1,GFAP,ACTR1A,POLR1E,SYNE3_Cterm,RAB5C,LAMP1,SEC61B_Cterm,CTNNA1,KRAS_Q61H,SEC61B_Nterm,ASF1A,STIL,RAB9A,HIST1H3A,HSD3B7,ACTR3,FBL,LAMP3,KRT18,VCL,CENPA,LAMTOR1_target_peptide,NOP56,LMAN1,DERL1,SFXN1,CEP135,DCTN1,LMNB1,AGPS,SSR1,TJP1,PCM1,KRAS_target,LAMP1,VASP,ATG12,PCM1,TUBB,POLR2C,KRAS_Q61H,LNPK_Nterm,STX7,RAB3B_Nterm,DCTN2,EPB41L4A_Cterm,TRIM36_Nterm,TJP1,COIL,LMNA,DHFRL1,ERGIC2,REEP5,HIST1H2BG,SEC61B_Nterm,TMPO,TJP1,LAMP2,TRAP1,RPL31,Pxn,ACTR3,OCLN,COX8A_target,CS,CXADR,KRT19,MLLT4,STX4,PAFAH1B1,ACBD5,MAPRE1,AP2B1,CAV1,STX6,KIF2A,DCTN1,ANKFY1,SQSTM1,CALR3,ASH2L,SYNE3_Nterm,IMPDH2,GOLGA1,TUBA4A,TRIM36_Cterm,SFXN1,ACTR2,LMAN1,CYP2C9,VIM,FLOT1,ANKFY1,EPB41L4A_Cterm,TERF2IP,RPL31,DHX40,PAFAH1B1,CS,PCNT,NUP50,RAB5A,DENND6A,PRPH,LAMP2,KRAS_target,HNRNPA1,TUBB,APEX1,LAMP1,KRAS_target,VIM,KDM1A,COX8A_target,COX8A_target,LMNA,SEC61B_Nterm,GOLGA2,SEPT9,AKAP1_target,LAMTOR1,DIRAS3,LAMP1,TERF2IP,RPL31,PEX14,PCM1,EBAG9,PCM1,ATP2A1,CLIP1,DIRAS3,STIM1,PARP1,DCTN2,CTNNB1,CKAP4,PCM1,PFN1,PDIA4,ATG12,ASH2L,LAMP3,RPS6,PAFAH1B1,LRRC59_Nterm,SEC62,CBX3,LMNA,APEX1,DERL1,NIFK,ASH2L,IMPDH2,C11orf52,KRT18,KRAS_Q61H,LMNB1,EMD,LMAN1,MARCKS,TRIM36_Cterm,MARCKS_target,LMNB1,RAB9A,METTL7A,DHFRL1,EMD,ACTR1A,MAPRE3,NEFM,SEPT9,EBAG9,HIST1H2BG,TMOD1,DHFRL1,ANAPC2,UTP4,GFAP,CCDC14,MLLT4,LYN,LYN,TRIM36_Nterm,MLLT4,GFAP,DENND6A,PEX3,LMAN1,AIFM1,PFN1,COX4I1,ASF1A,EZR,GJD3,MLLT4,CENPA,RAB35,GJD3,ANAPC2,RDX,KRT19,PEX3,PEX3,ZNF330_target,LYN,KRT18,CYP2C9,SSR1,LMNA,SFXN1,SEC62,PAFAH1B1,TRAP1,LRRC59_Cterm,DENND6A,COIL,ATG12,EMD,TMOD1,PEX3,SEC61B_Nterm,HSD17B11,APEX1,SEPT10,DERL1,ACTB,CD3EAP,LAMP2,FLOT1,RAB2A,STX4,AMOT,AP2B1,ANKFY1,ATP2A1,CS,VASP,NDC80
LRRC59_Nterm,DDX23,FBL,ZNF330_target,SSR1,TMOD1,PAFAH1B1,RPS24,IMPDH2,POLR2C,HSD3B7,COX4I1,VASP,LNPK_Cterm,TUBB,NEFM,PFN1,EBAG9,PEX3,VAPA,DHX8,STIL,CTNNA1,PTK2,LYN,NPM1,LYN,LRRC59_Nterm,HIST1H3A,GFAP,MAPRE3,DENND6A,CEP135,SEC61B_Nterm,B3GAT1,BCAP31,PEX14,TUBA4A,PRPF8,OCLN,AKAP1,CCDC14,STX7,GOLGA1,TUBA1A,CLTA,LMNA,PARD3,VAPA,LAMP3,MAPRE3,DHX40,ANAPC2,PAFAH1B1,TJP2,SFXN1,CDK5RAP2,CALR3,STX7,CAMSAP2,PEX14,TJP1,SV40_NLS,ANAPC2,ANAPC2,RAB11A,NDC80,SEPT9,LAMTOR1_target_peptide,PEX3,ARF6,FLOT1,TMPO,KRT18,OCLN,CXADR,RPS6,CEP135,TRIM36_Cterm,AKAP1,RPS6,MLLT4,ASH2L,NDC80,DCTN1,ERGIC2,AMOT,PRPF8,EIF6,ELOVL5,CYP2C9,METTL7A,COX8A_target,CALR3,LAMTOR1,CYP2C9,FBL,KRT8,LAMP3,RPS24,STX6,TRAP1,DDX23,LYN,SQSTM1,RPN2,STX7,BCAP31,STIL,ATP2A1,RHOB,VIM,LAMTOR1_target_peptide,TRAP1,CBX3,PEX3,COIL,ATG12,RPN1,COX8A_target,MARCKS,PEX3,TUBA4A,RPN1,HIST1H3A,RPS6,STX4,MARCKS,PANX1,FBL,STIM1,DHX8,ASF1A,EPB41L4A_Cterm,EIF6,TERF2IP,KRT8,KRT18,ZNF330_target,RAB5C,NEFM,UTP4,SASS6,RHOB,SFXN1,BCAP31,PRPH,STIM1,APEX1,STX7,HIST1H2BG,DDX23,TMPO,PCM1,NIFK,ELOVL5,CEP135,RPN1,LRRC59_Nterm,KDM1A,SEC62,SEPT10,CLTA,LAMP1,VIM,DCTN2,B3GAT1,VIM,LRRC59_Cterm,PEX3,LRRC59_Cterm,NOP56,PCM1,PANX1,PRPF8,EPB41L4A_Cterm,AIFM1,PDHA1,TUBB,ACTR1A,LAMP2,TMOD1,STX4,DYNC1I2,POLR2C,TRIM36_Nterm,DYNC1I2,ATP2A1,ACTB,APEX1,PCNT,GJA1,DHX8,RAB4A,KRT18,CALR3,AGPS,RPL31,AIFM1,GFAP,LYN,MARCKS,BORCS6,CLIP1,DYNC1I2,STIL,ACBD5,TJP1,AKAP1_target,AARS2,NDC80,CENPA,CXADR,ACBD5,EBAG9,KRAS_Q61H,STIM1,AARS2,PARP1,STIM1,VCL,RDX,RAB2A,NEFM,ARF6,VCL,CKAP4,TRIM36_Nterm,STIL,PDHA1,NEFM,ZYX,ELOVL5,HSD17B11,LYN,GJD3,RAB35,MARCKS_target,MARCKS_target,DDX23,AP2B1,RAB5C,PARP1,EPB41L4A_Cterm,FBL,NDC80,VIM,TRAP1,EBAG9,PAFAH1B1,GOLGA1,LAMP1,NOP56,VASP,CS,NDC80,DERL1,AKAP1_target,VCL,HSD3B7,MARCKS_target,AMOT,ZFPL1,VCL,STIL,LMNB1,TRIM36_Cterm,ATP2A1,DENND6A,TRIM36_Nterm,LMNB1,NIFK,DHX8,ASF1A,SSR1,EZR,LYN,SEPT9,LMNB1,NPM1,MLLT4,CEP135,RPS20,CTNNA1,CALU,TUBB,CCDC14,HSD3B7,RHOB,AGPS,STX4,CALU,PEX14,ATG12,DHX40,LRRC59_Cterm,HNRNPA1,PEX14,COX8A_target,GOLGA1,TJP2,FLOT1,CYP2C1_sigseq,PDIA4,DCTN1,RPL31,APEX1,SQSTM1,PARP1,LAMP3,OCLN,CLTA,SFXN1,VAPA,KIF2A,MARCKS,CTNNA1,GOLGA1,SEC61B_Nterm,MLLT4,IMPDH2,HIST1H3A,KRAS_target,KRAS_Q61H,LMAN1,ANK3,LNPK_Cterm,PRPF8,GJD3,PCNT,STX4,ELOVL5,COX8A_target,AKAP1,FBL,LCK,RAB3B_Nterm,ERGIC2,STIL,AP2B1,TMOD1,LAMTOR1,GFAP,RPL31,SQSTM1,FBL,NEFM,RAB9A,LNPK_Nterm,MAPRE3,CDK5RAP2,NDC80,CAMSAP2,GOLGA2,LYN_target,LAMP2,LYN,TRAP1,EIF6,C11orf52,SSR1,CEP135,CYP2C9,KRT18,RDX,AARS2,SEPT10,LAMTOR1_target_peptide,PFN1,SFXN1,CLIP1,SEC61B_Cterm,RAB9A,ACTR1A,NDC80,DERL1,HIST1H2BG,RPS6,LNPK_Cterm,AKAP1_target,ERGIC2,RAB11A,RPN1,EPB41L4A_Cterm,AARS2,B3GAT1,TJP2,KDM1A,ANAPC2,HNRNPA1,STIM1,PEX14,PARD3,BCAP31,SEC62,DIRAS3,SSR1,RAB35,KRAS_Q61H,SSR1,AMOT,TUBB,LAMP3,ANK3,RAB4A,RPS24,SEC61B_Cterm,PEX14,RAB11A,APEX1,AARS2,EIF6,PCM1,Pxn,ACTR2,SERBP1,Pxn,CAV1,FBL,MARCKS,SFXN1,KRT18,LAMP3,RDX,STX6,ATP2A1,CS,PTK2,LYN,DHX40,CALU,ATG12,NEFM,TJP2,TUBA1A,GOLGA2,B3GAT1,GJA1,NEFM,CAV1,ATG12,PARD3,SQSTM1,FLOT1,LRRC59_Cterm,EMD,REEP5,GOLGA2,POLR1E,GJA1,LRRC59_Nterm,GFAP,GFAP,AGPS,LMNB1,OCLN,AKAP1,PFN1,DHX8,HNRNPA1,DDX23,CS,EZR,AGPS,MLLT4,RAB3B_Nterm,EBAG9,ARF6,RAB4A,MAPRE3,NUP155_Nterm,SERBP1,AGPS,COX8A_target,SASS6,ERGIC2,ACTR2,PRPH,TRAP1,RAB35,STIM1,EMD,PARP1,DHX8,HSD3B7,BORCS6,PRPF8,TRAP1,RAB5A,LMNA,DERL1,RPN2,GORASP1,AMOT,CENPA,SV40_NLS,PARD3,LAMP3,POLR2C,GJD3,NOP56,BCAP31,KRAS_target,COX8A_target,EBAG9,PARP1,RAB9A,TJP2,CKAP4,STIL
LAMTOR1_target_peptide,PTK2,LCK,CEP135,GFAP,DIRAS3,PCM1,SYNE3_Cterm,RHOB,TMPO,PEX3,HIST1H3A,MARCKS,AGPS,TJP2,GOLGA2,PANX1,GOLGA1,NUP50,KDM1A,CTNNA1,DHFRL1,SERBP1,APEX1,AARS2,LNPK_Cterm,LMNA,NUP50,ARF6,LCK,KRT8,LMAN1,BCAP31,PEX3,RPL31,ANAPC2,REEP5,ASF1A,PCM1,MARCKS,RPS6,LAMTOR1_target_peptide,RAB5C,APEX1,AKAP1_target,RAB35,STX6,RHOB,ZYX,ELOVL5,VAPA,CENPA,EBAG9,HIST1H3A,Pxn,CD3EAP,APEX1,EPB41L4A_Cterm,SEC61B_Cterm,COX8A_target,SFXN1,TRIM36_Cterm,NUP155_Cterm,SASS6,RPL31,B3GAT1,CKAP4,PEX14,SFXN1,KRT8,AIFM1,CAV1,SSR1,SYNE3_Nterm,VCL,DCTN1,MARCKS,C11orf52,SYNE3_Cterm,LAMTOR1_target_peptide,ANK3,ACTR2,LAMP1,PARD3,MARCKS,STX7,HIST1H3A,AIFM1,PRPF8,LRRC59_Nterm,STIM1,CCDC14,PAFAH1B1,STIM1,PARP1,GOLGA1,CXADR,ANAPC2,TERF2IP,FBL,HSD17B11,PANX1,NUP155_Cterm,KRAS_Q61H,CTNNB1,RAB11A,ATG12,NUP155_Nterm,AP2B1,PEX3,AIFM1,STX6,AKAP1_target,CLTB,PTK2,EBAG9,PDIA4,RAB4A,PRPF8,NUP50,ELOVL5,LYN_target,ANAPC2,AGPS,DHFRL1,DYNC1I2,DDX23,ACBD5,LYN,LRRC59_Cterm,MAPRE3,GFAP,LYN,PRPH,RPS20,TMOD1,BORCS6,EBAG9,PANX1,UTP4,KIF2A,AP2B1,SSR1,RDX,CXADR,MARCKS_target,LNPK_Nterm,ASH2L,EZR,STX4,TUBB,SEC61B_Cterm,ANK3,CYP2C1_sigseq,UTP4,LAMP3,TUBA1A,RAB11A,TUBB,CTNNB1,PDIA4,ERGIC2,BORCS6,PCM1,TJP2,ACTB,SEC61B_Cterm,LAMTOR1,GJA1,PDHA1,PDIA4,CLTA,ERGIC1,NEFM,LNPK_Cterm,LMAN1,DHFRL1,NUP50,MAPRE3,PHB2,DYNC1I2,RDX,LMAN1,CXADR,RPL31,SV40_NLS,RPS24,CAV1,MARCKS,POLR1E,EBAG9,SYNE3_Nterm,KIF2A,SERBP1,FLOT1,RPL31,ARF6,RAB5C,COX4I1,PAFAH1B1,CD3EAP,SSR1,GJD3,HNRNPA1,LAMP2,SEC61B_Cterm,LAMTOR1_target_peptide,ERGIC1,BCAP31,CALU,PCM1,RAB5C,CLIP1,RAB11A,ACTR1A,LMAN1,STX7,PAFAH1B1,EPB41L4A_Cterm,CYP2C9,STIM1,STX4,EBAG9,GOLGA2,CALU,SASS6,NOP56,NUP155_Cterm,NDC80,CEP135,CS,FBL,POLR1E,EBAG9,HSD17B11,PANX1,RHOB,ACTB,PTK2,LYN,PANX1,TUBA1A,STIL,PHB2,KRT8,PFN1,NEFM,Pxn,RAB35,CD3EAP,AKAP1_target,TUBB,GFAP,CALU,NUP50,CTNNA1,ANKFY1,CTNNA1,SEC61B_Cterm,RHOB,GOLGA1,NDC80,KDM1A,CKAP4,PEX3,ZFPL1,NUP155_Cterm,PARP1,LMNB1,DERL1,LRRC59_Nterm,PARD3,RAB2A,ANAPC2,PXMP2,AKAP1_target,Pxn,AKAP1,LAMP3,EZR,EBAG9,DHX8,ATG12,GFAP,KDM1A,PARD3,NUP155_Nterm,SEPT10,MLLT4,ACTR2,ERGIC1,GFAP,NUP155_Nterm,CBX3,LMNB1,ACTR3,C11orf52,CKAP4,CYP2C1_sigseq,ANAPC2,AP2B1,PDHA1,GORASP1,C11orf52,GORASP1,AIFM1,OCLN,RAB4A,LAMP2,RAB5A,TJP2,FBL,CYP2C9,DHX8,CS,RAB35,SYNE3_Nterm,DCTN1,PXMP2,RAB3B_Nterm,RPN2,CEP135,AKAP1,NOP56,KRT19,SYNE3_Cterm,PFN1,SV40_NLS,DHFRL1,SEPT9,RAB9A,ATG12,STX6,CXADR,PAFAH1B1,OCLN,COX4I1,PCNT,TERF2IP,DENND6A,RAB11A,KRAS_target,KRAS_target,NUP155_Cterm,METTL7A,CS,STIM1,RAB3B_Nterm,ANK3,PXMP2,DYNC1I2,TRIM36_Cterm,STX7,LATS1,NUP155_Nterm,PCNT,CCDC14,PARP1,SYNE3_Cterm,ACTR2,LAMP1,OCLN,STX7,SEPT10,SASS6,LCK,AP2B1,DIRAS3,LRRC59_Nterm,PCNT,C11orf52,TRIM36_Cterm,TJP1,ERGIC2,MARCKS,RPN2,LATS1,ATG12,SASS6,OCLN,LAMP3,FLOT1,ASF1A,COX4I1,SYNE3_Nterm,CAV1,SYNE3_Cterm,DHX40,LAMP2,TUBA1A,ERGIC2,AKAP1,RPS6,CS,CLIP1,SEC61B_Nterm,MAPRE1,LAMP1,CAV1,AMOT,CS,CS,METTL7A,HSD3B7,LAMP1,PDHA1,HNRNPA1,PHB2,LAMP2,AKAP1_target,NPM1,TRAP1,ASF1A,LMAN1,AGPS,ANK3,NUP155_Nterm,VIM,PHB2,HIST1H2BG,LYN_target,PTK2,BORCS6,MARCKS,CD3EAP,SEC61B_Nterm,ANAPC2,TMOD1,VAPA,C11orf52,FLOT1,TUBA4A,AKAP1_target,ERGIC1,RAB5A,FBL,CYP2C1_sigseq,CEP135,SASS6,NUP155_Nterm,CLTA,KRT19,C11orf52,NUP155_Nterm,TERF2IP,LAMP2,PFN1,EPB41L4A_Cterm,TRIM36_Cterm,LAMTOR1,ERGIC2,RAB9A,FBL,HSD17B11,UTP4,CAV1,MLLT4,DCTN2,CAMSAP2,CTNNA1,RAB3B_Nterm,CXADR,NUP155_Cterm,AP2B1,C11orf52,GJA1,LAMP3,MAPRE1,RPS20,PEX14,CAV1,ACTR2,VIM,APEX1,TRIM36_Nterm,BORCS6,PDIA4,ERGIC1,KRAS_target,SASS6,LATS1,GJD3,TRIM36_Cterm,SFXN1,AIFM1,Pxn,GJD3,STX6,RAB4A,DERL1,AMOT,FLOT1,APEX1,AIFM1,ANK3,SEC61B_Nterm,KRT8,METTL7A,OCLN,HIST1H2BG,RAB11A,OCLN,LMAN1,HSD17B11,TUBB,CXADR,STX7,Pxn,SQSTM1,ZNF330_target
,,,,,,,,,,RHOB,SYNE3_Nterm,KIF2A,ANK3,STIL,AKAP1_target,KRT18,ANAPC2,EPB41L4A_Cterm,TJP1,RAB5A,APEX1,NUP155_Nterm,DCTN1,DCTN2,RPS24,PARD3,DIRAS3,Pxn,AIFM1,SYNE3_Nterm,POLR1E,RAB9A,RAB3B_Nterm,AP2B1,LRRC59_Cterm,RAB4A,CENPA,SERBP1,DHX40,HSD17B11,HSD17B11,GJA1,ANKFY1,APEX1,RAB9A,RPN1,STIM1,SSR1,RPN2,KRAS_Q61H,ATP2A1,STIL,REEP5,PARD3,PAFAH1B1,DENND6A,CENPA,KRT8,ACTB,EMD,REEP5,ACTR3,CS,TMOD1,ZNF330_target,POLR1E,CAV1,DHX40,GFAP,CALU,ERGIC1,BCAP31,KRAS_Q61H,SEC61B_Cterm,CTNNB1,NIFK,KDM1A,REEP5,COX8A_target,RAB3B_Nterm,CAV1,LYN,LYN,NUP155_Cterm,TUBA1A,CLIP1,POLR1E,PCM1,RPL31,PDHA1,SEC61B_Cterm,GORASP1,CYP2C1_sigseq,SEPT10,ACTR1A,IMPDH2,DHFRL1,SV40_NLS,POLR1E,AGPS,BCAP31,ASH2L,SYNE3_Cterm,PANX1,RPS6,CD3EAP,CTNNA1,CD3EAP,SEC61B_Cterm,FBL,Pxn,APEX1,PRPH,CLTA,DENND6A,PDHA1,KDM1A,FBL,PFN1,LNPK_Cterm,NEFM,FBL,TERF2IP,CYP2C1_sigseq,ACTR3,NOP56,CYP2C9,PRPF8,CXADR,RPN2,CKAP4,TMPO,LAMTOR1_target_peptide,CALU,LNPK_Nterm,DDX23,IMPDH2,PRPH,PEX14,CYP2C9,LNPK_Nterm,LNPK_Nterm,RAB35,TMPO,VCL,BORCS6,CLIP1,BCAP31,SERBP1,EIF6,STX6,SQSTM1,REEP5,ASF1A,KRT19,SEC61B_Cterm,CXADR,ANK3,HSD3B7,PDHA1,TRAP1,STIL,TMPO,MAPRE3,GJA1,GJA1,EIF6,KDM1A,CAV1,NDC80,LAMP2,LMNA,GJD3,SEC62,RAB4A,HSD17B11,LNPK_Nterm,GFAP,RPS24,SERBP1,EMD,DENND6A,ERGIC2,RAB2A,KIF2A,BORCS6,KDM1A,DDX23,TRAP1,CAV1,RPS24,AP2B1,RDX,RAB5A,LRRC59_Cterm,CDK5RAP2,METTL7A,PRPH,SYNE3_Cterm,RPS20,STX7,VIM,ACTR2,TJP2,TRAP1,Pxn,LAMP1,LAMTOR1,APEX1,CLTA,PARD3,ERGIC2,STIL,TERF2IP,LNPK_Cterm,SEPT9,LYN_target,SASS6,RDX,PHB2,EZR,DDX23,FLOT1,ZNF330_target,CENPA,CAMSAP2,POLR2C,CYP2C1_sigseq,AP2B1,GORASP1,DHX40,CDK5RAP2,COX4I1,KRT19,TUBA1A,SSR1,LNPK_Cterm,LRRC59_Nterm,RAB5A,NIFK,CCDC14,NIFK,KIF2A,CLTB,MARCKS_target,B3GAT1,SFXN1,RAB5A,ERGIC2,MARCKS,SEPT9,ASF1A,KIF2A,NCBP3,ASH2L,SEC62,BORCS6,NUP155_Cterm,RAB9A,METTL7A,OCLN,NDC80,TRAP1,RAB35,RAB11A,CLTB,VCL,SSR1,DYNC1I2,BORCS6,LRRC59_Cterm,LATS1,PCNT,CENPA,ZNF330_target,GJA1,SEC61B_Nterm,OCLN,ASF1A,CALR3,TJP2,PRPH,LRRC59_Nterm,PCM1,LCK,COX8A_target,CTNNB1,KRT19,PTK2,KRT18,NUP155_Cterm,BORCS6,ARF6,SEC62,PDHA1,LNPK_Cterm,ARF6,MAPRE3,AIFM1,NUP155_Cterm,LNPK_Nterm,CS,CKAP4,NDC80,SASS6,TUBA1A,LAMP3,BCAP31,TUBA4A,MLLT4,LAMP3,AP2B1,PEX14,NIFK,RHOB,CS,RPS6,RPL31,GJD3,SV40_NLS,ARF6,NDC80,PFN1,SYNE3_Cterm,LMNA,LAMTOR1_target_peptide,ASF1A,ANKFY1,NOP56,KRT19,ACTB,AGPS,CLTB,LAMP1,SEPT9,ATG12,RAB5A,C11orf52,LAMP2,VIM,CYP2C1_sigseq,PRPH,DHFRL1,STX6,LAMTOR1_target_peptide,MLLT4,STIL,SEC61B_Nterm,KIF2A,CLTB,PDHA1,PEX3,EMD,LNPK_Cterm,KRT19,LAMP1,SERBP1,EMD,VCL,B3GAT1,AKAP1_target,SYNE3_Cterm,PDIA4,ATG12,SASS6,KRT8,MAPRE3,STIL,DDX23,ERGIC2,B3GAT1,COX4I1,LRRC59_Nterm,SV40_NLS,TMOD1,HNRNPA1,SEC62,PRPH,CLIP1,STX7,TUBB,NUP155_Nterm,KRAS_Q61H,RAB11A,KRT8,STX7,C11orf52,AP2B1,PAFAH1B1,HIST1H3A,MARCKS,SEPT9,CYP2C1_sigseq,CLTA,ANK3,CCDC14,CLIP1,RAB9A,PRPF8,KRAS_target,TUBA1A,NCBP3,TERF2IP,ANAPC2,LYN,RAB3B_Nterm,PCNT,AIFM1,RPS20,PTK2,CCDC14,TRAP1,CLTB,NDC80,DDX23,SQSTM1,NDC80,DIRAS3,PCM1,METTL7A,ACTB,CTNNB1,RAB3B_Nterm,AKAP1_target,DHX8,SEPT9,FBL,COX8A_target,HSD17B11,POLR2C,ASH2L,CBX3,LMNA,C11orf52,RPN2,REEP5,HIST1H3A,MAPRE1,BORCS6,EBAG9,HIST1H2BG,GJA1,DDX23,CTNNA1,CEP135,EIF6,SV40_NLS,CYP2C9,MARCKS_target,TJP2,NOP56,POLR2C,DENND6A,CCDC14,ACTR2,ZNF330_target,AKAP1,SERBP1,PEX14,LRRC59_Cterm,ACTB,VAPA,SFXN1,RPL31,RPN2,RAB3B_Nterm,VIM,NIFK,PANX1,LNPK_Nterm,KRT18,TJP2,SQSTM1,ELOVL5,NCBP3,CAMSAP2,ERGIC2,BORCS6,CALU,RAB3B_Nterm,CYP2C1_sigseq,TERF2IP,HSD3B7,MAPRE1,PFN1,KRT18,TERF2IP,PARP1,TUBB,CYP2C1_sigseq,MARCKS_target,RDX,RAB4A,CLTB,DHX40,GOLGA2,B3GAT1,DDX23,ELOVL5,COX8A_target,RAB11A,RAB9A,CALU,MARCKS_target,STIM1,PCNT,TUBA4A,VAPA,AP2B1
,,,,,,,,,,,,,,,,,,,,RHOB,MAPRE1,CDK5RAP2,AGPS,TUBA4A,SEPT9,VASP,RAB3B_Nterm,AMOT,PARD3,PARP1,RAB5A,KRAS_target,DHX8,MAPRE3,KRT8,DENND6A,NIFK,RPL31,ZYX,CKAP4,SEC61B_Cterm,LAMP2,TMPO,ASF1A,AARS2,SYNE3_Nterm,RPS24,ASH2L,SERBP1,POLR2C,FBL,TMPO,CAV1,AARS2,COX4I1,RHOB,AKAP1_target,CAV1,NPM1,CBX3,POLR1E,TRIM36_Cterm,LRRC59_Cterm,DHX8,STX4,RPS20,VIM,CYP2C1_sigseq,MAPRE1,SASS6,KRT19,RAB2A,NUP155_Cterm,TUBA4A,LMAN1,CENPA,PCNT,ANAPC2,PCNT,LATS1,ACTR3,NOP56,EIF6,RAB5A,GORASP1,SV40_NLS,CLTA,AGPS,ACTB,CAMSAP2,KRT18,ACTR3,DCTN1,MAPRE1,NUP155_Nterm,HIST1H3A,RHOB,PRPH,RPN1,TERF2IP,LATS1,SEPT10,SEC62,UTP4,RDX,AP2B1,DDX23,GJA1,GJD3,LAMTOR1_target_peptide,NOP56,CCDC14,RAB5A,CENPA,STX7,DHFRL1,SV40_NLS,GFAP,SERBP1,CDK5RAP2,SQSTM1,RAB2A,SERBP1,RHOB,DHX8,MAPRE3,DDX23,CLTB,HSD17B11,POLR1E,AKAP1,ZFPL1,POLR2C,POLR2C,RAB4A,STX6,AGPS,RPS6,CENPA,EZR,ACTR1A,LMAN1,CS,ANKFY1,DENND6A,LMNB1,CAV1,RPS24,ZNF330_target,EBAG9,LAMTOR1,CDK5RAP2,ERGIC1,CALR3,SQSTM1,GJA1,ATP2A1,BORCS6,SEPT9,GJD3,EBAG9,LNPK_Cterm,CLTB,CENPA,DDX23,KRAS_target,LAMP1,CAV1,STX7,LNPK_Nterm,HIST1H2BG,ANAPC2,RAB3B_Nterm,CEP135,ARF6,ZNF330_target,PAFAH1B1,PTK2,COX8A_target,PEX3,SEPT10,LYN,STX4,CDK5RAP2,STX4,EBAG9,SEC61B_Nterm,PANX1,CALU,CEP135,SEPT9,GJA1,RPN1,DENND6A,ZYX,DYNC1I2,UTP4,BORCS6,TJP2,GOLGA1,NDC80,LAMP2,CTNNA1,OCLN,OCLN,PCM1,PXMP2,RAB3B_Nterm,LCK,CXADR,GJD3,DYNC1I2,UTP4,SEPT9,ASH2L,TMPO,VASP,TUBB,RAB3B_Nterm,LMNA,NUP50,PCM1,LMNB1,CD3EAP,KRAS_target,COX8A_target,BCAP31,CLTB,LAMP2,SEC61B_Cterm,PDIA4,LRRC59_Nterm,ANAPC2,KRAS_target,LRRC59_Cterm,TUBA1A,ANK3,TRAP1,BCAP31,LYN_target,CLTB,LRRC59_Nterm,SV40_NLS,LAMP1,KRT8,CKAP4,TUBB,GFAP,DCTN1,NDC80,CAMSAP2,LAMTOR1,LAMP3,RDX,BORCS6,EMD,LAMP1,ATP2A1,LATS1,BORCS6,SSR1,RPS24,GFAP,PRPF8,RAB4A,RAB3B_Nterm,HNRNPA1,ACTR1A,TMOD1,GOLGA2,CS,CYP2C1_sigseq,EZR,TJP1,ACTR2,C11orf52,PRPF8,RHOB,SEPT9,GJD3,ACTR3,ACBD5,HIST1H2BG,CALR3,LRRC59_Cterm,LAMP1,SEC61B_Nterm,TMOD1,NUP155_Cterm,PTK2,KRAS_target,SEPT9,SSR1,EMD,KIF2A,HSD3B7,STIM1,DERL1,NOP56,KRT18,ASF1A,ZFPL1,RAB9A,MLLT4,TMPO,CCDC14,ZFPL1,SV40_NLS,Pxn,NIFK,KRAS_target,CALU,HSD3B7,GJA1,FBL,ATP2A1,APEX1,ACTR2,LAMP1,RPN1,ERGIC1,SQSTM1,TRAP1,HSD17B11,CD3EAP,EZR,GFAP,VAPA,SSR1,SSR1,TRIM36_Nterm,EPB41L4A_Cterm,KRT8,ZNF330_target,STIM1,LAMTOR1,PFN1,ACBD5,CAMSAP2,AKAP1,TUBA1A,ZYX,MAPRE1,TRIM36_Cterm,LATS1,LNPK_Cterm,ATP2A1,PDIA4,ERGIC2,VIM,HSD3B7,PDHA1,RAB35,HSD17B11,BCAP31,LAMTOR1_target_peptide,LYN,EPB41L4A_Cterm,TRIM36_Cterm,RDX,PAFAH1B1,CALU,ANAPC2,LAMTOR1,CTNNB1,HSD3B7,PARD3,AP2B1,ARF6,RDX,GJD3,MARCKS_target,KRT19,LNPK_Cterm,COX4I1,RAB4A,RPN1,ACTR2,DIRAS3,TUBA4A,MLLT4,TRIM36_Cterm,DCTN1,ACBD5,RPS6,HSD17B11,PCNT,PARD3,RAB35,GFAP,PANX1,SYNE3_Nterm,STX7,KIF2A,DHX8,RPN1,RAB3B_Nterm,PRPF8,HSD3B7,PHB2,ACTR1A,SEC62,LMAN1,DHFRL1,CAMSAP2,AP2B1,BORCS6,TRAP1,NUP155_Cterm,CLIP1,GORASP1,METTL7A,SERBP1,GJD3,SYNE3_Cterm,EMD,ACTR1A,AARS2,ACTR2,LAMP3,BCAP31,PDIA4,LAMP1,CCDC14,UTP4,EPB41L4A_Cterm,CALU,TJP2,VAPA,CXADR,CDK5RAP2,GOLGA2,RPN2,COX8A_target,LAMP2,LNPK_Cterm,LAMTOR1_target_peptide,RAB3B_Nterm,SERBP1,PHB2,CCDC14,UTP4,FBL,PEX14,CAMSAP2,CALU,CALR3,AARS2,DIRAS3,AARS2,RPS6,LATS1,RAB11A,ACTB,RAB3B_Nterm,RAB4A,EMD,RAB5C,HIST1H3A,MAPRE3,RAB5C,MARCKS_target,NPM1,DCTN1,LYN,TRIM36_Cterm,ANKFY1,RAB2A,POLR2C,CKAP4,LNPK_Nterm,NPM1,DERL1,LAMTOR1,EIF6,PXMP2,LMAN1,ACTB,RAB4A,ACTB,GOLGA1,ACBD5,HIST1H3A,CALR3,POLR1E,TRAP1,POLR1E,BCAP31,RPS6,CLTB,RPS6,PEX3,DCTN1,MAPRE3,KDM1A,LAMTOR1_target_peptide,ERGIC1,POLR1E,SASS6,EMD,POLR2C,AP2B1,NPM1,TRAP1,NDC80,DERL1,HSD3B7,HSD17B11,DHFRL1
,,,,,,,,,,,,,,,,,,,,,,,,,,,,,,RAB9A,DCTN2,MAPRE3,PCM1,CYP2C9,VCL,KRAS_target,PEX14,PTK2,CTNNA1,TRIM36_Cterm,RPS24,RDX,ACTR3,CCDC14,ARF6,COIL,LAMTOR1,CALR3,PRPH,TUBA1A,AARS2,LMAN1,CTNNB1,PHB2,SQSTM1,ELOVL5,ACBD5,MARCKS,LNPK_Nterm,CAMSAP2,CAV1,HNRNPA1,METTL7A,ASF1A,AP2B1,MAPRE3,TJP1,GOLGA2,AGPS,GFAP,AKAP1_target,VASP,COX4I1,PHB2,RAB11A,CLTB,LMAN1,VASP,ACTR2,LAMTOR1_target_peptide,CLTB,ATG12,PHB2,PDIA4,RPL31,TUBB,AGPS,EMD,DHX40,PHB2,GJD3,PARD3,STX6,SV40_NLS,SYNE3_Cterm,AGPS,ACTR1A,VASP,PRPF8,ZFPL1,VCL,TJP1,CALU,TERF2IP,B3GAT1,DCTN2,STIM1,STIM1,RAB5C,RPS20,HNRNPA1,LATS1,MLLT4,PRPF8,STIM1,SEC61B_Cterm,PRPF8,ELOVL5,CKAP4,ANKFY1,CBX3,NEFM,LMNA,ATG12,CALR3,RPN2,FLOT1,NUP155_Nterm,RHOB,IMPDH2,SASS6,MARCKS_target,NDC80,AMOT,GFAP,DHX40,DYNC1I2,RAB5C,RDX,LRRC59_Cterm,SSR1,NEFM,ACTB,ARF6,DHX8,REEP5,DHX8,AIFM1,SEC61B_Nterm,STX6,VAPA,DIRAS3,KRT19,SEPT10,TRAP1,KRAS_target,GOLGA2,STX4,RAB5A,RAB4A,CLTA,CENPA,KRT18,SYNE3_Cterm,POLR1E,VIM,DHFRL1,PCNT,MAPRE3,TUBA1A,SERBP1,NUP155_Cterm,PEX14,DIRAS3,DIRAS3,LCK,HSD3B7,SEC61B_Cterm,EZR,TMOD1,TUBA1A,ACTB,ZYX,GJA1,NCBP3,CS,ACTR2,REEP5,EPB41L4A_Cterm,ASF1A,AARS2,PAFAH1B1,PDIA4,RAB5C,KRT18,APEX1,AKAP1,C11orf52,GOLGA2,ACTR2,LAMP3,DCTN1,DHFRL1,PCM1,SSR1,SERBP1,ATG12,PCNT,CAMSAP2,MAPRE3,RPS6,ACTR2,SQSTM1,MARCKS_target,ZFPL1,SEC62,ERGIC2,RHOB,CALR3,KDM1A,ZYX,TRIM36_Cterm,CENPA,RAB9A,RAB4A,NCBP3,SYNE3_Nterm,LYN_target,LMAN1,CTNNB1,BORCS6,SEC61B_Nterm,AKAP1_target,FLOT1,PDHA1,Pxn,SFXN1,SEPT9,PCNT,STIL,EIF6,PCNT,FLOT1,DCTN2,AKAP1,TMOD1,RPN1,LMNB1,RPN1,PCM1,ANK3,ZFPL1,SEPT9,STIM1,SSR1,DDX23,COX4I1,POLR2C,ANAPC2,LATS1,TJP1,B3GAT1,DDX23,ZNF330_target,RAB35,C11orf52,LAMP1,LNPK_Cterm,TUBB,AARS2,KRT19,LYN,HIST1H3A,TMPO,LMNB1,PRPF8,POLR1E,MLLT4,ACTB,PANX1,STIM1,ACTR1A,RPN2,ZNF330_target,CALR3,IMPDH2,MAPRE1,AARS2,AIFM1,PANX1,NUP155_Nterm,VASP,OCLN,AARS2,CKAP4,MARCKS_target,RPS20,OCLN,CAMSAP2,TRIM36_Cterm,RAB9A,MLLT4,TRIM36_Nterm,NPM1,KRT19,SYNE3_Cterm,ELOVL5,COIL,ACTR2,RAB2A,BORCS6,NCBP3,COX8A_target,SEPT10,PRPH,NDC80,KRT8,ZFPL1,RPS6,CDK5RAP2,RAB35,ACTR3,STX6,MARCKS,ZYX,DCTN2,SEPT9,ATG12,CLTA,HSD17B11,CLTB,RAB2A,AKAP1_target,KRT19,RAB5A,RAB9A,RPS20,EBAG9,TMOD1,PFN1,TMPO,RPL31,PARD3,DDX23,ERGIC1,TRIM36_Nterm,RAB2A,TERF2IP,TRAP1,DHX8,C11orf52,DERL1,ZFPL1,COIL,SASS6,POLR2C,CTNNA1,CS,HIST1H3A,LCK,VCL,APEX1,PEX3,PEX14,SEC61B_Cterm,LMAN1,TJP1,ERGIC1,SEPT9,GORASP1,SFXN1,FLOT1,ANKFY1,PDHA1,DHX40,SEC62,GFAP,FLOT1,SEC62,IMPDH2,AP2B1,LYN_target,DHFRL1,LMAN1,CLIP1,CD3EAP,CENPA,CENPA,MAPRE3,GJD3,NDC80,DENND6A,RPS24,CDK5RAP2,LYN_target,DERL1,ACBD5,SYNE3_Cterm,RPS24,TUBA4A,TRIM36_Cterm,ACTB,RAB3B_Nterm,STX6,ZYX,TUBA1A,AGPS,DHX8,CLTA,PDHA1,LAMTOR1,GFAP,CAV1,GORASP1,LNPK_Nterm,CEP135,MARCKS,STX7,HSD3B7,CYP2C1_sigseq,PRPH,ATP2A1,ASF1A,KRT18,TRIM36_Nterm,PCM1,TUBA4A,AARS2,PEX14,AKAP1_target,GJD3,DCTN1,KRAS_Q61H,MARCKS_target,KIF2A,RPN2,DENND6A,ANKFY1,LMNA,ARF6,PCNT,MAPRE3,KRT18,DERL1,HSD3B7,VASP,CENPA,PEX14,VCL,TRIM36_Nterm,DHFRL1,PEX14,NPM1,PEX3,MARCKS_target,TJP2,LAMTOR1_target_peptide,COIL,RPN1,CKAP4,LMNB1,POLR2C,GFAP,CTNNB1,HIST1H2BG,LAMTOR1_target_peptide,SEC61B_Nterm,KRT19,CDK5RAP2,DDX23,ANAPC2,DCTN1,SFXN1,RAB9A,RAB35,COIL,SEC62,STIM1,STX6,NCBP3,METTL7A,RPL31,UTP4,DHX8,CAV1,PTK2,CXADR,HSD17B11,ATG12,CS,NOP56,LCK,ATP2A1,CAMSAP2,MARCKS,TUBA1A,AARS2,ATG12,ASH2L,CLTA,LMNB1,LMNA,LYN_target,PARD3,LYN,GFAP,HIST1H2BG,TMOD1,CALR3
,,,,,,,,,,,,,,,,,,,,,,,,,,,,,,,,,,,,,,,,GOLGA2,RAB2A,CEP135,RAB11A,LAMP1,ANAPC2,STX4,CCDC14,CAV1,ANK3,AKAP1,ERGIC1,MARCKS_target,VASP,PDHA1,RAB35,ERGIC1,GOLGA1,ERGIC2,PRPF8,ANAPC2,LNPK_Nterm,GJD3,LYN,RAB2A,KRAS_target,TRIM36_Nterm,CALU,ACTB,DDX23,EZR,SV40_NLS,RAB5C,STX4,CS,LAMP3,NDC80,TJP1,OCLN,SEPT10,PXMP2,RAB5C,CENPA,CKAP4,PEX14,ELOVL5,RPN1,ZYX,LAMP1,DYNC1I2,GOLGA1,GFAP,ACTR2,RPN2,TMPO,MAPRE1,TUBB,LRRC59_Cterm,COX8A_target,LRRC59_Cterm,ARF6,COX8A_target,RAB4A,RPN2,AP2B1,HSD17B11,SEC62,PDHA1,CDK5RAP2,ZNF330_target,SEC62,SQSTM1,DENND6A,ARF6,ANKFY1,MARCKS,SEC61B_Nterm,CLIP1,LAMP3,DHX40,LYN,KRT19,MARCKS_target,LAMP2,CDK5RAP2,AKAP1,RDX,GFAP,GORASP1,SV40_NLS,ACTR2,ZFPL1,KRAS_target,KRT19,UTP4,HSD17B11,MARCKS_target,KRT8,TUBA4A,RHOB,LAMP3,ZFPL1,SERBP1,PANX1,NOP56,VASP,ASH2L,DCTN1,RDX,MLLT4,CENPA,LMNA,AKAP1_target,RPS24,ASH2L,PEX3,LMNB1,NUP155_Cterm,LMNB1,PRPH,BCAP31,COX4I1,SEC62,EMD,PARD3,KDM1A,CTNNB1,CCDC14,LRRC59_Nterm,PRPF8,SEC62,RHOB,GFAP,CS,TUBB,ACBD5,OCLN,PEX14,RPS24,CS,KRT8,REEP5,ACTR2,CCDC14,ERGIC1,UTP4,KRAS_target,DHFRL1,BCAP31,CS,LMNB1,PEX14,RAB9A,GOLGA2,RAB11A,DIRAS3,SEC61B_Nterm,MAPRE3,AKAP1_target,STIL,AKAP1,PAFAH1B1,MARCKS,RPN1,VCL,IMPDH2,RAB9A,KRT19,EIF6,RPS24,GORASP1,TUBA1A,DDX23,KDM1A,RAB5C,EBAG9,DCTN2,MLLT4,KRT19,REEP5,POLR1E,ASF1A,VASP,NUP155_Cterm,AIFM1,SEPT9,LAMTOR1_target_peptide,DENND6A,CAV1,CBX3,LYN,APEX1,ZYX,STIL,PAFAH1B1,STX7,SEC61B_Cterm,PDHA1,B3GAT1,TUBB,DHX40,ELOVL5,SEPT9,ERGIC1,ACTB,RAB11A,RPN2,DDX23,RAB4A,RDX,SEC62,SEC61B_Nterm,ASH2L,CEP135,ZNF330_target,SEC61B_Cterm,DCTN1,PTK2,COIL,SEC62,VCL,SYNE3_Nterm,MAPRE1,KDM1A,LAMP3,CALR3,PDIA4,ACTR2,LMAN1,COIL,RPL31,EZR,ASF1A,ANKFY1,APEX1,CEP135,PEX14,RAB35,Pxn,CTNNA1,CKAP4,KRAS_Q61H,GOLGA2,SQSTM1,ASF1A,COX8A_target,SERBP1,CS,ASF1A,CDK5RAP2,BCAP31,ELOVL5,OCLN,GFAP,RAB2A,GFAP,CS,LNPK_Nterm,CKAP4,RPS6,PAFAH1B1,CS,POLR1E,NDC80,HIST1H2BG,PCM1,TRAP1,POLR1E,GORASP1,AKAP1,CS,SV40_NLS,TERF2IP,PHB2,LRRC59_Nterm,DERL1,LAMP2,PEX3,ACTB,ACTR2,SEC61B_Nterm,GOLGA1,SEPT10,AMOT,DCTN1,ASH2L,TRIM36_Cterm,CALR3,SASS6,SYNE3_Cterm,MARCKS,NEFM,AIFM1,ERGIC1,NCBP3,MARCKS_target,KRAS_Q61H,RAB11A,RPN1,ASF1A,SEC61B_Nterm,DERL1,RPN1,AIFM1,SYNE3_Nterm,TJP1,Pxn,BORCS6,NCBP3,NIFK,CLIP1,CKAP4,CXADR,SYNE3_Cterm,PDIA4,PEX3,ACTR2,ZFPL1,UTP4,TUBA4A,VCL,LAMP3,DDX23,LAMTOR1_target_peptide,FLOT1,ZNF330_target,TERF2IP,ACBD5,CEP135,PEX14,CAV1,LNPK_Nterm,CS,GJA1,GOLGA2,CCDC14,VASP,EMD,ANKFY1,HSD3B7,PANX1,ANKFY1,EBAG9,METTL7A,AMOT,RAB2A,OCLN,DENND6A,LYN,DERL1,PCNT,LAMP1,RAB11A,ACTR1A,DHFRL1,LMAN1,AKAP1_target,SASS6,NCBP3,MLLT4,STX6,SSR1,CYP2C1_sigseq,SEC62,CYP2C9,LMAN1,NUP50,DENND6A,TRIM36_Nterm,NUP50,UTP4,CS,STX6,PCM1,ZYX,TMPO,LYN_target,NUP50,NUP155_Cterm,STIM1,RAB3B_Nterm,RPS24,B3GAT1,VASP,RPL31,PDHA1,GFAP,ATG12,PDIA4,DCTN1,HIST1H3A,PRPH,DHX40,VIM,DHX40,MAPRE1,CKAP4,DERL1,TRIM36_Cterm,NEFM,TERF2IP,TMOD1,EZR,ANK3,SEPT9,DERL1,AKAP1_target,RAB9A,SEC62,PHB2,VASP,LAMTOR1,ZYX,HIST1H3A,LAMP3,STX4,RPN1,ASF1A,AIFM1,CALR3,NIFK,SYNE3_Nterm,RAB11A,ELOVL5,LYN_target,SEC61B_Cterm,RHOB,HIST1H2BG,EIF6,KRT19,TMOD1,ERGIC1,PEX14,CTNNA1,CAMSAP2,LMNB1,SASS6,SASS6,EPB41L4A_Cterm,ACTR3,PRPH,RPN2,CCDC14,KDM1A,PEX3,CALU,RAB2A,TMOD1,ELOVL5,SEC61B_Nterm,BCAP31,LCK,TRIM36_Nterm,NIFK,HIST1H3A,OCLN,VIM,HSD3B7,EMD,LMNB1,DCTN2,COX4I1,DCTN2,VAPA,NEFM,NUP155_Nterm,AKAP1_target,TRIM36_Cterm,PARD3,GOLGA2
,,,,,,,,,,,,,,,,,,,,,,,,,,,,,,,,,,,,,,,,,,,,,,,,,,KRT18,SERBP1,POLR2C,LMNA,RPN2,LAMP1,LAMTOR1,TUBA4A,CKAP4,NDC80,TMPO,CEP135,CAMSAP2,LAMP3,LAMP2,ERGIC1,MARCKS_target,COIL,LAMP1,NDC80,SV40_NLS,PEX14,AP2B1,BORCS6,ERGIC1,PEX3,PAFAH1B1,ARF6,EMD,LNPK_Nterm,MARCKS,NUP50,CXADR,SEPT9,DYNC1I2,REEP5,HSD17B11,RDX,NEFM,AIFM1,POLR1E,PEX3,RAB4A,EPB41L4A_Cterm,VCL,KRT18,PXMP2,COX8A_target,KRT19,LYN_target,ATP2A1,NDC80,CEP135,CBX3,ZNF330_target,LCK,C11orf52,CYP2C1_sigseq,NPM1,STX6,PEX3,KRAS_Q61H,CLTA,ATP2A1,B3GAT1,RPN1,DENND6A,EBAG9,NOP56,GJA1,FBL,VIM,LATS1,REEP5,MARCKS,NUP50,RAB5A,LAMP3,UTP4,PANX1,SFXN1,COIL,CLIP1,KRAS_Q61H,VAPA,APEX1,PHB2,EPB41L4A_Cterm,PHB2,Pxn,NCBP3,CTNNA1,ERGIC2,PARP1,AIFM1,RPN2,NCBP3,MARCKS,SSR1,OCLN,RPS24,NOP56,SYNE3_Cterm,BCAP31,METTL7A,TRIM36_Nterm,SEC61B_Nterm,AMOT,LCK,CS,TJP2,B3GAT1,DYNC1I2,RAB5C,SEPT10,LAMTOR1_target_peptide,RPN2,PCNT,RHOB,LRRC59_Cterm,LCK,METTL7A,SEPT10,PCM1,LATS1,KDM1A,KRT8,DDX23,SERBP1,SERBP1,ASF1A,STX4,AMOT,ELOVL5,KRAS_Q61H,NOP56,PXMP2,DCTN1,DHX8,HSD3B7,RAB35,LMAN1,RPS20,CCDC14,MARCKS,COIL,CLIP1,TRIM36_Nterm,RPN2,KRT19,RAB2A,HNRNPA1,RAB5C,GOLGA2,LMNA,CYP2C9,CXADR,SSR1,PTK2,CALR3,NIFK,AMOT,CTNNA1,CCDC14,DYNC1I2,ACTR2,PEX3,EBAG9,TJP1,PEX14,HIST1H2BG,KDM1A,CD3EAP,CLTB,RHOB,KRT18,CBX3,PFN1,ACTR1A,GJA1,RAB5C,DERL1,LAMP1,CXADR,ARF6,VAPA,FLOT1,RAB5A,CYP2C9,NCBP3,ARF6,SERBP1,CEP135,LATS1,LAMP3,LATS1,PFN1,LAMP1,SEC62,ACBD5,NUP155_Cterm,SASS6,TJP2,FLOT1,STX6,NEFM,NPM1,PFN1,AMOT,STX6,TMPO,CAV1,ATP2A1,ERGIC1,GJD3,KIF2A,VASP,CBX3,LAMTOR1_target_peptide,SEPT10,CTNNB1,AP2B1,DCTN2,LMAN1,DIRAS3,RAB4A,DHX40,ATG12,CYP2C9,COIL,STIL,PEX3,CAMSAP2,MARCKS_target,CTNNA1,CALU,UTP4,CCDC14,NIFK,PRPF8,ATP2A1,LMNB1,ACBD5,ANKFY1,FLOT1,PEX3,PDIA4,HNRNPA1,LAMTOR1,CTNNB1,RAB11A,ACTR1A,NCBP3,NUP155_Nterm,ZYX,ANK3,C11orf52,DIRAS3,AMOT,DHFRL1,MARCKS,ELOVL5,CENPA,PCM1,PEX14,RPL31,CYP2C9,HNRNPA1,NEFM,CTNNA1,ELOVL5,PRPH,HSD3B7,CEP135,PCNT,SEC62,LATS1,GORASP1,ACTR2,PFN1,RAB2A,ERGIC2,NUP155_Cterm,LAMP3,LAMTOR1,CLIP1,NUP155_Nterm,PHB2,TRAP1,ZFPL1,LRRC59_Nterm,LMNA,VAPA,HSD3B7,MARCKS_target,RAB9A,CTNNA1,ELOVL5,Pxn,COX8A_target,HNRNPA1,MARCKS_target,C11orf52,ELOVL5,BORCS6,KRAS_Q61H,PDIA4,NIFK,NUP155_Cterm,DERL1,AMOT,KRT18,C11orf52,DHFRL1,TJP2,CXADR,NUP50,NUP155_Cterm,ANAPC2,DHX8,MAPRE1,DCTN1,KIF2A,PEX14,ERGIC2,ACTR1A,RHOB,DHX8,FBL,CALU,VAPA,DERL1,EPB41L4A_Cterm,AARS2,CENPA,RHOB,VAPA,SYNE3_Nterm,SERBP1,ACTB,ANK3,RAB5C,SFXN1,CXADR,PEX3,DERL1,SEPT10,ATG12,SQSTM1,LAMTOR1,CXADR,DENND6A,DYNC1I2,LMNA,CAV1,LATS1,LMNB1,COIL,ACTR2,CENPA,CALU,DERL1,SFXN1,LNPK_Cterm,RAB4A,CTNNB1,RAB5C,CD3EAP,GOLGA2,Pxn,PDIA4,EMD,RPL31,PEX3,VCL,HSD17B11,ACTR3,GORASP1,RAB5C,RDX,CLTA,STX7,SQSTM1,SYNE3_Cterm,RPL31,MARCKS_target,LMNB1,SSR1,KRT18,DCTN1,RDX,RPL31,DDX23,CALU,ANKFY1,PANX1,CYP2C9,PEX14,COX8A_target,RDX,SFXN1,PXMP2,CXADR,STIM1,CYP2C1_sigseq,TRAP1,ARF6,C11orf52,LAMTOR1,CBX3,STIL,GORASP1,SFXN1,RAB5C,GORASP1,GFAP,KRAS_target,SERBP1,AP2B1,CKAP4,PRPF8,DHFRL1,GOLGA2,EBAG9,ANAPC2,KRAS_Q61H,NCBP3,LAMP1,PEX14,CAV1,AKAP1_target,LAMP2,RAB3B_Nterm,SYNE3_Nterm,ACTR1A,STIL,VAPA,NCBP3,B3GAT1,RAB3B_Nterm,VIM,DCTN1,RPN1,DENND6A,DHX8,EIF6,VASP,TUBA1A,ACTR3,COIL,RAB3B_Nterm,MARCKS_target,SEC62,STIL,CD3EAP,GJD3,VCL,MARCKS,DHX8,ERGIC1
,,,,,,,,,,,,,,,,,,,,,,,,,,,,,,,,,,,,,,,,,,,,,,,,,,,,,,,,,,,,RPS24,EBAG9,STX4,PEX14,HIST1H2BG,HNRNPA1,ELOVL5,CALR3,GFAP,SV40_NLS,GJA1,DYNC1I2,CAV1,CAV1,MARCKS,RAB5A,ACTR3,RDX,ERGIC2,RAB11A,LRRC59_Cterm,SFXN1,ATP2A1,ANAPC2,GOLGA1,GJD3,SASS6,LMNA,MARCKS,NCBP3,CDK5RAP2,DYNC1I2,AKAP1,LNPK_Cterm,ARF6,PDIA4,CKAP4,CAMSAP2,LAMTOR1_target_peptide,MARCKS,CXADR,LYN_target,ATP2A1,TMOD1,AGPS,ZYX,METTL7A,SEC61B_Nterm,DHX40,RAB11A,SQSTM1,CALR3,TJP2,SEC61B_Nterm,KDM1A,NPM1,HSD3B7,NDC80,PEX14,DHFRL1,GFAP,CYP2C9,LMNB1,STIL,TRAP1,GOLGA2,FLOT1,LAMP1,NEFM,ERGIC2,CCDC14,REEP5,DDX23,COX8A_target,GJA1,POLR1E,COIL,OCLN,BORCS6,PAFAH1B1,HIST1H3A,ASF1A,COX4I1,NUP50,PXMP2,ATP2A1,CXADR,SV40_NLS,PRPF8,ASF1A,PDHA1,ZFPL1,EZR,AGPS,TJP2,ACTB,HSD3B7,RAB3B_Nterm,EIF6,SFXN1,STX6,TJP1,ATG12,RPS24,ERGIC2,REEP5,LMNA,ZNF330_target,RDX,LAMTOR1,TMOD1,STX7,SFXN1,COX4I1,SV40_NLS,SEPT10,TRAP1,COIL,CLTB,VASP,HIST1H2BG,RAB5C,EBAG9,LRRC59_Cterm,AARS2,AKAP1,RAB11A,NCBP3,HNRNPA1,GOLGA1,PDHA1,DHX40,NUP155_Nterm,TUBB,RDX,TRIM36_Cterm,TMPO,STIM1,NCBP3,GORASP1,UTP4,AARS2,RPS24,KRT19,GOLGA1,ZNF330_target,CALU,LYN,VAPA,DCTN2,NOP56,GORASP1,ATP2A1,NUP155_Nterm,POLR2C,SASS6,AP2B1,COX8A_target,RAB35,RAB35,GOLGA1,EPB41L4A_Cterm,PXMP2,KDM1A,LATS1,DYNC1I2,TRIM36_Nterm,NCBP3,SYNE3_Cterm,KRAS_Q61H,KRAS_Q61H,TRAP1,AMOT,ACTR1A,SASS6,ERGIC1,HIST1H3A,TRIM36_Cterm,LRRC59_Cterm,PEX3,NOP56,AKAP1_target,SV40_NLS,CENPA,PCNT,APEX1,CYP2C9,EMD,DCTN2,CLTB,ZNF330_target,ERGIC1,CYP2C1_sigseq,ARF6,RPS20,VASP,LAMP1,SFXN1,LRRC59_Nterm,AIFM1,SYNE3_Nterm,GORASP1,NEFM,HIST1H2BG,RPS20,SQSTM1,REEP5,RAB2A,ZNF330_target,MLLT4,DCTN2,KIF2A,KRT8,KRT8,MARCKS_target,UTP4,SEPT9,RAB5C,PDHA1,STX7,POLR1E,RDX,CBX3,PTK2,STX7,ERGIC1,PAFAH1B1,NIFK,STX6,SEC62,ATG12,SERBP1,CYP2C9,BORCS6,SSR1,NCBP3,NUP155_Cterm,COX4I1,GJD3,CEP135,RPN2,KRT19,RAB2A,TUBA1A,TUBA4A,LMNA,RAB3B_Nterm,CLTA,APEX1,FBL,PCNT,EIF6,ANAPC2,PANX1,RPN2,COX4I1,STX4,PANX1,ACTR1A,ANKFY1,STX6,TUBA4A,NUP50,DCTN2,AMOT,RAB4A,AP2B1,RAB3B_Nterm,RDX,ERGIC2,LAMP1,SEPT9,CLTB,ANKFY1,SFXN1,LRRC59_Cterm,TJP2,SV40_NLS,AMOT,NOP56,LRRC59_Cterm,SERBP1,PTK2,TMOD1,POLR1E,PAFAH1B1,STIL,HIST1H3A,LMNA,LAMP3,DHX40,LYN_target,PARD3,GFAP,CALU,POLR1E,RDX,CENPA,LYN_target,PFN1,NEFM,GJD3,PCNT,PARP1,COX4I1,TMOD1,BCAP31,CAV1,MARCKS_target,PRPH,STX6,PEX14,VAPA,GFAP,PEX3,VCL,PAFAH1B1,METTL7A,BORCS6,AGPS,NIFK,ZFPL1,GORASP1,ANKFY1,NPM1,PEX14,TRIM36_Nterm,ANAPC2,KRAS_target,TJP2,MARCKS,LMNA,FBL,RPN1,HIST1H2BG,HSD3B7,RPL31,DIRAS3,DENND6A,LMNB1,PFN1,IMPDH2,EBAG9,GJD3,MAPRE3,KIF2A,POLR2C,CXADR,RPN2,EZR,CCDC14,CALR3,TMPO,BORCS6,TUBB,SFXN1,LAMTOR1,KRAS_target,GOLGA1,NCBP3,CDK5RAP2,LCK,DENND6A,GOLGA2,SEC61B_Nterm,VIM,DCTN2,TJP2,CLIP1,RAB35,TRAP1,CENPA,HIST1H2BG,EBAG9,GORASP1,SASS6,PDIA4,VASP,BCAP31,DERL1,TMOD1,LMNB1,GJD3,VCL,RAB35,TMPO,CKAP4,REEP5,ASF1A,ANKFY1,RAB9A,LAMP3,NOP56,NUP155_Nterm,AKAP1,SEPT10,CALU,PRPH,RAB3B_Nterm,ERGIC2,PARD3,DHFRL1,PCM1,TERF2IP,ZYX,SYNE3_Nterm,EZR,PEX14,STX4,LATS1,CTNNB1,BORCS6,SYNE3_Cterm,MAPRE3,SYNE3_Nterm,PRPF8,HSD17B11,TRIM36_Nterm,LMNB1,TJP1,COX8A_target,VAPA,POLR1E,CALR3,SSR1,ASF1A,LAMTOR1,RAB5C,SSR1,PFN1,LAMP2,REEP5,ANAPC2,LYN,LAMP3,ZFPL1,ZNF330_target,STX7,CTNNA1,DCTN2,TJP1,TRAP1,CENPA,KRAS_target,NOP56,PEX14,SASS6,MLLT4,ATG12,CKAP4
,,,,,,,,,,,,,,,,,,,,,,,,,,,,,,,,,,,,,,,,,,,,,,,,,,,,,,,,,,,,,,,,,,,,,,FBL,CLTB,DHFRL1,RAB3B_Nterm,RPN2,GOLGA2,LRRC59_Nterm,ELOVL5,STX6,DCTN2,CTNNA1,TMOD1,STIL,ATG12,LMNA,CD3EAP,BORCS6,ERGIC2,COX8A_target,EZR,KIF2A,SFXN1,CTNNA1,DHX8,IMPDH2,LAMP3,LAMP1,RPN1,IMPDH2,RAB35,RPS20,ERGIC1,STIM1,CTNNA1,POLR2C,CS,CCDC14,CXADR,EBAG9,VASP,VAPA,RPN2,DCTN2,ANKFY1,TJP2,LYN,B3GAT1,VCL,LRRC59_Cterm,ACTR2,APEX1,MLLT4,SV40_NLS,RAB4A,CAV1,FBL,CBX3,NUP155_Nterm,TUBB,KRT19,RAB5C,KRT18,SEC61B_Nterm,TJP1,MARCKS_target,SEPT9,GOLGA1,CLTA,TUBA1A,PCNT,HIST1H2BG,CD3EAP,LRRC59_Cterm,DHFRL1,RAB5A,CS,PANX1,STX7,ZFPL1,CKAP4,BORCS6,FBL,KRT19,RPN1,GJA1,NDC80,RDX,NPM1,GOLGA2,ACTR2,STX4,BORCS6,AKAP1,COX4I1,TJP1,LAMP2,SEC61B_Nterm,AKAP1_target,Pxn,LAMP1,RAB4A,ERGIC1,PHB2,ATG12,ANKFY1,COIL,KRT19,ATP2A1,CDK5RAP2,RHOB,PEX14,MARCKS,AKAP1_target,PEX14,SQSTM1,RAB11A,ERGIC1,SERBP1,GOLGA1,AIFM1,RPL31,TUBA4A,TJP2,SASS6,CLTA,RHOB,HIST1H2BG,MARCKS_target,CAMSAP2,RPN1,CCDC14,TRIM36_Nterm,PARD3,RPN2,CS,C11orf52,VCL,SYNE3_Cterm,BORCS6,TJP1,NUP50,ERGIC2,ACTB,HSD3B7,ACTB,RPS6,ELOVL5,KRT19,HNRNPA1,NIFK,RPS20,PARP1,PRPF8,SQSTM1,LNPK_Cterm,SYNE3_Nterm,GJD3,ACBD5,LAMTOR1_target_peptide,DHX8,RPN1,ANK3,CTNNB1,MARCKS_target,GOLGA2,LRRC59_Nterm,IMPDH2,SEPT9,LAMP1,EIF6,NDC80,LNPK_Cterm,PTK2,HSD17B11,PEX14,PCNT,VCL,SV40_NLS,BCAP31,SEC61B_Nterm,LAMTOR1_target_peptide,ATG12,RPN1,PARP1,BORCS6,MAPRE1,PFN1,KRT8,STX6,DENND6A,PTK2,MAPRE3,LMNB1,CXADR,ARF6,CXADR,NUP155_Nterm,TRIM36_Nterm,CBX3,NCBP3,CALR3,HNRNPA1,CAV1,LAMTOR1,CLTA,METTL7A,NUP155_Cterm,FBL,RAB5C,SFXN1,ATP2A1,STX7,CYP2C9,DHX8,RHOB,MAPRE1,SFXN1,CYP2C1_sigseq,DERL1,VIM,GORASP1,LRRC59_Cterm,HSD17B11,DCTN2,CTNNB1,PRPF8,BORCS6,LNPK_Cterm,CLTA,ANK3,SEC61B_Nterm,KRT18,DHFRL1,LMNB1,DYNC1I2,LMAN1,HNRNPA1,CAV1,VIM,NIFK,ACTR1A,ZFPL1,HSD17B11,SV40_NLS,ANAPC2,CYP2C9,TRAP1,VASP,CALU,VIM,AARS2,NEFM,DDX23,SQSTM1,TUBA4A,LMNB1,SSR1,EZR,SFXN1,ATP2A1,TUBB,LMNA,GOLGA1,KRT18,AKAP1,MARCKS,LRRC59_Cterm,HIST1H2BG,SERBP1,KRAS_target,ACTR3,PCM1,RPS20,STX6,RAB4A,IMPDH2,SERBP1,RPN2,HIST1H3A,SEC61B_Nterm,EBAG9,KDM1A,HSD3B7,NUP155_Cterm,CENPA,AKAP1_target,SSR1,ATG12,PDIA4,CDK5RAP2,PARP1,SEC61B_Nterm,STX6,ELOVL5,STX6,COX4I1,LNPK_Nterm,TJP2,TUBA4A,ERGIC2,RAB5C,RPS6,LAMP1,PARD3,KDM1A,BCAP31,FLOT1,EZR,DHX40,LAMP2,NCBP3,KRT19,METTL7A,LAMTOR1,STX4,PCNT,SERBP1,PEX3,MAPRE3,DHFRL1,ERGIC1,RPL31,AKAP1_target,SEPT10,SASS6,LAMTOR1_target_peptide,CLIP1,LAMP3,CALR3,STX6,RAB3B_Nterm,LMNA,TMOD1,DERL1,SEC61B_Cterm,CLTA,FLOT1,ASF1A,GJA1,ERGIC2,LCK,NIFK,NIFK,DCTN2,LNPK_Cterm,LMNA,ANKFY1,STX4,ACTR2,AKAP1_target,CBX3,ACTR3,STX7,MAPRE1,Pxn,TRIM36_Cterm,NDC80,DCTN1,DHX40,LAMTOR1_target_peptide,CD3EAP,IMPDH2,REEP5,CEP135,EBAG9,ASH2L,TJP2,ANAPC2,TRIM36_Nterm,STX4,C11orf52,GOLGA1,EMD,LRRC59_Cterm,CYP2C1_sigseq,TUBB,STX7,RAB4A,CBX3,EIF6,DIRAS3,GOLGA2,ACTR3,EBAG9,LAMTOR1_target_peptide,ACTB,COX4I1,LAMTOR1,SEC61B_Cterm,ZNF330_target,MARCKS,EBAG9,COIL,CLIP1,SEC62,COX4I1,DIRAS3,AKAP1_target,ANKFY1,VCL,CTNNA1,ATG12,PXMP2,NUP50,PRPF8,MARCKS_target,PARP1,PCM1,IMPDH2,RAB9A,LNPK_Cterm,LYN,PFN1,HSD17B11,KRT8,UTP4,ACBD5,ASH2L,PARD3,RDX,C11orf52,LRRC59_Nterm,CD3EAP,CKAP4,RAB35,NOP56,AP2B1,LMAN1,GFAP,GJA1,BORCS6,HSD17B11,TUBA4A,SFXN1,CCDC14,AARS2,DENND6A,SEC61B_Cterm,LAMP2,POLR1E
,,,,,,,,,,,,,,,,,,,,,,,,,,,,,,,,,,,,,,,,,,,,,,,,,,,,,,,,,,,,,,,,,,,,,,,,,,,,,,,,CLTA,C11orf52,POLR2C,ANK3,KDM1A,NUP155_Cterm,CTNNB1,PEX14,LYN_target,CDK5RAP2,AP2B1,REEP5,GJA1,DENND6A,PRPH,CCDC14,RAB3B_Nterm,ACTB,PDIA4,DERL1,VASP,DERL1,KDM1A,LAMP1,NUP155_Nterm,CYP2C1_sigseq,COX8A_target,STX7,GOLGA1,CAMSAP2,DIRAS3,POLR2C,STX4,TUBA1A,POLR2C,CEP135,PFN1,KIF2A,CLTB,ANAPC2,CCDC14,SEC61B_Cterm,SEC61B_Nterm,PAFAH1B1,HSD3B7,TUBA1A,HNRNPA1,DYNC1I2,ACTR2,MARCKS_target,RHOB,DHX40,CXADR,LNPK_Cterm,PRPF8,EZR,EMD,REEP5,SSR1,EIF6,ACTR2,ZYX,CLTA,RAB5A,SEC61B_Cterm,HSD3B7,NUP155_Cterm,PDHA1,PRPH,HIST1H2BG,SEPT10,NIFK,LYN,SEPT9,CCDC14,SSR1,LYN,GJD3,AGPS,ANKFY1,EPB41L4A_Cterm,ACTR3,SYNE3_Cterm,VAPA,CLTA,ANKFY1,LRRC59_Nterm,CLTA,PHB2,SEC61B_Nterm,ACBD5,GOLGA2,NUP155_Nterm,SEC61B_Cterm,PEX3,RAB11A,SYNE3_Cterm,PEX3,AIFM1,PARD3,NCBP3,PCNT,ELOVL5,SYNE3_Cterm,CXADR,NPM1,GORASP1,GFAP,SEPT9,VIM,CYP2C9,SV40_NLS,PDIA4,COIL,NUP50,NDC80,HSD17B11,ATP2A1,AMOT,ATP2A1,FBL,GOLGA1,C11orf52,LATS1,RPL31,SV40_NLS,RAB3B_Nterm,CENPA,RDX,KIF2A,ANAPC2,HSD17B11,RAB11A,AKAP1,NIFK,DDX23,CS,DHFRL1,CALU,KRT18,ERGIC1,RAB35,GOLGA2,COIL,PFN1,CEP135,LAMP1,LRRC59_Nterm,DDX23,ANK3,NUP155_Nterm,PHB2,LNPK_Nterm,RAB35,GJD3,ELOVL5,METTL7A,NUP50,DCTN1,LRRC59_Nterm,STIM1,SV40_NLS,CYP2C1_sigseq,PAFAH1B1,LNPK_Cterm,PTK2,ACTB,STX6,RPN1,AKAP1,LCK,C11orf52,KIF2A,MAPRE1,CAV1,PRPF8,MLLT4,CYP2C9,RHOB,GOLGA1,COX4I1,SERBP1,CYP2C1_sigseq,TJP1,DYNC1I2,RHOB,SSR1,CD3EAP,SASS6,TRAP1,PHB2,EBAG9,STX6,LATS1,DYNC1I2,FLOT1,RPN2,NDC80,TUBB,AKAP1_target,SYNE3_Nterm,LNPK_Nterm,AMOT,LMAN1,KIF2A,PEX14,GOLGA2,PCM1,RPS6,NIFK,RAB35,SASS6,RPN2,SERBP1,SFXN1,NPM1,CENPA,ACBD5,VASP,TERF2IP,DIRAS3,RPN1,CAV1,NEFM,TJP1,TJP2,TRIM36_Nterm,VCL,KDM1A,LMNA,NCBP3,CENPA,RPN2,HSD17B11,OCLN,GOLGA2,RHOB,RAB11A,BORCS6,KDM1A,FLOT1,PAFAH1B1,AARS2,COX4I1,GOLGA1,CLTA,TUBA1A,LRRC59_Cterm,LNPK_Cterm,TUBA4A,GJA1,GFAP,GJD3,NPM1,GORASP1,NPM1,PRPF8,AP2B1,STX4,KRAS_Q61H,ANKFY1,NUP50,RAB4A,CKAP4,DHX40,ANKFY1,CLIP1,LNPK_Nterm,TRIM36_Cterm,DCTN2,SFXN1,BCAP31,REEP5,GJA1,MAPRE1,TERF2IP,ANK3,PEX14,KRT19,Pxn,DHX40,RDX,ANKFY1,ZNF330_target,CLTB,NDC80,TUBB,ATP2A1,ASH2L,LAMP2,TUBA4A,REEP5,AKAP1_target,RAB2A,RPS6,PARP1,DHX8,LYN_target,TRIM36_Cterm,SQSTM1,LYN_target,COX8A_target,IMPDH2,TRIM36_Cterm,GORASP1,IMPDH2,KRAS_target,LAMP3,MAPRE1,PTK2,CCDC14,DIRAS3,NPM1,TMOD1,LMNB1,RAB5A,RAB4A,LRRC59_Cterm,UTP4,B3GAT1,PTK2,PEX14,CALU,SEC61B_Cterm,TRIM36_Nterm,ATP2A1,NCBP3,KRAS_target,CLTA,PHB2,Pxn,CD3EAP,DCTN1,DYNC1I2,TMOD1,ZNF330_target,NUP50,GJA1,PRPF8,RPS6,ACTR1A,NIFK,CAMSAP2,ATG12,ASH2L,Pxn,ATP2A1,CTNNA1,GJD3,NUP155_Nterm,CS,GOLGA1,LYN,DERL1,ATP2A1,COX4I1,HIST1H2BG,AGPS,VCL,RHOB,CD3EAP,KRAS_target,TJP1,TJP2,VCL,SEPT10,ACTB,PDIA4,EMD,TERF2IP,NUP155_Cterm,CAV1,RAB2A,NEFM,PEX14,LAMTOR1_target_peptide,DCTN2,GORASP1,ACTR3,TUBA4A,PHB2,GJA1,NCBP3,RPS6,STIL,NCBP3,OCLN,LNPK_Nterm,AKAP1,AGPS,SEPT10,TRIM36_Nterm,DIRAS3,RAB3B_Nterm,DHX40,PTK2,FBL,METTL7A,PANX1,NUP155_Cterm,IMPDH2,ERGIC1,GJD3,MLLT4,COIL,DCTN2,EZR,LRRC59_Cterm,TERF2IP,CLTB,RAB35,C11orf52,SEPT9,AGPS,UTP4,CEP135,REEP5,HNRNPA1,CTNNB1,ZNF330_target,PXMP2,ACTR2,RDX,CAMSAP2,TUBA1A,LMNB1,RHOB,CDK5RAP2,SEC61B_Nterm,SFXN1
,,,,,,,,,,,,,,,,,,,,,,,,,,,,,,,,,,,,,,,,,,,,,,,,,,,,,,,,,,,,,,,,,,,,,,,,,,,,,,,,,,,,,,,,,,PEX14,LNPK_Cterm,NDC80,AP2B1,CAV1,LMNB1,RAB5A,KRT19,LMNB1,SFXN1,NUP155_Nterm,RAB9A,PTK2,GOLGA2,ARF6,DHFRL1,TRIM36_Nterm,SQSTM1,LAMTOR1_target_peptide,GOLGA2,ASF1A,RPS6,RAB11A,GOLGA1,LATS1,CLIP1,LRRC59_Cterm,STIM1,LMNA,LMNA,RAB5C,RPL31,STX7,RDX,LATS1,ANAPC2,ACTR1A,SYNE3_Cterm,DHX40,HNRNPA1,NUP50,LMNB1,ZNF330_target,TRIM36_Cterm,CAV1,ASF1A,STX4,SEC61B_Cterm,LCK,SYNE3_Cterm,LAMTOR1_target_peptide,CYP2C1_sigseq,CYP2C9,NCBP3,CTNNA1,COX8A_target,CCDC14,SSR1,LMNB1,AGPS,RDX,KRAS_Q61H,PCM1,LYN_target,POLR2C,COX8A_target,GORASP1,LMAN1,RAB11A,METTL7A,CD3EAP,LAMP2,EBAG9,MAPRE3,TUBA4A,SEPT10,CD3EAP,DHX40,GOLGA2,DDX23,KRT18,DDX23,IMPDH2,CENPA,CKAP4,ZFPL1,NIFK,VASP,ASF1A,KRT19,PTK2,PTK2,FBL,AKAP1,DHX40,CEP135,ACTB,MAPRE1,CD3EAP,TRIM36_Cterm,IMPDH2,LMNB1,SFXN1,MARCKS_target,PEX14,LYN_target,SSR1,CLIP1,ASF1A,EIF6,DCTN1,NIFK,LATS1,PRPF8,SQSTM1,LMAN1,DERL1,AKAP1,COX4I1,CKAP4,GFAP,CYP2C9,RHOB,CENPA,NEFM,LATS1,ACBD5,RAB3B_Nterm,LATS1,DCTN2,PDIA4,LAMP2,PARD3,NDC80,EPB41L4A_Cterm,TMPO,AIFM1,EPB41L4A_Cterm,DHFRL1,CENPA,FLOT1,TRIM36_Nterm,SEPT9,PAFAH1B1,CALU,TRIM36_Cterm,ANKFY1,AGPS,ANKFY1,LRRC59_Cterm,PRPF8,CKAP4,CAMSAP2,RAB5C,EPB41L4A_Cterm,TUBA4A,RPS6,SEC62,CLTA,ZNF330_target,TERF2IP,AIFM1,LYN,ZFPL1,PHB2,NUP155_Cterm,TUBA1A,PHB2,TERF2IP,OCLN,STX7,ATG12,MLLT4,COX8A_target,PARP1,DIRAS3,LNPK_Cterm,STX4,GOLGA1,CS,GORASP1,BORCS6,DERL1,KDM1A,HNRNPA1,BORCS6,LMNA,PDHA1,PXMP2,PTK2,MARCKS_target,TRAP1,PEX14,TJP2,SSR1,LMNA,RAB9A,AIFM1,NUP50,NEFM,NEFM,COX8A_target,STX4,CXADR,ANAPC2,CLIP1,NDC80,LMNB1,RAB11A,DCTN2,RPS6,TERF2IP,ZYX,AIFM1,AMOT,ELOVL5,PEX3,LMNA,PARD3,NEFM,CBX3,ASH2L,RAB5A,DERL1,RPS24,PTK2,RAB11A,NUP155_Cterm,CXADR,CYP2C9,CTNNB1,TRAP1,GOLGA2,TJP1,RAB35,EPB41L4A_Cterm,COX8A_target,SASS6,EIF6,STIM1,DHFRL1,BORCS6,PARD3,LRRC59_Nterm,ASF1A,TERF2IP,ELOVL5,EZR,AGPS,KRT8,NUP50,DIRAS3,AKAP1_target,COIL,STIM1,LNPK_Nterm,TMOD1,EMD,ACTB,LCK,REEP5,ANKFY1,TJP2,PXMP2,B3GAT1,LAMP1,AGPS,EIF6,HNRNPA1,STIL,ATP2A1,HNRNPA1,ZFPL1,MARCKS_target,CXADR,PEX3,TRIM36_Nterm,DYNC1I2,VASP,ATG12,DCTN1,ANK3,GORASP1,PHB2,ELOVL5,PEX14,VIM,RHOB,CTNNA1,HIST1H2BG,SEC62,LAMP2,STIM1,PFN1,LMNA,MLLT4,EIF6,STIM1,TJP1,NPM1,CLTB,ARF6,ASH2L,LAMTOR1,RPN2,TRIM36_Cterm,KRT8,TRIM36_Nterm,COX8A_target,RAB4A,UTP4,CDK5RAP2,NDC80,SEPT9,SERBP1,PAFAH1B1,AARS2,TMOD1,AP2B1,RPN1,SQSTM1,RAB4A,NEFM,NUP155_Nterm,EIF6,HSD17B11,ZFPL1,SEPT9,KRAS_target,FBL,EZR,COX4I1,TUBB,RPL31,ATP2A1,VASP,AP2B1,DERL1,DIRAS3,LYN,KRT18,SEC61B_Nterm,DIRAS3,CYP2C9,STIM1,AKAP1_target,MAPRE3,LYN,SEPT9,KRT8,CKAP4,ELOVL5,KIF2A,KRAS_Q61H,RPS24,GOLGA1,CXADR,DHX8,PXMP2,NDC80,CAMSAP2,ANKFY1,HSD17B11,SFXN1,TUBA4A,C11orf52,PCNT,CDK5RAP2,NUP50,POLR2C,EZR,ACTR2,CYP2C9,ARF6,PCNT,TJP2,SEPT10,KDM1A,LAMTOR1_target_peptide,SYNE3_Nterm,STX6,TJP2,TERF2IP,AKAP1_target,ANKFY1,SQSTM1,MAPRE1,PDIA4,FLOT1,LNPK_Cterm,ZYX,HSD3B7,HSD3B7,AIFM1,ACBD5,BCAP31,RAB11A,LAMTOR1_target_peptide,DCTN1,CALR3,DHX8,SFXN1,RAB2A,SEC62,ANAPC2,AMOT,GORASP1,STIL,PCNT,SV40_NLS,LNPK_Nterm,ANAPC2,RAB35,CXADR,PARP1,RPL31,RPN2,DIRAS3,LAMP1,ARF6
,,,,,,,,,,,,,,,,,,,,,,,,,,,,,,,,,,,,,,,,,,,,,,,,,,,,,,,,,,,,,,,,,,,,,,,,,,,,,,,,,,,,,,,,,,,,,,,,,,,,LMNA,BORCS6,FBL,ACBD5,CXADR,SASS6,HNRNPA1,KRT19,RAB4A,ACTB,TRAP1,PEX14,PDHA1,RPN1,PEX14,TUBA1A,CALU,COX8A_target,ACTR2,KRT18,COIL,PARD3,ANK3,ZNF330_target,VCL,SASS6,AIFM1,ERGIC1,Pxn,RPL31,AMOT,EBAG9,ELOVL5,RPN2,LAMP2,B3GAT1,RAB35,PHB2,PARD3,CAV1,KRAS_target,ACTR2,RDX,LAMP1,SASS6,VAPA,GFAP,SEPT9,KRAS_Q61H,PEX14,CS,KRT19,RAB3B_Nterm,NDC80,DHX40,BCAP31,CLIP1,VCL,PAFAH1B1,LRRC59_Nterm,AGPS,SERBP1,COX8A_target,ATG12,DHX40,SSR1,STX7,AP2B1,CYP2C9,LYN,NPM1,LATS1,GORASP1,SYNE3_Nterm,LMNA,LAMP3,VCL,LYN_target,DCTN2,CD3EAP,EBAG9,AP2B1,PDHA1,PAFAH1B1,AIFM1,ELOVL5,AP2B1,RAB5A,TRIM36_Nterm,CTNNA1,LRRC59_Cterm,DERL1,CTNNA1,EZR,GFAP,CLIP1,DENND6A,LRRC59_Cterm,NUP155_Cterm,CAV1,ANK3,RAB5C,Pxn,CENPA,DERL1,RAB2A,NOP56,DHX8,REEP5,SEC61B_Nterm,LYN,ZFPL1,DENND6A,HIST1H3A,REEP5,PHB2,ANK3,CENPA,CKAP4,PCNT,RDX,POLR1E,ARF6,HIST1H3A,STX7,RHOB,CXADR,KRT19,PRPH,ARF6,PEX3,ELOVL5,NDC80,FLOT1,ANAPC2,AARS2,NOP56,PFN1,METTL7A,RAB5C,GJA1,LNPK_Nterm,CENPA,GJD3,CEP135,SEC61B_Cterm,CTNNA1,TMPO,IMPDH2,MAPRE1,DYNC1I2,AARS2,LYN_target,TRAP1,HNRNPA1,ERGIC2,STIL,ELOVL5,GJD3,CYP2C1_sigseq,NCBP3,CBX3,PARD3,PANX1,HIST1H2BG,CTNNB1,KRAS_target,PCNT,ZFPL1,POLR1E,ACBD5,CYP2C9,CEP135,PXMP2,AARS2,CENPA,IMPDH2,SSR1,CYP2C1_sigseq,CBX3,ASF1A,OCLN,PXMP2,EMD,NDC80,CENPA,TJP2,PDHA1,CLTB,MAPRE1,EMD,PFN1,PAFAH1B1,MAPRE1,HSD3B7,PANX1,RDX,GOLGA2,RAB3B_Nterm,KRT18,CLTB,CALR3,CYP2C9,DYNC1I2,GOLGA2,DYNC1I2,GFAP,COX4I1,GOLGA2,SEC62,ANK3,RAB35,ERGIC1,ERGIC2,APEX1,STIM1,PARD3,AMOT,EZR,LATS1,ASF1A,AKAP1,PRPH,EPB41L4A_Cterm,EZR,STX4,TUBB,REEP5,APEX1,CEP135,CLTB,CBX3,MARCKS,NUP155_Nterm,PANX1,LYN_target,AKAP1,GJD3,EIF6,ATG12,EBAG9,CS,METTL7A,LAMTOR1_target_peptide,PEX14,ATG12,RPS24,COX8A_target,GJA1,HIST1H2BG,AIFM1,RAB5A,ELOVL5,PCNT,ACTR2,Pxn,CAMSAP2,HIST1H2BG,LAMP3,RAB11A,RPS6,PANX1,NPM1,PTK2,PEX3,MARCKS_target,ACTR2,CCDC14,RAB9A,PDHA1,STX4,LAMP3,HSD3B7,LNPK_Cterm,STIL,LMAN1,GJA1,HIST1H2BG,RPN1,POLR1E,PFN1,SEPT9,AARS2,PCNT,PTK2,RDX,PCM1,PDHA1,DCTN1,GJD3,CAMSAP2,SSR1,CYP2C1_sigseq,ARF6,ARF6,TUBA1A,PXMP2,GOLGA2,MAPRE3,HIST1H3A,GFAP,RAB11A,RAB11A,GOLGA1,TUBA4A,LAMP1,TRIM36_Nterm,CAV1,ZFPL1,LAMP2,SV40_NLS,RAB9A,LAMP1,LAMTOR1,GFAP,FBL,NIFK,STX6,DDX23,RAB9A,RAB11A,RAB11A,CS,DENND6A,ARF6,ERGIC2,RAB5A,ACBD5,MLLT4,LYN_target,TRIM36_Nterm,C11orf52,NPM1,CALU,RPN2,EMD,SFXN1,BCAP31,POLR2C,CCDC14,CAMSAP2,DIRAS3,ACBD5,GJA1,DYNC1I2,SSR1,CBX3,PEX3,AGPS,CYP2C9,LAMP3,TJP2,GJD3,SEC62,PHB2,LYN_target,TJP1,REEP5,NPM1,KRAS_target,SEPT10,Pxn,SEC61B_Cterm,DHFRL1,GJA1,ASH2L,NUP155_Cterm,CTNNA1,CALR3,SV40_NLS,NDC80,CTNNB1,CTNNA1,HSD3B7,MAPRE1,CS,APEX1,STX4,LRRC59_Nterm,CCDC14,NDC80,ACTR2,CYP2C9,CYP2C1_sigseq,COX4I1,NUP155_Nterm,RAB35,TJP2,STX6,POLR2C,MAPRE3,LNPK_Cterm,RPS24,DCTN2,SSR1,PHB2,PAFAH1B1,NCBP3,RPS20,NUP155_Cterm,TMOD1,NDC80,B3GAT1,OCLN,RAB2A,TMPO,CBX3,PCNT,KRAS_Q61H,MLLT4
,,,,,,,,,,,,,,,,,,,,,,,,,,,,,,,,,,,,,,,,,,,,,,,,,,,,,,,,,,,,,,,,,,,,,,,,,,,,,,,,,,,,,,,,,,,,,,,,,,,,,,,,,,,,,,LYN_target,DCTN1,TJP1,LNPK_Nterm,AIFM1,EIF6,ACBD5,POLR2C,PRPH,PARD3,KRAS_target,NUP50,KRAS_Q61H,DHFRL1,TRIM36_Nterm,RAB11A,KDM1A,PFN1,LNPK_Nterm,AGPS,GJA1,CALU,LNPK_Cterm,EBAG9,FBL,CDK5RAP2,SEC61B_Nterm,TRAP1,COX4I1,VASP,RHOB,STX4,RPL31,BCAP31,PRPH,STIM1,GJA1,STX4,PCNT,ASH2L,CKAP4,ERGIC2,DHX40,NCBP3,RAB5A,RAB5C,AIFM1,ELOVL5,CALR3,EIF6,DHX40,LAMP3,PXMP2,RAB3B_Nterm,MARCKS_target,KRT18,COX4I1,CALU,APEX1,TRIM36_Nterm,FLOT1,DENND6A,CYP2C9,LAMP2,PCNT,GFAP,LNPK_Cterm,ASF1A,VIM,LAMTOR1_target_peptide,BCAP31,NUP155_Nterm,CBX3,TMOD1,B3GAT1,AMOT,LMNB1,PARP1,FBL,ATP2A1,RAB2A,RAB9A,CEP135,RPL31,ZFPL1,ERGIC2,UTP4,PARP1,CENPA,TERF2IP,RAB3B_Nterm,LNPK_Nterm,RHOB,REEP5,RHOB,STX6,VIM,SEPT10,LATS1,CS,PAFAH1B1,KRT19,TMPO,GORASP1,VASP,STIL,ASH2L,PXMP2,TUBA1A,MAPRE1,SEC61B_Cterm,PRPF8,LATS1,STIL,DDX23,LAMTOR1,TRIM36_Cterm,FBL,LAMP1,CLTB,TRAP1,RDX,OCLN,AIFM1,Pxn,CBX3,ZYX,LAMTOR1_target_peptide,Pxn,STIM1,RAB11A,MLLT4,RAB3B_Nterm,GOLGA1,VCL,LYN_target,ANK3,LAMTOR1_target_peptide,CENPA,AGPS,STX4,NIFK,DCTN1,ASF1A,SEC61B_Cterm,KRT18,LNPK_Cterm,MAPRE1,DHX8,ACTR3,MLLT4,AKAP1_target,PFN1,RPS6,SV40_NLS,TUBA1A,AARS2,GOLGA2,ATG12,HIST1H2BG,IMPDH2,POLR1E,SYNE3_Nterm,LCK,RAB11A,RAB5A,COX8A_target,LATS1,HIST1H2BG,KDM1A,ANK3,GOLGA1,RAB35,PXMP2,CLTA,TRIM36_Nterm,SYNE3_Cterm,CENPA,GJD3,ATP2A1,C11orf52,RHOB,RDX,RAB2A,UTP4,CAMSAP2,DHX8,LRRC59_Nterm,TRIM36_Cterm,RPL31,ELOVL5,GJA1,UTP4,RPN2,PRPF8,SEC61B_Nterm,SFXN1,AKAP1_target,ATP2A1,TRIM36_Nterm,STX6,ACTR1A,DCTN2,LMAN1,CDK5RAP2,NUP155_Cterm,ANK3,SEC61B_Cterm,CS,ANK3,LAMP3,LYN_target,VCL,LNPK_Nterm,VASP,KDM1A,HIST1H3A,KRT8,PEX3,ANAPC2,RAB3B_Nterm,SV40_NLS,LMNA,RAB5A,TJP2,SYNE3_Cterm,LNPK_Cterm,KRAS_Q61H,RDX,MARCKS,PDIA4,EPB41L4A_Cterm,NCBP3,ZYX,TJP1,CDK5RAP2,ERGIC1,COIL,CLTB,LATS1,BCAP31,PRPH,PTK2,B3GAT1,PCNT,COX8A_target,BORCS6,PDHA1,AGPS,LNPK_Cterm,DHX8,CKAP4,TUBA1A,LMNA,ASH2L,NUP50,ACTR1A,DDX23,SV40_NLS,SV40_NLS,RAB9A,CLTB,CBX3,KRAS_Q61H,EMD,MARCKS,CTNNB1,C11orf52,NUP155_Nterm,PANX1,KRT19,HNRNPA1,LRRC59_Cterm,RPN2,HSD17B11,TMPO,TUBA1A,RDX,TRIM36_Nterm,DIRAS3,AKAP1,COX8A_target,LRRC59_Nterm,AMOT,CKAP4,DHX40,LRRC59_Nterm,PDHA1,KRAS_target,CLTA,SSR1,SYNE3_Cterm,ERGIC1,CBX3,CALU,ERGIC2,STIL,ACTR3,EIF6,TRAP1,PRPF8,GJD3,AP2B1,NDC80,SFXN1,VASP,KRT8,CXADR,ASF1A,NUP155_Cterm,PRPF8,OCLN,SEC62,HIST1H2BG,DCTN2,MAPRE3,PANX1,FLOT1,CEP135,NOP56,COX4I1,HNRNPA1,LRRC59_Cterm,RPS6,ACTR1A,RPS20,LRRC59_Nterm,ARF6,AARS2,REEP5,ANKFY1,AMOT,Pxn,SEC61B_Nterm,CLTB,STX7,ATG12,PDHA1,CS,STX7,ANKFY1,ACTB,LYN_target,KRT19,TRIM36_Cterm,CTNNB1,ERGIC2,BCAP31,MLLT4,BORCS6,TERF2IP,SQSTM1,CD3EAP,LATS1,ARF6,ERGIC1,TUBA4A,HIST1H3A,RPN1,LYN_target,RAB5A,ZYX,LAMP2,HIST1H3A,KDM1A,MARCKS,LATS1,RAB2A,GOLGA1,DENND6A,PDIA4,RPS20,DHFRL1,ANAPC2,DDX23,PARP1,ERGIC2,NEFM,PXMP2,PARD3,CXADR,FBL,AIFM1,HSD3B7,TUBA4A,SYNE3_Nterm,ERGIC2,SV40_NLS,RPL31,DIRAS3,CBX3,PARD3,LAMP1,FLOT1,KRT8,HIST1H2BG,KRT18,LMNB1,LMAN1,RAB4A
,,,,,,,,,,,,,,,,,,,,,,,,,,,,,,,,,,,,,,,,,,,,,,,,,,,,,,,,,,,,,,,,,,,,,,,,,,,,,,,,,,,,,,,,,,,,,,,,,,,,,,,,,,,,,,,,,,,,,,,,EPB41L4A_Cterm,PRPF8,ACTR1A,RAB11A,DYNC1I2,CEP135,GJD3,HSD17B11,STX6,ANKFY1,STX7,LAMP1,IMPDH2,STX6,TRIM36_Cterm,ANKFY1,RAB2A,RPS6,MLLT4,LRRC59_Nterm,CLTB,PFN1,ACTR1A,RAB2A,ASH2L,BORCS6,COIL,FBL,CXADR,PHB2,LYN_target,CDK5RAP2,PANX1,LMAN1,EIF6,NOP56,STX4,CALR3,ZYX,ANAPC2,AKAP1_target,TMOD1,DERL1,LRRC59_Nterm,EIF6,PRPH,PANX1,SFXN1,RAB5C,CEP135,DDX23,SEC62,NUP50,RDX,KRAS_target,VASP,SEC62,CEP135,KRT18,TMPO,RHOB,ASH2L,ACTR3,VIM,C11orf52,STIL,PEX14,DYNC1I2,SEC61B_Cterm,GJA1,NEFM,PDHA1,NUP155_Cterm,PXMP2,AKAP1,NUP155_Nterm,COX8A_target,CENPA,COX8A_target,CTNNA1,RDX,RPS6,HNRNPA1,KRT8,CLIP1,DENND6A,RPN1,ACTR3,VASP,AKAP1_target,HIST1H2BG,CLTA,TUBA1A,TUBB,EZR,SYNE3_Cterm,TRAP1,Pxn,ARF6,LYN,IMPDH2,CAMSAP2,NPM1,SEPT10,PARP1,HSD3B7,POLR1E,AP2B1,TUBA1A,ANAPC2,NDC80,RPN1,AGPS,PTK2,SERBP1,RAB4A,ATP2A1,EIF6,RAB11A,UTP4,CBX3,PRPF8,CDK5RAP2,NEFM,AMOT,GOLGA2,NUP50,LATS1,C11orf52,CALU,PAFAH1B1,CALU,CYP2C9,ACBD5,ATG12,EIF6,TJP1,NPM1,RPN1,TUBA4A,TUBA1A,NUP50,STX7,HSD17B11,VASP,CALU,AMOT,CLTA,EPB41L4A_Cterm,RAB9A,STIM1,SEPT9,SV40_NLS,SV40_NLS,MARCKS,MARCKS,DHFRL1,VAPA,ATG12,KRT18,CLTA,NPM1,MAPRE1,RPL31,TERF2IP,NCBP3,NDC80,STIM1,ATP2A1,STX7,RPS6,RDX,PHB2,SEPT9,LAMTOR1,RAB3B_Nterm,TUBA1A,REEP5,STX4,POLR1E,CYP2C1_sigseq,RAB5A,NIFK,AARS2,STIL,RAB9A,CAV1,UTP4,POLR2C,ANK3,RAB3B_Nterm,NEFM,CLTB,CENPA,DIRAS3,PEX14,KIF2A,ZNF330_target,CKAP4,CLTB,KIF2A,HNRNPA1,RPS24,NUP50,PRPF8,CCDC14,ACTR2,MARCKS_target,SYNE3_Nterm,C11orf52,STIM1,NUP155_Nterm,RAB4A,SEC62,STIM1,SASS6,CCDC14,AMOT,COIL,ACTR3,STX7,MARCKS_target,NPM1,NEFM,COX8A_target,UTP4,PEX14,DYNC1I2,RDX,NPM1,ACTR2,AKAP1,TUBB,LYN,COX4I1,PARD3,DENND6A,CAV1,RPS6,NPM1,DERL1,ANKFY1,SERBP1,PDHA1,HNRNPA1,ANKFY1,RAB3B_Nterm,IMPDH2,LNPK_Nterm,TMOD1,VAPA,RAB3B_Nterm,CALU,LCK,VAPA,NOP56,CTNNA1,COX8A_target,ERGIC1,KRT19,ANAPC2,METTL7A,PCM1,TMOD1,TUBA4A,SEC61B_Cterm,FBL,PFN1,VASP,PXMP2,STX4,LYN_target,PDIA4,TRIM36_Nterm,PARP1,CXADR,ZFPL1,FLOT1,AGPS,DHX40,REEP5,RPL31,SQSTM1,AKAP1_target,RAB2A,RDX,CDK5RAP2,KDM1A,TJP1,RAB5A,GJA1,TERF2IP,SEPT9,LCK,GOLGA2,LRRC59_Cterm,RAB2A,ACTR2,PFN1,HNRNPA1,LRRC59_Nterm,RHOB,ZYX,ACTR3,PANX1,COIL,STIL,HIST1H2BG,NEFM,LNPK_Cterm,DHX40,Pxn,SEC61B_Cterm,RPL31,KRAS_target,CTNNB1,DERL1,PCNT,PCNT,OCLN,SQSTM1,HSD17B11,RPL31,PAFAH1B1,NIFK,AIFM1,TUBA4A,CDK5RAP2,LYN_target,SEC62,LNPK_Cterm,SEC61B_Cterm,UTP4,STX7,SSR1,RAB5C,LAMP1,STX6,CYP2C9,CS,GOLGA1,LAMP3,CENPA,ANKFY1,NOP56,C11orf52,RPS24,NEFM,HIST1H2BG,RAB4A,SERBP1,EMD,CXADR,PEX14,VIM,CEP135,PTK2,COX8A_target,EIF6,ATG12,TJP1,CTNNA1,LAMP2,AKAP1_target,RAB9A,MAPRE3,GFAP,GJD3,RPN1,AARS2,CYP2C9,LAMP2,RPL31,KRAS_Q61H,AGPS,VAPA,TMOD1,MLLT4,DERL1,CYP2C9,ACTR3,ZNF330_target,PFN1,PCM1,RPS24,DHX8,GJD3,AKAP1,RPS24,ACTR1A
,,,,,,,,,,,,,,,,,,,,,,,,,,,,,,,,,,,,,,,,,,,,,,,,,,,,,,,,,,,,,,,,,,,,,,,,,,,,,,,,,,,,,,,,,,,,,,,,,,,,,,,,,,,,,,,,,,,,,,,,,,,,,,,,,,LAMTOR1,LAMTOR1_target_peptide,EMD,AP2B1,EPB41L4A_Cterm,NCBP3,IMPDH2,PRPF8,ATP2A1,METTL7A,LNPK_Cterm,LATS1,ERGIC1,PEX14,GORASP1,LRRC59_Nterm,AARS2,DERL1,CBX3,RAB3B_Nterm,LMNA,RAB3B_Nterm,ZNF330_target,CLIP1,VAPA,LAMTOR1,VASP,STX4,DIRAS3,FBL,POLR2C,DHX8,RAB5A,GOLGA1,STX6,TRIM36_Cterm,SFXN1,RPN2,AMOT,SEC61B_Cterm,LAMP3,CS,PAFAH1B1,MARCKS,CALU,NUP155_Nterm,RPN2,CS,LAMP1,NUP155_Cterm,NPM1,COIL,CXADR,LMAN1,VIM,CALR3,KDM1A,LYN_target,PFN1,RDX,KRAS_target,TMOD1,MAPRE3,KDM1A,RAB2A,ANKFY1,RPL31,DHX8,CTNNA1,VCL,CALU,DHX40,ANKFY1,GOLGA1,VAPA,STX4,TRAP1,ACTR2,RAB2A,CYP2C1_sigseq,PDIA4,AGPS,ACBD5,RAB4A,KRT8,LCK,RAB5C,ACTR2,DENND6A,ERGIC2,LAMP3,ATG12,B3GAT1,PARD3,CTNNA1,SYNE3_Cterm,SFXN1,GFAP,LAMP3,PCM1,RAB9A,TMPO,GJD3,SEC61B_Cterm,LAMP2,TRAP1,RAB5C,RDX,PDHA1,LAMP1,CKAP4,LYN,SYNE3_Nterm,PRPH,CYP2C1_sigseq,ASH2L,LNPK_Nterm,DERL1,ZYX,SYNE3_Nterm,HIST1H3A,ACBD5,NEFM,CS,RPL31,CD3EAP,ASF1A,PCM1,EPB41L4A_Cterm,FBL,AIFM1,CDK5RAP2,HSD3B7,LYN_target,AMOT,PCNT,TJP2,GJD3,STX7,PHB2,ANAPC2,PCM1,SEC61B_Nterm,Pxn,IMPDH2,TRIM36_Cterm,RAB2A,RPL31,ERGIC2,CXADR,EPB41L4A_Cterm,GFAP,NIFK,DHFRL1,DCTN2,UTP4,CBX3,KRT19,SFXN1,ASF1A,AKAP1,KIF2A,PTK2,LAMTOR1_target_peptide,STX4,NUP155_Cterm,RAB35,AKAP1_target,KRT18,CENPA,NUP50,RPN2,ASF1A,HSD3B7,ASH2L,MAPRE1,SQSTM1,TUBB,RPS20,AKAP1_target,ELOVL5,LYN_target,AGPS,KRT18,EMD,SYNE3_Nterm,B3GAT1,ERGIC2,GOLGA2,LNPK_Nterm,HSD3B7,PCM1,STX7,PARP1,ANK3,EZR,LRRC59_Nterm,CYP2C9,ACBD5,ZNF330_target,ANKFY1,CKAP4,UTP4,SV40_NLS,SEPT10,PRPF8,IMPDH2,UTP4,CLIP1,HSD3B7,REEP5,NEFM,RAB11A,AKAP1_target,RDX,AP2B1,DERL1,ASH2L,ACBD5,TUBA1A,NUP50,ZFPL1,SFXN1,DDX23,LATS1,CD3EAP,PRPF8,ARF6,LYN,PANX1,PEX3,PEX14,SEC62,GOLGA1,NEFM,ANK3,LMNB1,GOLGA2,LAMTOR1_target_peptide,KRAS_Q61H,NPM1,MAPRE1,LMNA,BORCS6,ASF1A,PRPF8,STX7,DENND6A,KRT19,ANK3,GFAP,LYN,CLTB,ASF1A,CBX3,SERBP1,EMD,LMAN1,RAB4A,LNPK_Cterm,PXMP2,CALU,CLTA,KIF2A,NPM1,PEX3,ZNF330_target,GORASP1,CLTA,RPN2,TMPO,TJP1,RAB5C,DHFRL1,REEP5,EZR,RPL31,SASS6,CENPA,GFAP,LMNA,PRPH,SEC62,HSD3B7,ERGIC1,BCAP31,METTL7A,FLOT1,C11orf52,PEX14,IMPDH2,PXMP2,RAB35,DHFRL1,DCTN1,PEX3,MAPRE3,LAMP3,DENND6A,ZNF330_target,ARF6,VCL,IMPDH2,HIST1H3A,VIM,ACTR3,FBL,REEP5,KIF2A,DDX23,RAB2A,CKAP4,METTL7A,CLTB,CDK5RAP2,EPB41L4A_Cterm,METTL7A,DENND6A,STIL,LMNB1,TRAP1,SYNE3_Nterm,DHX40,ZFPL1,NEFM,LYN,SEC61B_Cterm,NPM1,CLTB,LNPK_Nterm,PDHA1,SEPT10,SYNE3_Nterm,ERGIC1,TMPO,TMPO,ANK3,NUP155_Nterm,ZNF330_target,TJP1,RHOB,POLR2C,DHFRL1,KDM1A,RAB35,RPL31,C11orf52,KRT19,LATS1,PDHA1,KIF2A,PRPH,SV40_NLS,CYP2C9,PXMP2,CLTB,AGPS,COX8A_target,GORASP1,CTNNA1,SEC61B_Nterm,LMAN1,DHX8,AARS2,KRT19,DYNC1I2,ACTR1A,AKAP1,GJA1,EBAG9,STX6,ACTB,METTL7A,KRT19,ANAPC2,KRAS_target,HSD17B11,RAB9A,PTK2,LMAN1
,,,,,,,,,,,,,,,,,,,,,,,,,,,,,,,,,,,,,,,,,,,,,,,,,,,,,,,,,,,,,,,,,,,,,,,,,,,,,,,,,,,,,,,,,,,,,,,,,,,,,,,,,,,,,,,,,,,,,,,,,,,,,,,,,,,,,,,,,,,,SERBP1,PCM1,TRIM36_Cterm,CLIP1,AARS2,DYNC1I2,DHX40,AKAP1_target,ANAPC2,KRAS_target,PDIA4,UTP4,GOLGA1,AARS2,TERF2IP,RAB4A,B3GAT1,OCLN,ACTR1A,NUP155_Cterm,CTNNB1,GFAP,CYP2C9,DENND6A,DHX8,MARCKS,GFAP,ACTB,LAMTOR1_target_peptide,STIM1,TRIM36_Nterm,TJP1,LCK,TRAP1,TUBA4A,CBX3,RHOB,APEX1,NOP56,TJP1,TRIM36_Nterm,ZYX,KIF2A,GOLGA1,CLIP1,CBX3,LCK,AGPS,TUBB,HNRNPA1,LAMTOR1_target_peptide,LATS1,CAMSAP2,PRPH,RPS20,PARP1,NUP50,STX7,MAPRE1,POLR1E,ACTR1A,GJA1,NUP155_Nterm,COX4I1,ASH2L,SQSTM1,PRPF8,VAPA,ERGIC1,RDX,LAMP3,DENND6A,RAB9A,PRPF8,TMPO,TUBA1A,PRPF8,CXADR,PEX3,TMOD1,RAB3B_Nterm,OCLN,AMOT,TJP1,BORCS6,RAB35,ACTR2,LATS1,NIFK,ACBD5,TERF2IP,DIRAS3,KRT19,NOP56,ERGIC2,DDX23,AARS2,STX6,TERF2IP,VCL,EIF6,DIRAS3,ACTB,ACTR1A,RAB4A,DHX8,LAMTOR1,RAB4A,DHFRL1,VAPA,MARCKS_target,DCTN1,POLR1E,EPB41L4A_Cterm,MARCKS_target,LAMP3,ANAPC2,PARD3,PCM1,EZR,LYN_target,CKAP4,ASF1A,VAPA,MARCKS,RPS6,SASS6,DERL1,ANK3,CALU,APEX1,GOLGA2,NEFM,GJD3,SEC62,KRAS_Q61H,PCNT,PRPH,LCK,ERGIC1,RPS6,LAMTOR1,STX7,APEX1,PARD3,CS,ATG12,GOLGA2,LAMTOR1,CLIP1,DCTN1,METTL7A,ARF6,RAB4A,CAMSAP2,EZR,KIF2A,RAB5C,EPB41L4A_Cterm,OCLN,KRAS_target,CTNNA1,ARF6,PRPH,PEX3,HIST1H3A,HIST1H3A,SASS6,VAPA,VIM,ATG12,ANKFY1,CLIP1,LAMP2,VCL,LMAN1,NPM1,STIL,RPS20,TERF2IP,SERBP1,AP2B1,MLLT4,SEC62,NOP56,PHB2,MARCKS_target,TJP2,RPS6,GJD3,PDHA1,RPL31,SEPT10,SYNE3_Cterm,RAB5C,EZR,DHX40,MAPRE1,CS,AIFM1,ANAPC2,NIFK,SEPT9,TUBA4A,STX7,SEC61B_Nterm,VCL,ARF6,TJP1,IMPDH2,COX4I1,KIF2A,METTL7A,DENND6A,DIRAS3,CAV1,LRRC59_Cterm,ANKFY1,RPN2,RAB5A,CKAP4,B3GAT1,PARP1,NCBP3,AMOT,RAB11A,GORASP1,PEX3,PANX1,RDX,KRAS_Q61H,KRT18,SEPT9,AMOT,LYN,LAMTOR1,RPL31,RAB35,CAV1,RAB35,BORCS6,TMOD1,TUBA4A,TRIM36_Nterm,CCDC14,SYNE3_Nterm,ASF1A,DYNC1I2,ACTR3,CCDC14,SSR1,ANK3,SASS6,PARD3,NEFM,LAMTOR1,GJD3,LMNB1,LMAN1,PEX14,PARP1,DCTN1,LYN_target,PEX3,CENPA,MLLT4,EMD,RPN1,MAPRE1,DERL1,LYN,TUBB,EBAG9,NUP155_Cterm,PFN1,LATS1,EIF6,ACTR3,ZFPL1,FLOT1,TJP1,EZR,NCBP3,ANK3,TUBA4A,RAB35,NUP50,LMNA,RPL31,COX8A_target,TUBB,PDHA1,CTNNB1,LATS1,TRIM36_Cterm,CAMSAP2,SASS6,PHB2,NCBP3,PEX3,GJA1,CYP2C9,OCLN,DHX8,GORASP1,VIM,OCLN,NUP155_Nterm,CTNNB1,KRAS_Q61H,ZYX,CTNNB1,PARD3,CAMSAP2,LRRC59_Nterm,DENND6A,SYNE3_Cterm,RPS20,SEPT10,GJA1,C11orf52,STIM1,ACTB,FBL,FLOT1,STX6,PANX1,PDHA1,ERGIC2,CEP135,POLR2C,TJP1,LMNB1,CLTB,ACBD5,SFXN1,KIF2A,CYP2C1_sigseq,ZFPL1,SEPT10,HSD17B11,NIFK,DCTN1,ERGIC2,ACTR2,ATP2A1,VIM,EZR,SEC62,DDX23,DENND6A,TUBA1A,UTP4,RPS24,PAFAH1B1,KRT18,RDX,KRT8,PRPF8,SEC61B_Nterm,COX4I1,PDHA1,LATS1,LAMTOR1_target_peptide,HIST1H2BG,SERBP1,DCTN2,ZNF330_target,HNRNPA1,NUP155_Cterm
,,,,,,,,,,,,,,,,,,,,,,,,,,,,,,,,,,,,,,,,,,,,,,,,,,,,,,,,,,,,,,,,,,,,,,,,,,,,,,,,,,,,,,,,,,,,,,,,,,,,,,,,,,,,,,,,,,,,,,,,,,,,,,,,,,,,,,,,,,,,,,,,,,,,,,HIST1H3A,CCDC14,KRAS_Q61H,TRAP1,PDHA1,NIFK,ACBD5,SEPT10,PCM1,PDHA1,DHX8,POLR2C,DHX8,NOP56,POLR1E,FLOT1,RPL31,FBL,NCBP3,VAPA,ZYX,STIL,ELOVL5,ATP2A1,KRT19,RPL31,BORCS6,KIF2A,MLLT4,STX6,Pxn,PEX14,ACTR1A,CYP2C9,ASF1A,EIF6,DCTN2,SEPT10,TUBA4A,LNPK_Cterm,CS,MARCKS,RAB11A,Pxn,ZYX,RAB3B_Nterm,TRIM36_Cterm,SFXN1,NUP50,TUBB,AGPS,ERGIC1,HSD3B7,ACTB,PAFAH1B1,RAB5C,ACTR2,PDIA4,GOLGA1,ERGIC2,HIST1H3A,LNPK_Nterm,HIST1H3A,PCM1,ELOVL5,PRPH,RAB11A,AKAP1,ACTR1A,CBX3,SEC62,VAPA,PDHA1,DERL1,NEFM,AP2B1,PCNT,AKAP1_target,ATG12,ACTB,CDK5RAP2,RPS20,HNRNPA1,SFXN1,TJP1,KRAS_target,NUP155_Cterm,KRT19,FLOT1,CXADR,ACTB,VASP,VAPA,GJA1,NCBP3,BCAP31,STX4,PTK2,CLTB,LAMP3,TUBA4A,TJP2,NUP155_Cterm,EIF6,PANX1,RAB9A,PDHA1,CTNNB1,PDHA1,TUBB,VASP,MARCKS,ELOVL5,PRPH,MLLT4,OCLN,ACTR1A,SV40_NLS,OCLN,MARCKS,KRAS_target,SASS6,MARCKS_target,MARCKS_target,LATS1,ACTB,RPS20,TERF2IP,RDX,LAMP3,TUBA1A,RPS20,VAPA,AMOT,IMPDH2,HIST1H3A,DYNC1I2,AMOT,DDX23,HNRNPA1,VASP,ASH2L,AKAP1_target,LYN,PCM1,SEC61B_Cterm,TRIM36_Nterm,DCTN2,PAFAH1B1,SERBP1,SV40_NLS,VAPA,PXMP2,TRIM36_Cterm,DHX8,CKAP4,POLR1E,NDC80,LRRC59_Cterm,MAPRE3,GJA1,PHB2,TUBB,MARCKS,CTNNB1,VCL,STX7,KDM1A,ZNF330_target,KRT19,AIFM1,STX6,PANX1,RAB35,ZNF330_target,KRAS_Q61H,ACTB,C11orf52,COX8A_target,FLOT1,ANAPC2,AP2B1,ACBD5,BCAP31,LAMTOR1_target_peptide,ERGIC2,ASF1A,NOP56,CDK5RAP2,RDX,EPB41L4A_Cterm,SYNE3_Cterm,MAPRE3,SEC61B_Cterm,SSR1,APEX1,RPN2,HIST1H2BG,DHX40,REEP5,DCTN1,COIL,PAFAH1B1,SEC62,DHFRL1,NIFK,ZNF330_target,ACBD5,ZFPL1,LYN,ERGIC1,ACTR1A,VASP,ATG12,NPM1,DHX8,NEFM,CS,AKAP1_target,RHOB,GFAP,PFN1,MARCKS,UTP4,KIF2A,ANKFY1,RAB35,STIM1,NUP50,CLTB,FLOT1,SV40_NLS,HIST1H3A,SYNE3_Cterm,FLOT1,CENPA,LAMP3,GOLGA1,SYNE3_Cterm,ANKFY1,LAMP1,RPN1,GFAP,PCM1,EBAG9,Pxn,KRAS_Q61H,ERGIC1,VIM,STIM1,RHOB,SEC61B_Cterm,CALR3,BORCS6,CLTA,ACTR1A,ASF1A,KRT8,CTNNA1,DDX23,CDK5RAP2,KDM1A,RAB9A,PEX3,DDX23,STIL,POLR1E,OCLN,HNRNPA1,RDX,EMD,RAB5C,TJP2,LYN_target,CLIP1,CEP135,EMD,CALR3,LAMP2,ACTR1A,REEP5,TUBA1A,ZFPL1,EPB41L4A_Cterm,RPN1,PXMP2,TRIM36_Cterm,ACTR1A,GJD3,CLTA,DERL1,PDHA1,STX6,PDHA1,ATP2A1,SFXN1,ACBD5,SEC61B_Cterm,SEPT10,CEP135,RPS24,HIST1H3A,MAPRE1,DDX23,PXMP2,B3GAT1,DHX40,LAMP1,KDM1A,KIF2A,TMPO,RAB5A,DENND6A,NCBP3,ELOVL5,ACTR1A,DHX8,DYNC1I2,DIRAS3,CXADR,SV40_NLS,STX7,LATS1,VCL,PARD3,SEPT10,RAB3B_Nterm,SQSTM1,RAB3B_Nterm,PDIA4,SERBP1,PFN1,KRT18,PDIA4,CD3EAP,KRT19,NIFK,PCNT,EBAG9,MLLT4,RAB3B_Nterm,ZYX,LNPK_Cterm,PARP1,NDC80,LCK,NPM1,EMD,PARP1,ERGIC1,HSD3B7,CS,PEX3,KDM1A,LNPK_Cterm,SASS6,VAPA,NEFM,NUP50,SEPT10
,,,,,,,,,,,,,,,,,,,,,,,,,,,,,,,,,,,,,,,,,,,,,,,,,,,,,,,,,,,,,,,,,,,,,,,,,,,,,,,,,,,,,,,,,,,,,,,,,,,,,,,,,,,,,,,,,,,,,,,,,,,,,,,,,,,,,,,,,,,,,,,,,,,,,,,,,,,,,,,,HIST1H2BG,RPS24,TJP1,STIM1,SEC61B_Nterm,MLLT4,GOLGA1,LMAN1,STX6,OCLN,RPN1,PCNT,CCDC14,HIST1H3A,ZNF330_target,PCNT,LRRC59_Cterm,LAMTOR1,FBL,CALU,RPL31,EPB41L4A_Cterm,COX8A_target,LAMTOR1,PHB2,RPL31,EZR,STIL,AMOT,CALR3,LMNA,NUP155_Nterm,TUBA1A,LATS1,ERGIC2,PTK2,LAMTOR1_target_peptide,EIF6,SASS6,LAMTOR1_target_peptide,DCTN2,TERF2IP,ERGIC2,FBL,ACTR1A,TUBA1A,RAB35,RAB5A,HIST1H3A,DDX23,BORCS6,DIRAS3,CDK5RAP2,LCK,CBX3,DERL1,VIM,B3GAT1,OCLN,PDIA4,SFXN1,APEX1,LYN,CALU,PEX3,AARS2,PRPH,PCM1,C11orf52,AKAP1,PRPH,NEFM,RAB4A,RAB11A,PARP1,COX8A_target,RAB4A,PRPF8,RAB5A,PARD3,PARP1,ACBD5,CLIP1,AIFM1,CENPA,LMNA,SSR1,ASH2L,NCBP3,CYP2C1_sigseq,BORCS6,ELOVL5,STX6,PFN1,CALU,NUP50,ARF6,VCL,RAB3B_Nterm,NPM1,RAB2A,ZYX,TRIM36_Cterm,PRPF8,CLTB,KRT8,DIRAS3,LMAN1,RAB5A,APEX1,DHFRL1,VCL,SEC62,MLLT4,CKAP4,PFN1,DYNC1I2,MLLT4,ANK3,RAB35,DHX8,RAB5A,VCL,HSD17B11,DHFRL1,SYNE3_Nterm,MARCKS_target,GJD3,CAMSAP2,ERGIC1,NUP155_Cterm,VAPA,NUP155_Cterm,SASS6,EZR,CYP2C1_sigseq,GOLGA1,NIFK,GOLGA2,GOLGA2,CAV1,TJP2,AP2B1,POLR2C,CEP135,PANX1,HSD3B7,LAMP1,CEP135,KRAS_Q61H,DYNC1I2,AMOT,KRAS_target,Pxn,LYN,ANKFY1,DDX23,CXADR,AGPS,ATG12,CEP135,LAMTOR1_target_peptide,LAMP1,CAV1,SEC61B_Cterm,HNRNPA1,NDC80,CLIP1,SEPT9,HIST1H2BG,NUP155_Nterm,HIST1H2BG,ANKFY1,VCL,PTK2,CTNNA1,GFAP,EIF6,POLR1E,STIM1,CKAP4,APEX1,LATS1,MARCKS_target,HIST1H3A,KIF2A,DCTN1,PRPF8,CTNNB1,COIL,ATG12,LAMTOR1,RHOB,ZYX,KRT19,LAMP3,PAFAH1B1,VIM,CTNNB1,PCNT,TMOD1,MARCKS,PANX1,RPN2,LRRC59_Cterm,GJA1,SERBP1,SV40_NLS,AGPS,SEC61B_Cterm,TERF2IP,LAMP1,CALR3,FBL,GFAP,SYNE3_Cterm,TJP1,ACBD5,DHX8,PRPH,CAV1,RAB35,GOLGA2,MAPRE3,Pxn,SEC61B_Nterm,LYN_target,LYN,DENND6A,PDIA4,ELOVL5,MLLT4,DCTN1,KRT18,ACBD5,ZYX,BORCS6,HIST1H3A,PTK2,RPN1,VIM,ACBD5,OCLN,TJP1,CTNNB1,HIST1H3A,PEX3,UTP4,CXADR,SSR1,RAB35,NOP56,POLR1E,CKAP4,OCLN,ANKFY1,CENPA,IMPDH2,LAMP2,CTNNA1,DHX40,DHX40,DHX8,TUBA4A,SASS6,OCLN,PAFAH1B1,ACTB,NUP155_Cterm,LMNB1,PTK2,KRT19,RAB35,STX4,KIF2A,LYN,AP2B1,SQSTM1,ACTR2,RAB4A,STX7,COIL,KDM1A,LYN,EZR,GJD3,SEC61B_Cterm,NEFM,NUP155_Nterm,RPN2,ACTB,NUP50,NIFK,TJP2,CAMSAP2,KRAS_target,RPL31,ATG12,TMOD1,RPS6,PRPF8,LNPK_Cterm,HSD3B7,AKAP1_target,TRAP1,AARS2,ASF1A,CYP2C1_sigseq,SEPT10,EPB41L4A_Cterm,ATG12,SSR1,CENPA,ERGIC1,TUBA1A,CLIP1,LMAN1,VAPA,ASF1A,KIF2A,STX6,DCTN1,LYN_target,RPS24,STX7,CTNNA1,ZFPL1,TJP1,RPL31,CS,ANKFY1,TMOD1,RAB9A,Pxn,COX4I1,LAMP1,CYP2C1_sigseq,KIF2A,CLTB,KRT19,KRT18,NIFK,CBX3,GJA1,STX7,FBL,AIFM1,ZYX,GJD3,CLTB
,,,,,,,,,,,,,,,,,,,,,,,,,,,,,,,,,,,,,,,,,,,,,,,,,,,,,,,,,,,,,,,,,,,,,,,,,,,,,,,,,,,,,,,,,,,,,,,,,,,,,,,,,,,,,,,,,,,,,,,,,,,,,,,,,,,,,,,,,,,,,,,,,,,,,,,,,,,,,,,,,,,,,,,,,,RPN2,CEP135,MARCKS,PRPF8,STX7,CYP2C9,MAPRE3,NUP155_Nterm,CTNNB1,TMOD1,GOLGA1,PAFAH1B1,RPS20,AP2B1,RAB11A,LYN_target,MARCKS,HIST1H3A,EZR,KDM1A,SEC61B_Cterm,OCLN,RAB5C,PRPF8,MLLT4,ANK3,ACBD5,RPS6,PFN1,PEX14,RAB4A,EIF6,PEX3,RAB4A,RPN2,RAB9A,ANKFY1,STX7,SV40_NLS,LYN_target,IMPDH2,REEP5,CS,ASF1A,SV40_NLS,CYP2C9,CLTB,LATS1,NUP155_Nterm,ZFPL1,SYNE3_Nterm,DHX40,PEX14,EZR,DCTN2,PRPF8,DERL1,SEC61B_Nterm,SASS6,HSD3B7,DHX8,TJP1,LAMP3,PARP1,AMOT,ACTR1A,VCL,LMAN1,MLLT4,SEC61B_Cterm,CD3EAP,CYP2C9,PHB2,PTK2,VIM,ACTB,PXMP2,ACTR1A,ELOVL5,POLR2C,TMOD1,COX8A_target,EBAG9,ACTB,FBL,PTK2,LAMP2,ACTR3,PCNT,VAPA,VAPA,C11orf52,COX8A_target,ACTR1A,CCDC14,AARS2,ACBD5,TRAP1,CENPA,CDK5RAP2,CS,CLTB,GOLGA2,UTP4,PDIA4,ACTR3,TRIM36_Cterm,DDX23,PARD3,PEX3,OCLN,GJD3,COX4I1,COIL,NIFK,MARCKS,DERL1,CALR3,LAMP1,CS,LAMTOR1_target_peptide,DERL1,ELOVL5,RPS20,HNRNPA1,BORCS6,TRAP1,MAPRE1,DHX8,CTNNA1,NIFK,DDX23,PCNT,SEPT9,RAB9A,SQSTM1,LAMP3,SEPT9,KRT18,ANAPC2,RPS24,RHOB,LMAN1,TJP1,CD3EAP,RPN1,CLIP1,TRAP1,LRRC59_Cterm,VAPA,ACTR2,ANK3,LAMP3,SV40_NLS,TJP2,KRAS_target,IMPDH2,LAMTOR1_target_peptide,LYN,PDIA4,NDC80,TUBB,DDX23,SYNE3_Nterm,LRRC59_Nterm,ANAPC2,TRAP1,LYN,MARCKS,PEX3,EIF6,RPL31,DENND6A,OCLN,KDM1A,MLLT4,ELOVL5,NUP50,SFXN1,RPN1,VASP,AP2B1,ERGIC1,CLTB,DCTN1,METTL7A,LAMTOR1,ANK3,APEX1,SEC61B_Cterm,ZFPL1,HSD3B7,ACTR3,TUBB,ATP2A1,NUP155_Cterm,LAMP2,PARP1,CALR3,LAMTOR1_target_peptide,RAB2A,KDM1A,STX4,TUBB,RDX,ACBD5,LCK,NDC80,SQSTM1,TUBA1A,SERBP1,AKAP1,AMOT,DIRAS3,LAMTOR1_target_peptide,EMD,TJP1,SYNE3_Cterm,APEX1,RPN1,ZNF330_target,RAB35,AGPS,COX4I1,TRIM36_Cterm,EBAG9,PDIA4,NEFM,ANK3,STX7,RAB5C,SASS6,MAPRE1,ANKFY1,LAMTOR1,PARD3,APEX1,ACTR1A,SERBP1,CYP2C9,AMOT,GOLGA2,PDHA1,LATS1,AMOT,ACBD5,LAMP2,LNPK_Nterm,LCK,DHFRL1,NCBP3,TRIM36_Cterm,CYP2C1_sigseq,ACTR2,TRAP1,GJA1,DENND6A,LATS1,ERGIC1,LRRC59_Nterm,CTNNB1,SERBP1,PTK2,PANX1,ZYX,KRT19,SEPT9,PARP1,POLR1E,STX6,AIFM1,SEPT10,ZYX,EPB41L4A_Cterm,NOP56,RPS20,HSD17B11,RAB11A,SASS6,GJD3,CYP2C9,PRPF8,TJP1,STIL,SQSTM1,TRIM36_Nterm,CXADR,ANAPC2,VCL,ARF6,ACTR2,LAMTOR1_target_peptide,CALR3,LNPK_Nterm,CENPA,RAB5A,DHFRL1,ACTR1A,LATS1,TMPO,PEX14,KIF2A,ANAPC2,PARP1,RAB5A,TERF2IP,LAMTOR1_target_peptide,SFXN1,AARS2,DERL1,NUP155_Cterm,CYP2C9,ATP2A1,LMNA,SASS6,NIFK,CCDC14,SEC62,TJP2,NOP56,LYN,RAB11A,TMOD1,POLR2C,KRAS_target,MLLT4,AARS2,GOLGA1,LRRC59_Nterm,MAPRE1,NUP50,TRIM36_Cterm,KRT18,ANK3,KIF2A,DCTN2,POLR2C,CXADR,CALR3,LAMTOR1
,,,,,,,,,,,,,,,,,,,,,,,,,,,,,,,,,,,,,,,,,,,,,,,,,,,,,,,,,,,,,,,,,,,,,,,,,,,,,,,,,,,,,,,,,,,,,,,,,,,,,,,,,,,,,,,,,,,,,,,,,,,,,,,,,,,,,,,,,,,,,,,,,,,,,,,,,,,,,,,,,,,,,,,,,,,,,,,,,,,,COIL,KDM1A,MARCKS,CS,TRAP1,EPB41L4A_Cterm,ZFPL1,SQSTM1,SASS6,ANAPC2,GJA1,ACTR1A,BCAP31,REEP5,NIFK,GJD3,FBL,NCBP3,RAB5A,DENND6A,LCK,CLIP1,CTNNB1,SV40_NLS,CYP2C1_sigseq,NCBP3,CTNNA1,LAMTOR1_target_peptide,GJA1,AIFM1,COX4I1,NUP155_Nterm,VIM,NCBP3,PDHA1,RAB11A,HNRNPA1,ZFPL1,TERF2IP,CKAP4,CALR3,Pxn,KRT19,CS,HSD3B7,NUP155_Cterm,B3GAT1,SERBP1,Pxn,CKAP4,B3GAT1,LAMTOR1,NCBP3,DERL1,SEC61B_Cterm,LNPK_Nterm,COX4I1,ASF1A,GJD3,ZYX,SEPT9,AIFM1,POLR1E,LNPK_Cterm,NUP155_Nterm,NPM1,VAPA,LMNA,LATS1,PEX14,COX4I1,ATP2A1,MAPRE1,LMNA,PCM1,AKAP1,LRRC59_Nterm,VAPA,TUBA1A,CTNNB1,ANAPC2,KIF2A,ACTR1A,LNPK_Cterm,RAB5A,NUP50,PXMP2,LNPK_Cterm,LYN,CLTB,BCAP31,DERL1,SEPT9,DENND6A,PCNT,COIL,AP2B1,TJP2,DHFRL1,SSR1,ACTR3,PFN1,RAB5C,POLR2C,STIL,LMNB1,STIM1,ACTR3,SEC62,NDC80,CYP2C9,EPB41L4A_Cterm,ASF1A,ASF1A,SERBP1,STIL,VAPA,LMNA,PANX1,CCDC14,RPL31,PDIA4,LMAN1,COIL,UTP4,EIF6,AMOT,HNRNPA1,CTNNB1,ZYX,NDC80,SQSTM1,EPB41L4A_Cterm,NEFM,ERGIC1,CXADR,LMAN1,STX6,HSD3B7,TMPO,KRT18,PARP1,SERBP1,PAFAH1B1,TMOD1,LATS1,ASH2L,RAB5C,EMD,GFAP,LAMTOR1_target_peptide,CLIP1,TUBA4A,DIRAS3,SEC61B_Cterm,ASF1A,DYNC1I2,TMPO,ACTR1A,LAMP3,POLR2C,COX8A_target,LAMP3,ACTB,LNPK_Cterm,PRPH,UTP4,TERF2IP,AKAP1_target,ACBD5,KRT18,PFN1,LAMP1,CDK5RAP2,KDM1A,APEX1,ZYX,RPS20,CYP2C1_sigseq,CLTA,ELOVL5,ZFPL1,TJP2,FBL,STIM1,DYNC1I2,CS,NOP56,DYNC1I2,RAB5A,PARP1,RPS24,EPB41L4A_Cterm,CAMSAP2,POLR1E,TERF2IP,CXADR,AARS2,MLLT4,EBAG9,HNRNPA1,ACTR3,SSR1,PTK2,MARCKS,RPS24,RHOB,TRAP1,RPN2,RAB5C,TJP1,SEPT10,TUBA4A,SEC61B_Nterm,PTK2,CLTA,PHB2,NUP155_Cterm,TERF2IP,BORCS6,COIL,COX8A_target,VASP,RPS24,OCLN,LNPK_Cterm,Pxn,LMAN1,RPS24,KRT19,NEFM,ACTR2,ANK3,PFN1,DIRAS3,KRT8,MARCKS_target,SQSTM1,NEFM,CEP135,ZNF330_target,KIF2A,CEP135,LYN,FLOT1,VCL,ACTR1A,NDC80,ANKFY1,NUP50,RAB11A,SQSTM1,SSR1,CBX3,RPS20,TUBA1A,PTK2,ZFPL1,ZFPL1,KRAS_target,CYP2C1_sigseq,EZR,B3GAT1,LRRC59_Nterm,METTL7A,ANKFY1,RAB3B_Nterm,NUP155_Cterm,BORCS6,SSR1,NUP50,NEFM,SERBP1,SEPT10,RAB5A,CAMSAP2,TUBA4A,KRAS_Q61H,LMNA,AKAP1_target,NUP155_Nterm,EPB41L4A_Cterm,GJA1,GOLGA1,LAMP3,CXADR,ATG12,LAMP3,CAMSAP2,PAFAH1B1,RPN1,RPS20,PARD3,STX6,NDC80,PAFAH1B1,ERGIC1,PDHA1,CLTB,EMD,RHOB,CBX3,RAB4A,RAB9A,NEFM,CS,C11orf52,DERL1,TRIM36_Cterm,IMPDH2,GFAP,EBAG9,GOLGA1,ANAPC2,LRRC59_Nterm,HNRNPA1,GJD3,LATS1,COX8A_target,LATS1,DCTN1,AMOT,LYN,ARF6,STIM1,CALR3,LMNA,RHOB,ZYX,PEX14
,,,,,,,,,,,,,,,,,,,,,,,,,,,,,,,,,,,,,,,,,,,,,,,,,,,,,,,,,,,,,,,,,,,,,,,,,,,,,,,,,,,,,,,,,,,,,,,,,,,,,,,,,,,,,,,,,,,,,,,,,,,,,,,,,,,,,,,,,,,,,,,,,,,,,,,,,,,,,,,,,,,,,,,,,,,,,,,,,,,,,,,,,,,,,,CALR3,SYNE3_Cterm,POLR1E,RAB2A,SERBP1,B3GAT1,LAMP1,PXMP2,LYN_target,MARCKS,AARS2,APEX1,CYP2C1_sigseq,RPS6,PTK2,PHB2,SEC62,LCK,SERBP1,CCDC14,LNPK_Nterm,BCAP31,PTK2,EZR,APEX1,ACTR3,KIF2A,TRIM36_Nterm,ANK3,CEP135,NCBP3,SQSTM1,SFXN1,PRPF8,CEP135,CLTA,KIF2A,DERL1,TRIM36_Nterm,PEX14,PARD3,STX4,TUBA1A,MAPRE3,ZYX,LCK,RAB11A,GORASP1,CS,VIM,AKAP1,LCK,PDIA4,SFXN1,RAB2A,RPS20,MLLT4,SEPT10,CKAP4,GFAP,CEP135,ZYX,KRAS_Q61H,LMNB1,GORASP1,AIFM1,ANK3,RPN1,REEP5,EPB41L4A_Cterm,KIF2A,CYP2C9,VIM,CDK5RAP2,RAB4A,ATP2A1,NCBP3,EPB41L4A_Cterm,SERBP1,PARD3,STIL,SEPT10,CTNNA1,CDK5RAP2,ACTB,ACTR1A,PANX1,CALU,DCTN2,EMD,SFXN1,RPL31,C11orf52,SEC62,ZYX,RPL31,LMNB1,STX4,SEC61B_Nterm,AMOT,PEX3,SEC62,STX6,CD3EAP,FBL,PXMP2,CAMSAP2,PDHA1,CDK5RAP2,ASH2L,SYNE3_Cterm,ATP2A1,PTK2,KDM1A,DERL1,ANAPC2,NIFK,LRRC59_Nterm,NIFK,SEPT10,NUP155_Cterm,NUP155_Cterm,RAB35,CXADR,AMOT,TMPO,EMD,AARS2,KRAS_target,GORASP1,ACTR3,GOLGA2,ATP2A1,SASS6,ACTR2,TJP2,STX7,NDC80,TRIM36_Cterm,GOLGA2,PEX14,STX6,KIF2A,CD3EAP,BORCS6,FLOT1,LAMTOR1_target_peptide,TRAP1,FLOT1,ZNF330_target,POLR1E,LNPK_Nterm,PEX3,LMNB1,AMOT,RPN2,LAMTOR1,CTNNB1,RPL31,KRAS_Q61H,SEC62,AIFM1,SEC61B_Nterm,BCAP31,CCDC14,HSD17B11,EZR,ERGIC2,LAMTOR1_target_peptide,RPS20,BORCS6,EBAG9,HIST1H3A,CENPA,KDM1A,LRRC59_Cterm,VIM,CAMSAP2,CLIP1,METTL7A,RPL31,GJA1,NDC80,HSD17B11,STX6,LNPK_Nterm,SSR1,CS,CYP2C9,UTP4,CEP135,SEC62,PXMP2,KIF2A,KRT8,TJP1,SSR1,VAPA,PDIA4,HIST1H3A,HSD17B11,KRT19,SSR1,CTNNA1,ATG12,HSD17B11,AKAP1,TUBA4A,DIRAS3,UTP4,PEX14,DCTN2,RPS20,PFN1,METTL7A,EIF6,MARCKS,PAFAH1B1,MARCKS_target,OCLN,AKAP1,AKAP1,HIST1H2BG,HSD17B11,PARD3,LYN,SV40_NLS,CS,SEPT10,STX7,DIRAS3,PFN1,PCM1,CBX3,KRT8,DCTN2,NPM1,LAMP1,RPS20,MLLT4,PEX14,MLLT4,AGPS,CXADR,DCTN1,LMNB1,TRIM36_Nterm,GFAP,CKAP4,SYNE3_Nterm,LRRC59_Cterm,MAPRE1,BORCS6,TERF2IP,LAMP2,RPS24,LCK,PCNT,LMAN1,ERGIC2,DHX8,ELOVL5,VCL,AIFM1,DCTN1,MAPRE3,PRPF8,PEX3,STIL,RDX,LCK,MAPRE3,EBAG9,TMPO,SEPT10,MARCKS,CCDC14,LAMTOR1_target_peptide,TMOD1,RPN2,PFN1,RAB5C,MAPRE1,SEC61B_Cterm,TJP2,CENPA,OCLN,SERBP1,SFXN1,LYN,GFAP,LYN_target,TUBA4A,EBAG9,RAB35,CYP2C9,AKAP1,DHX8,ERGIC1,VASP,PDHA1,KRAS_target,STIM1,ATG12,SEC61B_Nterm,SQSTM1,ACTR2,CD3EAP,COIL,DHX40,CTNNA1,LAMTOR1,MAPRE1,NUP50,ERGIC1,CKAP4,SEPT10,TJP1,RPS20,SERBP1
,,,,,,,,,,,,,,,,,,,,,,,,,,,,,,,,,,,,,,,,,,,,,,,,,,,,,,,,,,,,,,,,,,,,,,,,,,,,,,,,,,,,,,,,,,,,,,,,,,,,,,,,,,,,,,,,,,,,,,,,,,,,,,,,,,,,,,,,,,,,,,,,,,,,,,,,,,,,,,,,,,,,,,,,,,,,,,,,,,,,,,,,,,,,,,,,,,,,,,,,HSD17B11,PFN1,METTL7A,SASS6,LRRC59_Nterm,BORCS6,NUP50,POLR2C,POLR1E,RAB35,CLIP1,CALU,CAV1,CD3EAP,HSD17B11,COX8A_target,SFXN1,RAB4A,EBAG9,ACTB,RPN2,BORCS6,HSD17B11,RAB2A,NDC80,TRIM36_Cterm,RPS20,NIFK,PHB2,LCK,KRAS_target,ATG12,SSR1,CCDC14,AARS2,RPL31,LCK,SERBP1,PRPH,ATP2A1,TMPO,BORCS6,TUBB,EBAG9,BORCS6,ZYX,RHOB,PRPH,ANAPC2,TRIM36_Cterm,AKAP1,STX4,ATP2A1,RAB3B_Nterm,B3GAT1,HSD17B11,RPL31,SQSTM1,ERGIC2,HIST1H2BG,GJA1,CYP2C1_sigseq,TMOD1,REEP5,LAMP1,SASS6,NEFM,SFXN1,CEP135,SERBP1,PANX1,HSD3B7,AARS2,PDIA4,LCK,LAMTOR1,KRT19,PHB2,COX8A_target,PDHA1,GORASP1,MARCKS,CLIP1,MLLT4,AP2B1,CXADR,LRRC59_Cterm,CALU,LNPK_Cterm,PEX3,ERGIC2,CEP135,METTL7A,EPB41L4A_Cterm,RPS24,STX4,NCBP3,NUP155_Nterm,MAPRE1,ASF1A,ERGIC2,HIST1H3A,ERGIC2,COX4I1,LAMP1,VAPA,DHX40,MAPRE1,CBX3,AARS2,HIST1H3A,COX8A_target,ACTB,LMNA,MLLT4,B3GAT1,TERF2IP,RAB2A,PFN1,PHB2,LYN,DHX8,CAV1,TRIM36_Cterm,AIFM1,ERGIC2,GOLGA1,PANX1,ARF6,EIF6,CAV1,RPS24,DCTN1,CS,UTP4,GORASP1,EMD,IMPDH2,PXMP2,SASS6,KRAS_Q61H,PRPH,STX7,NUP155_Nterm,HIST1H2BG,NIFK,CD3EAP,KRT8,IMPDH2,TRIM36_Cterm,PDIA4,DENND6A,ANAPC2,AARS2,LRRC59_Cterm,NUP50,SEPT9,PAFAH1B1,RAB2A,CS,SEPT10,STIM1,RPN1,RAB4A,ANAPC2,BCAP31,APEX1,RAB5A,SYNE3_Nterm,AARS2,CTNNB1,DYNC1I2,ZYX,RPL31,KRT8,KRT18,CYP2C1_sigseq,STIL,AKAP1,ACTR3,NOP56,KRAS_Q61H,ACBD5,LRRC59_Cterm,EMD,CS,ASH2L,RAB4A,ZFPL1,ATP2A1,POLR2C,ASH2L,PXMP2,LAMTOR1_target_peptide,SEPT9,NDC80,FBL,DDX23,DHFRL1,ZYX,SASS6,FLOT1,PXMP2,CLIP1,PCNT,CAV1,GOLGA2,GOLGA1,CAMSAP2,IMPDH2,STIM1,DHFRL1,KRT8,PDHA1,ELOVL5,PRPF8,LNPK_Cterm,RPN1,LMNB1,ERGIC2,RPS24,AP2B1,HSD17B11,MAPRE3,KIF2A,NUP155_Cterm,STX4,EBAG9,TJP1,B3GAT1,ATG12,STIM1,AARS2,GJA1,KRT19,RPL31,TERF2IP,LMNB1,GORASP1,CTNNB1,DHX40,TMPO,MLLT4,STX4,MARCKS,PARD3,HSD3B7,CLIP1,CD3EAP,SEPT10,EZR,DCTN2,POLR1E,COIL,APEX1,NUP50,CS,GJD3,KRT8,ZFPL1,METTL7A,PDIA4,PTK2,EPB41L4A_Cterm,KRT19,NUP155_Nterm,APEX1,ATP2A1,ELOVL5,ACTR2,METTL7A,PAFAH1B1,ATP2A1,STX7,CLTB,UTP4,AIFM1,RPN1,DENND6A,KRT18,TUBA4A,REEP5,ANAPC2,LAMP3,RAB5A,PRPH,RDX,TRIM36_Cterm,DHFRL1,SEPT10,GOLGA1,RAB2A,KRAS_Q61H,SEC61B_Nterm,FLOT1,NPM1,GJA1,COIL,MARCKS_target,RDX,PHB2,PEX14,RAB2A,TUBB,KRAS_Q61H,SEC61B_Cterm,AGPS,KIF2A,CTNNB1,HSD17B11
,,,,,,,,,,,,,,,,,,,,,,,,,,,,,,,,,,,,,,,,,,,,,,,,,,,,,,,,,,,,,,,,,,,,,,,,,,,,,,,,,,,,,,,,,,,,,,,,,,,,,,,,,,,,,,,,,,,,,,,,,,,,,,,,,,,,,,,,,,,,,,,,,,,,,,,,,,,,,,,,,,,,,,,,,,,,,,,,,,,,,,,,,,,,,,,,,,,,,,,,,,,,,,,,,,RPN1,APEX1,IMPDH2,CXADR,CDK5RAP2,KRT18,LRRC59_Cterm,TJP1,ACTR3,CD3EAP,ACBD5,LMNA,MAPRE1,TMPO,KRT8,KIF2A,EZR,KRAS_target,CALR3,KRT8,SEC62,GJA1,CCDC14,SEPT10,RHOB,B3GAT1,BORCS6,KDM1A,NOP56,NUP155_Nterm,MLLT4,GJD3,RPN2,SEC61B_Nterm,IMPDH2,RPS6,ZYX,CLTA,BORCS6,TERF2IP,EBAG9,ZFPL1,CTNNA1,LYN,PXMP2,RPN1,RPS24,NOP56,AIFM1,RAB11A,CENPA,EBAG9,ARF6,PARD3,SEPT9,SERBP1,AP2B1,POLR1E,ACTR2,CYP2C1_sigseq,STX4,AKAP1,PXMP2,EBAG9,DHFRL1,MLLT4,RPS24,RHOB,AARS2,LAMP1,DDX23,IMPDH2,PDHA1,KRT18,RAB3B_Nterm,LNPK_Cterm,TRAP1,TJP2,AKAP1,VASP,RAB9A,HNRNPA1,EPB41L4A_Cterm,COX4I1,PHB2,GJD3,LYN,DHX8,SEC61B_Cterm,LYN,PXMP2,PEX14,CEP135,ANKFY1,CAV1,CAMSAP2,DHFRL1,MARCKS,DENND6A,RPS24,SEC61B_Cterm,HIST1H2BG,VIM,HIST1H2BG,PRPF8,CCDC14,CKAP4,NDC80,B3GAT1,TMOD1,UTP4,NOP56,ACTR1A,KDM1A,RPS6,AKAP1_target,ZYX,ACTR3,CAV1,RAB11A,CYP2C1_sigseq,HNRNPA1,NEFM,UTP4,SERBP1,IMPDH2,AARS2,DHFRL1,VAPA,SEC62,AKAP1_target,PAFAH1B1,LYN_target,KRT18,CBX3,SEPT10,EBAG9,DIRAS3,STIL,CTNNA1,VAPA,DIRAS3,RPS24,RAB9A,LAMTOR1,SEC61B_Nterm,KRT19,SSR1,TERF2IP,AMOT,TRAP1,LRRC59_Nterm,RDX,PHB2,PDIA4,SEPT9,TJP2,PFN1,SQSTM1,AKAP1_target,RPN1,COX8A_target,SSR1,CALU,SSR1,ACTR2,RPN2,PDIA4,RAB9A,LAMP1,AKAP1,RAB9A,C11orf52,ASH2L,STIL,PARD3,PARD3,LAMTOR1_target_peptide,EBAG9,STIM1,EMD,TJP1,KDM1A,HSD3B7,IMPDH2,FLOT1,CD3EAP,AP2B1,LAMP1,Pxn,ACTR1A,RPS20,B3GAT1,COIL,ASH2L,SFXN1,ACTR3,NUP50,NCBP3,LATS1,RHOB,NDC80,PTK2,EZR,COX8A_target,GJA1,VCL,PDIA4,TERF2IP,TJP1,EPB41L4A_Cterm,CS,DIRAS3,PARP1,PTK2,TJP2,DHFRL1,NUP50,PARD3,PDIA4,NOP56,CLTB,ELOVL5,RAB11A,KRAS_Q61H,PARD3,AGPS,RAB4A,PRPH,SQSTM1,VIM,LATS1,NIFK,ERGIC1,GJA1,CTNNB1,POLR2C,AP2B1,RPN1,TJP1,NCBP3,SV40_NLS,LAMTOR1,OCLN,PARD3,KRAS_Q61H,KDM1A,ACTR1A,DDX23,KRT8,AP2B1,RHOB,ZFPL1,TRIM36_Nterm,PCM1,EMD,LAMP1,DHFRL1,SYNE3_Cterm,PRPH,LNPK_Cterm,GJA1,STIM1,DYNC1I2,PANX1,NUP155_Nterm,TUBA4A,HSD3B7,COX8A_target,PEX14,CLTA,GJA1,LRRC59_Cterm,GOLGA1,BCAP31,LNPK_Nterm,LRRC59_Nterm,SV40_NLS,LNPK_Nterm,SERBP1,RPS20,CS,CAMSAP2,ANK3,NEFM,AKAP1_target,TRAP1,AKAP1_target,B3GAT1,HNRNPA1,ANKFY1,CBX3,CAMSAP2,EBAG9,RAB5C,LAMTOR1_target_peptide,PARP1,KRT19,STX6,CYP2C9
,,,,,,,,,,,,,,,,,,,,,,,,,,,,,,,,,,,,,,,,,,,,,,,,,,,,,,,,,,,,,,,,,,,,,,,,,,,,,,,,,,,,,,,,,,,,,,,,,,,,,,,,,,,,,,,,,,,,,,,,,,,,,,,,,,,,,,,,,,,,,,,,,,,,,,,,,,,,,,,,,,,,,,,,,,,,,,,,,,,,,,,,,,,,,,,,,,,,,,,,,,,,,,,,,,,,,,,,,,,,ACTB,SEC62,ATG12,LAMTOR1_target_peptide,SERBP1,STIL,DDX23,LYN_target,LNPK_Nterm,COIL,CD3EAP,VAPA,NUP155_Nterm,CTNNA1,TJP2,HIST1H2BG,LAMP1,TRIM36_Nterm,CCDC14,RAB4A,NUP155_Cterm,AKAP1,STX6,STX4,RAB5C,SEC62,CXADR,SERBP1,CTNNB1,CLTA,DHX8,ANAPC2,PCNT,RPS6,CDK5RAP2,RAB4A,REEP5,ERGIC1,SQSTM1,LAMP3,CEP135,LAMP3,ATG12,STX6,PCNT,GFAP,HSD17B11,RAB11A,PAFAH1B1,DENND6A,PDHA1,RAB11A,CENPA,DHX8,TUBA1A,SASS6,TUBA1A,CCDC14,POLR2C,CYP2C1_sigseq,DERL1,AIFM1,COIL,ANKFY1,RPS6,ASF1A,EBAG9,RAB2A,TRIM36_Cterm,CD3EAP,DENND6A,PARP1,DCTN2,DHX40,POLR1E,ANAPC2,ACTR2,PXMP2,RPN1,GFAP,CCDC14,TMPO,ANK3,KRAS_target,RPL31,AP2B1,CENPA,OCLN,RAB4A,PEX3,ZNF330_target,PCM1,CKAP4,GORASP1,ACBD5,LATS1,TUBB,ATP2A1,DHX40,CENPA,AGPS,GFAP,CXADR,LRRC59_Cterm,C11orf52,UTP4,LNPK_Nterm,ATG12,REEP5,BCAP31,NEFM,ASH2L,B3GAT1,LYN,LATS1,NCBP3,SYNE3_Cterm,SERBP1,LAMP3,COX8A_target,GOLGA2,GOLGA1,FBL,ACTR3,CCDC14,NEFM,LRRC59_Cterm,RAB35,LRRC59_Cterm,NOP56,SSR1,RAB5C,DCTN1,SYNE3_Nterm,SEC61B_Cterm,LYN,DCTN2,AGPS,SEC62,TUBB,PFN1,CENPA,ATG12,TRIM36_Cterm,ZFPL1,ACTR3,PANX1,EZR,DHX40,LYN_target,EBAG9,DHX40,LRRC59_Cterm,RAB5A,LRRC59_Cterm,DIRAS3,PEX14,LRRC59_Cterm,CCDC14,MARCKS_target,DERL1,NEFM,DENND6A,VIM,ANKFY1,METTL7A,AKAP1_target,LMNA,PXMP2,LMAN1,MAPRE1,EPB41L4A_Cterm,SEPT10,TJP2,AGPS,ACTB,STIM1,GJD3,EIF6,DIRAS3,ANK3,KRAS_Q61H,SEC61B_Nterm,RPN1,RAB3B_Nterm,ANAPC2,KRT19,DCTN2,COX4I1,NDC80,ELOVL5,TRIM36_Nterm,LAMTOR1,TJP1,SEC61B_Nterm,TJP2,TJP2,METTL7A,AIFM1,ZFPL1,CALR3,SSR1,PEX3,TJP2,CLTA,FLOT1,DHX8,SV40_NLS,ZFPL1,SERBP1,NEFM,CTNNB1,VAPA,TJP1,CYP2C9,NUP50,SEPT10,AMOT,ZYX,ASF1A,PXMP2,LMNA,CXADR,APEX1,LMNA,GJA1,COX8A_target,KRT18,METTL7A,B3GAT1,POLR2C,EBAG9,ANAPC2,PXMP2,TUBB,TUBA4A,DCTN1,CALR3,PCNT,LYN,GJA1,ERGIC2,STIM1,DHX40,DERL1,ACTR2,COIL,RPS24,LAMP1,CLTB,POLR1E,FLOT1,RAB9A,DHFRL1,Pxn,REEP5,CDK5RAP2,LAMTOR1_target_peptide,MARCKS,ASH2L,HIST1H2BG,TERF2IP,CLTA,MAPRE1,LRRC59_Nterm,LAMTOR1_target_peptide,CBX3,LAMTOR1,LATS1,SSR1,EBAG9,RAB9A,SEC61B_Cterm,ANKFY1,GJD3,LMNB1,AKAP1_target,GORASP1,SEC61B_Cterm,KIF2A,PAFAH1B1,NUP50,TRAP1,LMNB1,PXMP2,RAB9A,CD3EAP,CEP135,BORCS6,LNPK_Cterm
,,,,,,,,,,,,,,,,,,,,,,,,,,,,,,,,,,,,,,,,,,,,,,,,,,,,,,,,,,,,,,,,,,,,,,,,,,,,,,,,,,,,,,,,,,,,,,,,,,,,,,,,,,,,,,,,,,,,,,,,,,,,,,,,,,,,,,,,,,,,,,,,,,,,,,,,,,,,,,,,,,,,,,,,,,,,,,,,,,,,,,,,,,,,,,,,,,,,,,,,,,,,,,,,,,,,,,,,,,,,,,,,,,,,,,IMPDH2,TUBA1A,RPS20,ZNF330_target,OCLN,ASH2L,CXADR,ZYX,ZFPL1,KRT18,LAMTOR1_target_peptide,GOLGA1,UTP4,LAMTOR1_target_peptide,CLIP1,HNRNPA1,RAB3B_Nterm,GORASP1,ANKFY1,KRT8,SSR1,UTP4,LAMTOR1_target_peptide,LNPK_Nterm,APEX1,LNPK_Nterm,TJP2,LMAN1,TRIM36_Nterm,TJP2,PHB2,RAB5C,SEC62,ZNF330_target,LNPK_Cterm,PDIA4,ELOVL5,DCTN2,RAB11A,LMAN1,GFAP,DHX40,SSR1,CENPA,GORASP1,ERGIC1,NOP56,LRRC59_Nterm,DIRAS3,PXMP2,CYP2C9,TJP1,DCTN1,DHX40,FBL,ACTR3,LAMP3,NDC80,CYP2C9,ELOVL5,RAB3B_Nterm,RAB4A,PEX3,B3GAT1,SV40_NLS,HNRNPA1,PARP1,ASF1A,CCDC14,IMPDH2,GOLGA2,ATG12,DHX8,LMAN1,MAPRE1,TUBA4A,STX4,DCTN1,FLOT1,SFXN1,PEX3,TRIM36_Cterm,CTNNA1,PRPF8,METTL7A,SERBP1,CALU,PAFAH1B1,RAB2A,LAMTOR1,RAB5C,EZR,CALR3,TUBA1A,LAMTOR1,RAB9A,TUBA4A,PAFAH1B1,AMOT,GOLGA1,IMPDH2,EZR,CD3EAP,TRIM36_Nterm,GFAP,ATP2A1,POLR1E,STIL,DCTN2,VAPA,CALU,UTP4,KIF2A,SEPT10,ACTR2,RPN1,NDC80,SEC62,KRT19,BORCS6,KRT19,ANK3,FBL,LAMP1,SSR1,LNPK_Nterm,OCLN,LCK,DIRAS3,GOLGA1,LAMP2,PCM1,CKAP4,ACTR2,CAV1,ZYX,COX4I1,TUBA1A,COX4I1,RAB9A,SSR1,TRIM36_Nterm,LAMP3,TJP1,AARS2,CBX3,EPB41L4A_Cterm,SSR1,CBX3,PEX14,LMNA,ANK3,LATS1,REEP5,HIST1H3A,SQSTM1,CAMSAP2,TUBB,SEC61B_Cterm,COX8A_target,CALR3,PXMP2,CAMSAP2,TMPO,NIFK,DHFRL1,LRRC59_Cterm,SEC61B_Cterm,PARD3,KIF2A,ACTR3,AKAP1_target,ACTR3,APEX1,TUBB,TRIM36_Cterm,PDHA1,SEC61B_Nterm,RPL31,TJP1,VAPA,CBX3,ATP2A1,CDK5RAP2,CS,EBAG9,STX6,PDHA1,ERGIC2,RAB2A,TJP2,LAMP1,TERF2IP,STX6,GJA1,TRAP1,LMNA,GOLGA2,PEX3,EPB41L4A_Cterm,ACTR3,ACTR1A,ASH2L,SYNE3_Nterm,APEX1,SEC61B_Nterm,AKAP1,EBAG9,CLTA,HNRNPA1,HIST1H2BG,NPM1,ELOVL5,PARP1,LAMTOR1,LMNB1,SEPT9,CYP2C1_sigseq,GOLGA1,ATG12,IMPDH2,FBL,KRAS_target,HSD3B7,KRT19,SEPT9,LNPK_Nterm,TUBA1A,ELOVL5,UTP4,RPS24,PDHA1,EMD,EBAG9,CLTA,DHX8,RAB5C,PCNT,CXADR,LRRC59_Nterm,TERF2IP,DIRAS3,KRAS_target,RAB4A,GJA1,PXMP2,RAB5C,AP2B1,KIF2A,COIL,KRT18,HIST1H2BG,AMOT,CEP135,LAMTOR1_target_peptide,VASP,STX6,NUP155_Cterm,Pxn,TRIM36_Nterm,NCBP3,TRIM36_Nterm,RAB11A,TRIM36_Cterm,TRAP1,SEC61B_Cterm,ANK3,HSD17B11,CKAP4,GOLGA1,SEC61B_Cterm,HNRNPA1,ZNF330_target,LRRC59_Cterm,STIL,GORASP1,LAMP3,KDM1A,RPS6,ZFPL1
,,,,,,,,,,,,,,,,,,,,,,,,,,,,,,,,,,,,,,,,,,,,,,,,,,,,,,,,,,,,,,,,,,,,,,,,,,,,,,,,,,,,,,,,,,,,,,,,,,,,,,,,,,,,,,,,,,,,,,,,,,,,,,,,,,,,,,,,,,,,,,,,,,,,,,,,,,,,,,,,,,,,,,,,,,,,,,,,,,,,,,,,,,,,,,,,,,,,,,,,,,,,,,,,,,,,,,,,,,,,,,,,,,,,,,,,,,,,,,,,STX6,POLR1E,SEC61B_Nterm,PARD3,PAFAH1B1,SQSTM1,CYP2C1_sigseq,ACTR3,LNPK_Cterm,HSD3B7,RAB5C,SV40_NLS,LMNA,TJP1,ASH2L,STIM1,LAMTOR1,DENND6A,Pxn,LMAN1,PCM1,DERL1,NOP56,NIFK,C11orf52,VCL,LRRC59_Cterm,CLTB,PARP1,ZNF330_target,EPB41L4A_Cterm,HSD17B11,RAB4A,NDC80,NOP56,NOP56,DERL1,STIL,TJP1,TUBA4A,MAPRE1,SASS6,AKAP1_target,SEPT10,LAMP1,KRT8,LRRC59_Nterm,PRPF8,DHFRL1,CYP2C1_sigseq,PARP1,REEP5,PCM1,PEX3,CAV1,LCK,STIL,IMPDH2,PRPF8,EZR,Pxn,COX8A_target,REEP5,CS,ASF1A,ACTR1A,EBAG9,AKAP1,SEPT9,CEP135,B3GAT1,AKAP1_target,PARD3,TUBB,AIFM1,RDX,RPS6,LMNB1,LAMP2,AKAP1_target,ANKFY1,KRAS_Q61H,EZR,CALU,CDK5RAP2,SV40_NLS,FLOT1,ANK3,CXADR,LMNB1,TRIM36_Nterm,RAB11A,KRAS_Q61H,KDM1A,VIM,LYN,SEC61B_Cterm,PRPH,SEPT9,DHX40,LAMTOR1,RDX,MARCKS,DERL1,VCL,ASH2L,KRAS_Q61H,APEX1,AKAP1,KDM1A,METTL7A,LMNB1,PCM1,POLR2C,AP2B1,LMAN1,NOP56,AP2B1,LMAN1,RPN2,STX6,TERF2IP,KRAS_target,SQSTM1,FBL,CYP2C9,GJD3,TERF2IP,ZNF330_target,SYNE3_Nterm,TUBA1A,ATG12,SQSTM1,COX4I1,FLOT1,PDHA1,LAMP2,MAPRE1,MARCKS_target,METTL7A,ERGIC1,COX4I1,ACTB,PCM1,PEX14,ELOVL5,KRT8,GFAP,RAB9A,ACTR3,COIL,C11orf52,LNPK_Nterm,NPM1,GJD3,RPS20,STX7,LAMP2,VCL,NUP155_Nterm,ACTR2,ZYX,FLOT1,LNPK_Cterm,HSD17B11,SASS6,SYNE3_Nterm,ERGIC2,SEPT10,STIM1,METTL7A,CALU,FLOT1,GFAP,TMPO,HSD3B7,OCLN,DENND6A,OCLN,OCLN,RAB9A,ANK3,PARP1,ZFPL1,CALR3,LAMP2,LAMP3,COIL,ATP2A1,IMPDH2,CDK5RAP2,LRRC59_Cterm,CCDC14,RHOB,TUBA4A,CLIP1,KRT8,ELOVL5,ACTR3,CEP135,LRRC59_Nterm,SSR1,PDIA4,SYNE3_Nterm,TMOD1,ANK3,AP2B1,RPS20,LAMTOR1,RPS20,RAB5C,LAMP1,TERF2IP,ELOVL5,RPN1,ACBD5,VCL,TRIM36_Nterm,BCAP31,POLR1E,TRAP1,ERGIC1,SEPT9,LAMP3,CCDC14,PAFAH1B1,RAB11A,COX4I1,CALU,CTNNA1,CYP2C1_sigseq,FBL,MARCKS_target,IMPDH2,LYN_target,TUBA4A,GORASP1,CS,NOP56,METTL7A,RAB4A,PDIA4,SEC61B_Cterm,BORCS6,COX8A_target,ANK3,STX4,ACBD5,PRPH,PXMP2,KRT19,B3GAT1,ACTR3,VIM,RAB2A,PDHA1,PRPH,SEPT10,KRT18,RAB35,RPN2,TMPO,ZYX,EIF6,ACTR3,RAB35,ARF6,ATP2A1,LRRC59_Nterm,RPS20
,,,,,,,,,,,,,,,,,,,,,,,,,,,,,,,,,,,,,,,,,,,,,,,,,,,,,,,,,,,,,,,,,,,,,,,,,,,,,,,,,,,,,,,,,,,,,,,,,,,,,,,,,,,,,,,,,,,,,,,,,,,,,,,,,,,,,,,,,,,,,,,,,,,,,,,,,,,,,,,,,,,,,,,,,,,,,,,,,,,,,,,,,,,,,,,,,,,,,,,,,,,,,,,,,,,,,,,,,,,,,,,,,,,,,,,,,,,,,,,,,,,,,,,,,,GFAP,LAMP3,RPS24,ATG12,AMOT,DERL1,RAB11A,CAMSAP2,C11orf52,HIST1H3A,PEX3,REEP5,CD3EAP,SYNE3_Nterm,AKAP1,LMAN1,BCAP31,RAB35,FLOT1,RPS24,UTP4,CENPA,HNRNPA1,LNPK_Nterm,STIL,ERGIC2,PXMP2,NOP56,KIF2A,REEP5,SYNE3_Cterm,RHOB,LRRC59_Cterm,RAB5C,GFAP,STIL,PCM1,TJP1,HSD3B7,DDX23,TUBB,SV40_NLS,CYP2C1_sigseq,COIL,DHX8,DYNC1I2,CEP135,CCDC14,RAB2A,LAMP1,PARP1,AARS2,CBX3,ERGIC2,RAB5C,RAB11A,PEX14,PXMP2,ASF1A,MAPRE1,SASS6,KRT19,VCL,SEC61B_Cterm,RAB11A,DHX40,CAMSAP2,Pxn,AKAP1_target,AGPS,NDC80,TERF2IP,TUBB,MARCKS_target,CALU,COX8A_target,KRT18,CKAP4,LAMTOR1,KDM1A,EBAG9,PCM1,AMOT,ATG12,ANKFY1,DHFRL1,RPS6,NUP155_Nterm,TUBA4A,TRIM36_Nterm,PTK2,VIM,GOLGA2,ERGIC2,CLTB,MARCKS_target,CAMSAP2,AP2B1,RPS6,EZR,LMAN1,KRT19,CYP2C9,FLOT1,PTK2,PDHA1,SYNE3_Cterm,METTL7A,ACTB,ANKFY1,CYP2C1_sigseq,CLTB,RAB11A,AARS2,DYNC1I2,STX6,ATG12,CYP2C1_sigseq,Pxn,TRAP1,ANAPC2,AARS2,TUBB,STX7,VCL,AGPS,CLTB,SASS6,CXADR,TUBB,LNPK_Cterm,PTK2,EMD,ACBD5,LNPK_Nterm,LRRC59_Nterm,CBX3,GJA1,GFAP,KRT19,LAMP3,ZFPL1,TRAP1,RAB2A,EPB41L4A_Cterm,LMNA,SFXN1,AKAP1_target,CLTB,CAV1,CBX3,LATS1,ATG12,LAMP3,LYN,SEC62,CS,B3GAT1,AARS2,COX4I1,SERBP1,SSR1,PARP1,RAB5C,SV40_NLS,FLOT1,TRIM36_Cterm,Pxn,FLOT1,VIM,ATP2A1,NUP155_Cterm,PCNT,ANKFY1,TUBA1A,AMOT,MARCKS,KRT8,NOP56,PDHA1,AMOT,CBX3,PHB2,CLTB,HIST1H3A,SEC62,ACTR1A,TRAP1,CEP135,TRIM36_Nterm,PANX1,DENND6A,RAB9A,MAPRE1,SV40_NLS,ACTR2,KRAS_Q61H,ASF1A,LAMP2,LYN_target,CLIP1,CCDC14,MLLT4,MARCKS,LMAN1,LNPK_Nterm,LMAN1,B3GAT1,FBL,SERBP1,DHFRL1,DENND6A,TMOD1,NDC80,ATG12,NUP50,LYN,FBL,ASH2L,IMPDH2,RPS20,KRT8,AKAP1,NUP155_Cterm,GOLGA2,RAB9A,STIM1,HIST1H3A,LAMP3,PFN1,ASH2L,DHX40,RPS6,DDX23,UTP4,DHX8,ATG12,NOP56,SASS6,RPN2,TUBB,RAB5C,STX6,ERGIC1,AMOT,ELOVL5,CXADR,DHX8,GORASP1,CENPA,GOLGA2,LRRC59_Nterm,GFAP,HSD3B7,RDX,MLLT4,NUP50,NOP56,SASS6,FBL
,,,,,,,,,,,,,,,,,,,,,,,,,,,,,,,,,,,,,,,,,,,,,,,,,,,,,,,,,,,,,,,,,,,,,,,,,,,,,,,,,,,,,,,,,,,,,,,,,,,,,,,,,,,,,,,,,,,,,,,,,,,,,,,,,,,,,,,,,,,,,,,,,,,,,,,,,,,,,,,,,,,,,,,,,,,,,,,,,,,,,,,,,,,,,,,,,,,,,,,,,,,,,,,,,,,,,,,,,,,,,,,,,,,,,,,,,,,,,,,,,,,,,,,,,,,,,,,,,,,,PFN1,GOLGA2,RPS6,RAB4A,METTL7A,RAB2A,CBX3,TMOD1,CCDC14,STX6,TMPO,OCLN,NPM1,COIL,MAPRE1,SSR1,CDK5RAP2,C11orf52,RAB4A,CAV1,B3GAT1,LRRC59_Cterm,CKAP4,GJD3,RAB5A,ERGIC2,ZNF330_target,PFN1,TRAP1,ASH2L,ACTB,CBX3,AKAP1,RPS24,RPL31,SASS6,DDX23,GJD3,COX4I1,RPN1,PDHA1,DHFRL1,KRT8,LAMP2,EMD,TERF2IP,TMPO,RAB11A,TUBA4A,ARF6,LAMP3,ANAPC2,PXMP2,FLOT1,PFN1,SASS6,AKAP1_target,LNPK_Cterm,NUP155_Cterm,HIST1H3A,CS,TJP2,FLOT1,CDK5RAP2,EBAG9,AGPS,CTNNA1,RPS24,NIFK,GORASP1,SYNE3_Cterm,PDIA4,PEX14,LMAN1,PRPF8,LAMP1,RPL31,LRRC59_Nterm,SV40_NLS,TJP1,DYNC1I2,FBL,TUBB,RDX,REEP5,STIM1,PXMP2,DENND6A,ZYX,EBAG9,PHB2,STIM1,STIL,GJD3,STX6,EBAG9,AP2B1,CCDC14,RAB5A,CD3EAP,STIL,CLIP1,TJP1,TJP1,DDX23,MLLT4,RPN2,LNPK_Cterm,DCTN1,ASH2L,Pxn,CAMSAP2,AMOT,DIRAS3,TRIM36_Nterm,KRT19,CALU,CKAP4,METTL7A,CXADR,POLR1E,FBL,RPL31,PHB2,CDK5RAP2,AARS2,KRAS_Q61H,CAMSAP2,LCK,CS,DERL1,ERGIC1,KRT19,PRPF8,SFXN1,ASH2L,TUBA4A,STIM1,KDM1A,FBL,RPS24,UTP4,PCM1,DCTN2,DYNC1I2,STIL,GORASP1,AARS2,PARP1,ERGIC1,TJP2,CAV1,REEP5,CTNNA1,PCM1,PHB2,RAB9A,NCBP3,RHOB,APEX1,CCDC14,CALU,MAPRE3,PCNT,CYP2C9,SV40_NLS,GORASP1,CYP2C1_sigseq,PCNT,SEPT9,PAFAH1B1,TUBB,GOLGA1,APEX1,DDX23,PHB2,RPS20,RDX,METTL7A,RPN1,PFN1,TUBB,CLIP1,ZYX,ERGIC2,SEPT9,CALR3,CS,ARF6,CTNNB1,BCAP31,PDHA1,TJP2,LAMTOR1_target_peptide,SASS6,PCM1,RPS24,PCM1,SASS6,RPL31,Pxn,GOLGA2,APEX1,GOLGA2,VASP,RDX,ERGIC1,STIL,PCNT,EIF6,RDX,LMNA,PTK2,ZNF330_target,AIFM1,DCTN2,HIST1H2BG,AKAP1,AMOT,AGPS,TERF2IP,KRAS_Q61H,PTK2,KRT18,KRAS_Q61H,POLR2C,MARCKS,VAPA,SEC61B_Nterm,APEX1,NDC80,SEC61B_Nterm,LAMTOR1_target_peptide,SEC61B_Cterm,CS,LAMTOR1,LYN_target,RAB35,PFN1,SFXN1,C11orf52,SFXN1,POLR2C,RPL31,KRT18,LCK,DHX8,EZR,NUP155_Cterm,METTL7A
,,,,,,,,,,,,,,,,,,,,,,,,,,,,,,,,,,,,,,,,,,,,,,,,,,,,,,,,,,,,,,,,,,,,,,,,,,,,,,,,,,,,,,,,,,,,,,,,,,,,,,,,,,,,,,,,,,,,,,,,,,,,,,,,,,,,,,,,,,,,,,,,,,,,,,,,,,,,,,,,,,,,,,,,,,,,,,,,,,,,,,,,,,,,,,,,,,,,,,,,,,,,,,,,,,,,,,,,,,,,,,,,,,,,,,,,,,,,,,,,,,,,,,,,,,,,,,,,,,,,,,,,,,,,,,OCLN,SEC61B_Nterm,ASH2L,KRT18,CEP135,SERBP1,EZR,ACTR2,EZR,RPL31,ELOVL5,ELOVL5,POLR2C,RPS24,RAB35,SEC62,LMAN1,VCL,SYNE3_Nterm,REEP5,LRRC59_Nterm,FBL,PRPF8,CAV1,RAB4A,RPS24,AIFM1,GFAP,ACTR1A,PCNT,SEPT10,PCNT,COX4I1,IMPDH2,VCL,COX4I1,RAB35,BORCS6,MARCKS,LYN_target,C11orf52,GOLGA2,PDHA1,SEC62,RAB4A,CTNNA1,VASP,LAMP1,STX4,DIRAS3,COX4I1,LAMP1,PRPF8,DYNC1I2,NUP155_Cterm,SYNE3_Nterm,ATG12,ACTR2,RAB5C,LAMP2,SEPT10,TUBA4A,SERBP1,LYN_target,EMD,CBX3,CS,LNPK_Nterm,PTK2,OCLN,EZR,ATG12,NUP50,KDM1A,VASP,LYN,SEC61B_Nterm,HSD3B7,LMNB1,PCM1,TMPO,HSD17B11,EPB41L4A_Cterm,TMOD1,CDK5RAP2,CYP2C9,RAB5C,POLR1E,VCL,TERF2IP,NCBP3,LAMTOR1_target_peptide,CTNNA1,TMOD1,CYP2C1_sigseq,DIRAS3,DHFRL1,CKAP4,LMNA,KRAS_target,PFN1,DHX8,CXADR,CYP2C1_sigseq,CLTB,CS,HSD17B11,PEX3,POLR1E,NEFM,ACTR2,CBX3,CDK5RAP2,LMNB1,DCTN1,HSD3B7,RAB9A,NOP56,ATG12,LYN,ARF6,ANKFY1,SEC61B_Cterm,RHOB,ACTB,SFXN1,ERGIC2,PEX3,BORCS6,ACBD5,DYNC1I2,MAPRE1,PARP1,CEP135,DIRAS3,GJD3,LMNA,CEP135,STX6,CYP2C1_sigseq,RAB11A,ZNF330_target,LRRC59_Nterm,CXADR,KRT18,LAMTOR1,LNPK_Nterm,SEC61B_Nterm,GFAP,RPN2,NDC80,RAB5A,KIF2A,VAPA,VAPA,DENND6A,LRRC59_Nterm,NEFM,TUBA1A,TRIM36_Cterm,EIF6,CALR3,LAMTOR1_target_peptide,DIRAS3,PARD3,TMOD1,SV40_NLS,VAPA,MAPRE3,SEC62,NCBP3,AGPS,LMNA,CYP2C1_sigseq,DHFRL1,PEX3,TRIM36_Nterm,SEPT9,PCM1,LAMP2,PCM1,PFN1,PANX1,NUP50,HNRNPA1,LCK,LYN_target,TUBB,REEP5,GOLGA1,NEFM,TMPO,CEP135,CLTB,PRPH,CCDC14,NUP155_Nterm,RAB9A,NUP50,AKAP1,MAPRE3,ELOVL5,ASF1A,TUBB,NCBP3,CALR3,STX6,CALR3,HIST1H3A,PRPF8,LAMP2,LNPK_Nterm,TMOD1,PCM1,PANX1,PDHA1,LMAN1,LATS1,VIM,RPS20,CCDC14,CLTA,LRRC59_Cterm,GOLGA2,LAMP1,RPN2,APEX1,SEC61B_Nterm,KDM1A,PEX14,CLIP1,CD3EAP,STX6,CDK5RAP2,CKAP4,ATP2A1,EZR,MARCKS_target,CLIP1,DHX8
,,,,,,,,,,,,,,,,,,,,,,,,,,,,,,,,,,,,,,,,,,,,,,,,,,,,,,,,,,,,,,,,,,,,,,,,,,,,,,,,,,,,,,,,,,,,,,,,,,,,,,,,,,,,,,,,,,,,,,,,,,,,,,,,,,,,,,,,,,,,,,,,,,,,,,,,,,,,,,,,,,,,,,,,,,,,,,,,,,,,,,,,,,,,,,,,,,,,,,,,,,,,,,,,,,,,,,,,,,,,,,,,,,,,,,,,,,,,,,,,,,,,,,,,,,,,,,,,,,,,,,,,,,,,,,,,,,,,,,,,MARCKS,SEPT10,DHX8,PEX3,PDHA1,ZYX,CLTB,CTNNA1,CCDC14,CBX3,NUP50,PRPH,LYN,ACTR2,KRT19,BCAP31,AMOT,SYNE3_Nterm,ERGIC2,PFN1,RAB5C,AKAP1_target,AMOT,B3GAT1,NUP155_Cterm,PEX14,PCNT,Pxn,CXADR,OCLN,RPS6,TERF2IP,BCAP31,CS,RPN1,LMNA,VAPA,DHX8,TRIM36_Nterm,ASH2L,ZYX,MLLT4,REEP5,LMNA,Pxn,ZFPL1,DCTN1,NIFK,TUBA4A,GJA1,VASP,ANKFY1,BCAP31,ACTR2,KRT18,NDC80,REEP5,STIM1,NOP56,NCBP3,MAPRE1,LAMP1,EMD,CALR3,RAB9A,PARP1,LRRC59_Nterm,LAMTOR1_target_peptide,ERGIC1,AP2B1,UTP4,DHFRL1,CTNNB1,RHOB,ACTR1A,AMOT,ACTR3,AKAP1,LNPK_Nterm,LAMP1,CDK5RAP2,NIFK,PCM1,PXMP2,ARF6,TMPO,MARCKS_target,ELOVL5,LMNB1,PFN1,KRAS_target,GFAP,LAMP2,KRAS_target,ZFPL1,SYNE3_Nterm,CAV1,EBAG9,PXMP2,DHX40,LATS1,STX7,PDHA1,POLR2C,GJA1,PXMP2,COX4I1,DCTN2,TERF2IP,CAV1,ANKFY1,Pxn,NUP155_Nterm,CENPA,NUP50,ARF6,LYN,RAB4A,GJA1,LATS1,KRT8,ERGIC1,NIFK,RHOB,AMOT,RAB35,PDIA4,AP2B1,CEP135,ANKFY1,EIF6,NEFM,RDX,NCBP3,KDM1A,RAB11A,ELOVL5,LAMP1,LATS1,TRIM36_Nterm,NIFK,DIRAS3,RAB2A,LAMP3,PFN1,TUBA4A,AMOT,TRAP1,SYNE3_Cterm,KRT19,RPN1,RAB2A,ACTR2,PXMP2,RAB11A,HSD3B7,PEX14,GOLGA1,COIL,MAPRE1,SEC61B_Nterm,RPS24,DCTN2,POLR2C,FBL,SYNE3_Nterm,EPB41L4A_Cterm,SERBP1,AP2B1,ANK3,MAPRE1,EZR,METTL7A,BCAP31,ACTR2,RAB2A,DDX23,CKAP4,CD3EAP,CENPA,HNRNPA1,APEX1,PARD3,SEPT9,RPS6,RAB2A,DCTN1,B3GAT1,ANAPC2,AARS2,TUBA1A,LAMTOR1_target_peptide,LYN,TERF2IP,PFN1,DHX8,EBAG9,PCNT,AKAP1,SEPT9,TJP2,CLIP1,CEP135,RPS20,AARS2,NUP155_Cterm,NUP50,RPN1,ACTB,SQSTM1,DCTN2,ERGIC2,RHOB,B3GAT1,LNPK_Nterm,RHOB,LAMP3,CENPA,KRAS_Q61H,RPS24,SEPT9,CLTA,SERBP1,POLR1E,RPN1,STX6,ANAPC2,PFN1,LCK,LATS1
,,,,,,,,,,,,,,,,,,,,,,,,,,,,,,,,,,,,,,,,,,,,,,,,,,,,,,,,,,,,,,,,,,,,,,,,,,,,,,,,,,,,,,,,,,,,,,,,,,,,,,,,,,,,,,,,,,,,,,,,,,,,,,,,,,,,,,,,,,,,,,,,,,,,,,,,,,,,,,,,,,,,,,,,,,,,,,,,,,,,,,,,,,,,,,,,,,,,,,,,,,,,,,,,,,,,,,,,,,,,,,,,,,,,,,,,,,,,,,,,,,,,,,,,,,,,,,,,,,,,,,,,,,,,,,,,,,,,,,,,,,,,,,,,,,LNPK_Nterm,ACTR2,VAPA,LAMTOR1,NPM1,CDK5RAP2,PAFAH1B1,GORASP1,CXADR,AKAP1,ACTR3,ARF6,ATG12,LYN_target,PEX14,CYP2C1_sigseq,RPN1,ACTR3,CALU,DHX40,KRAS_Q61H,CAV1,CLTA,CAV1,CBX3,MARCKS_target,TMOD1,RAB5A,PARD3,APEX1,SEPT10,POLR1E,STX4,PARD3,KDM1A,CYP2C1_sigseq,STX6,SFXN1,HNRNPA1,TRIM36_Nterm,LAMP3,PRPF8,REEP5,RAB2A,DHX8,PXMP2,CTNNB1,ZYX,DCTN1,UTP4,DCTN2,EMD,DERL1,CENPA,FBL,RHOB,FLOT1,POLR2C,LAMP3,AKAP1,AP2B1,NCBP3,ACTR1A,TRIM36_Cterm,PARD3,FBL,ASH2L,LAMP3,LAMTOR1,TUBA1A,REEP5,BCAP31,TUBB,SSR1,AARS2,NCBP3,NCBP3,CLTA,RPS24,Pxn,ACBD5,RDX,GOLGA1,DYNC1I2,COIL,PTK2,COX8A_target,AKAP1,ERGIC2,PHB2,LRRC59_Cterm,CTNNA1,HSD17B11,NUP155_Cterm,SEPT10,COIL,MAPRE1,CEP135,ARF6,ERGIC1,SEC61B_Cterm,METTL7A,ACBD5,ANK3,TJP2,NCBP3,CKAP4,ASF1A,RAB3B_Nterm,RAB5A,STX4,REEP5,VAPA,TJP2,VAPA,STX4,MAPRE1,MAPRE1,RPS20,CDK5RAP2,VIM,ANKFY1,PFN1,POLR2C,DHFRL1,CAV1,EPB41L4A_Cterm,MAPRE3,CEP135,PDHA1,FBL,CAMSAP2,RPS6,AKAP1,DENND6A,LYN_target,GOLGA2,LRRC59_Nterm,STIL,LMNA,GORASP1,PEX14,B3GAT1,NUP50,STX6,RHOB,ZFPL1,TRIM36_Nterm,HNRNPA1,DCTN2,LMAN1,CBX3,CD3EAP,MARCKS,TMPO,CALR3,PCNT,ACTB,LAMP3,TUBA4A,RHOB,ASF1A,SYNE3_Nterm,BORCS6,CXADR,LAMTOR1,LMNA,LMAN1,CBX3,ASF1A,RPL31,EIF6,AGPS,LAMP2,STX6,FLOT1,KRT18,LATS1,SV40_NLS,STX4,NUP50,SEC61B_Cterm,MAPRE3,LAMTOR1_target_peptide,CKAP4,RAB5C,CKAP4,EBAG9,HIST1H2BG,VIM,RAB9A,SYNE3_Nterm,NIFK,TERF2IP,KRT19,RPN1,RAB4A,NIFK,HNRNPA1,ELOVL5,STIL,GFAP,CLIP1,STX7,RPL31,ZNF330_target,PXMP2,RAB4A,DHFRL1,EZR,TMPO,DHX8,KRAS_Q61H,GFAP,GFAP,AGPS,DCTN1,SQSTM1,CLTB,BCAP31
,,,,,,,,,,,,,,,,,,,,,,,,,,,,,,,,,,,,,,,,,,,,,,,,,,,,,,,,,,,,,,,,,,,,,,,,,,,,,,,,,,,,,,,,,,,,,,,,,,,,,,,,,,,,,,,,,,,,,,,,,,,,,,,,,,,,,,,,,,,,,,,,,,,,,,,,,,,,,,,,,,,,,,,,,,,,,,,,,,,,,,,,,,,,,,,,,,,,,,,,,,,,,,,,,,,,,,,,,,,,,,,,,,,,,,,,,,,,,,,,,,,,,,,,,,,,,,,,,,,,,,,,,,,,,,,,,,,,,,,,,,,,,,,,,,,,,,,,,,,,FLOT1,DYNC1I2,NUP50,ACTB,DHFRL1,MAPRE3,DHX8,DERL1,COX4I1,B3GAT1,LATS1,LMAN1,VASP,CTNNA1,CLIP1,CTNNB1,PDIA4,HIST1H3A,MARCKS_target,BCAP31,RAB5A,ZFPL1,ASF1A,POLR1E,DDX23,LYN,COIL,CD3EAP,MARCKS_target,PTK2,RHOB,LAMTOR1,NOP56,PDIA4,RPS24,PARP1,SERBP1,DCTN1,METTL7A,STX7,TERF2IP,TMOD1,CENPA,MLLT4,APEX1,STIL,APEX1,BCAP31,KRAS_target,HNRNPA1,LMNA,SEC62,ANKFY1,PARD3,DENND6A,PRPH,CKAP4,COX8A_target,GJD3,RDX,APEX1,CTNNB1,PRPH,RAB5A,TRIM36_Nterm,RPS20,NUP155_Nterm,ANAPC2,CAV1,TUBA4A,PAFAH1B1,PDIA4,LRRC59_Nterm,PARP1,RPN1,LATS1,TJP2,LMNA,LYN,FBL,ZYX,CLIP1,LMAN1,DENND6A,RHOB,CCDC14,PCNT,DCTN1,ATP2A1,RDX,CDK5RAP2,MAPRE1,EBAG9,MLLT4,KDM1A,AARS2,NUP50,SERBP1,LCK,COIL,EIF6,AKAP1,EIF6,ANAPC2,TMPO,IMPDH2,GJD3,SFXN1,LCK,MARCKS_target,MAPRE3,NCBP3,CAMSAP2,LNPK_Nterm,TUBA4A,TUBA4A,DDX23,SEPT10,LYN_target,EZR,VAPA,KRT19,TRIM36_Nterm,NPM1,EBAG9,AGPS,CAV1,PXMP2,OCLN,FLOT1,METTL7A,CAMSAP2,COX8A_target,VAPA,MAPRE3,STX6,TUBB,TRIM36_Cterm,RPN1,POLR2C,NDC80,NUP155_Cterm,LNPK_Nterm,RPN1,VAPA,RPN1,DYNC1I2,HSD17B11,MAPRE3,AARS2,SV40_NLS,AP2B1,STIL,STX4,DHFRL1,RPS24,HSD3B7,KRT18,VIM,CLTA,CCDC14,COX4I1,STX4,STIL,AKAP1_target,TUBB,CLIP1,TRAP1,NUP155_Cterm,NUP50,EIF6,ATP2A1,DENND6A,TRAP1,AP2B1,PRPH,TERF2IP,TMOD1,PEX3,PHB2,ZFPL1,ANKFY1,LMAN1,LYN_target,CENPA,DHFRL1,RAB3B_Nterm,GJA1,ATP2A1,RHOB,Pxn,PANX1,AGPS,TJP1,SV40_NLS,EMD,CALU,CS,TRIM36_Nterm,SEC62,KRT8,ELOVL5,ZFPL1,REEP5,ACTR2,LAMP3,ATG12,PXMP2,PHB2,RAB5A
,,,,,,,,,,,,,,,,,,,,,,,,,,,,,,,,,,,,,,,,,,,,,,,,,,,,,,,,,,,,,,,,,,,,,,,,,,,,,,,,,,,,,,,,,,,,,,,,,,,,,,,,,,,,,,,,,,,,,,,,,,,,,,,,,,,,,,,,,,,,,,,,,,,,,,,,,,,,,,,,,,,,,,,,,,,,,,,,,,,,,,,,,,,,,,,,,,,,,,,,,,,,,,,,,,,,,,,,,,,,,,,,,,,,,,,,,,,,,,,,,,,,,,,,,,,,,,,,,,,,,,,,,,,,,,,,,,,,,,,,,,,,,,,,,,,,,,,,,,,,,,,,,,,,,,ZYX,CYP2C9,ANK3,LATS1,AP2B1,SEPT10,CLTA,SEPT10,APEX1,DDX23,REEP5,PEX14,NPM1,RPS20,CTNNA1,CYP2C9,TJP2,RAB2A,SEC61B_Nterm,SQSTM1,BCAP31,KIF2A,HSD3B7,CTNNB1,LAMP2,LNPK_Nterm,ZYX,DYNC1I2,TJP2,STX6,NUP155_Nterm,PHB2,POLR2C,NPM1,DCTN2,COX4I1,CALR3,EPB41L4A_Cterm,DIRAS3,DERL1,KDM1A,SEPT9,AIFM1,CENPA,ELOVL5,TUBA1A,LATS1,DCTN2,ANK3,CYP2C1_sigseq,CAV1,TUBA1A,AARS2,SEC61B_Cterm,UTP4,SFXN1,CALR3,RPN2,GFAP,ANK3,RAB35,CALR3,DERL1,TRIM36_Nterm,DYNC1I2,AIFM1,ACBD5,CAMSAP2,NEFM,RAB5C,ARF6,EZR,NUP155_Cterm,NPM1,NEFM,NUP50,EZR,CKAP4,TRAP1,PRPF8,COX4I1,SQSTM1,EZR,PDHA1,MLLT4,NUP50,GFAP,DHX8,LAMP3,KDM1A,LMAN1,RPN2,CEP135,CTNNA1,ERGIC1,RPN1,ANAPC2,COX8A_target,NEFM,MLLT4,NOP56,ZYX,LYN,FLOT1,RHOB,LCK,TRIM36_Nterm,ATG12,DHX8,SEPT10,MLLT4,CALR3,STIM1,CDK5RAP2,RAB5A,CAMSAP2,AIFM1,STIM1,ACTB,SEC61B_Nterm,UTP4,HSD17B11,LAMP3,FLOT1,SV40_NLS,DHX40,PAFAH1B1,UTP4,HSD3B7,NDC80,LAMP1,AIFM1,CLTB,ANKFY1,DHX8,TJP2,GFAP,COX8A_target,DERL1,TUBA1A,TMPO,ANAPC2,VAPA,DCTN1,ANK3,FLOT1,LCK,MAPRE3,RAB11A,STIL,NUP50,GOLGA1,DCTN1,PEX14,KDM1A,ZNF330_target,ZNF330_target,EBAG9,VCL,PARP1,LRRC59_Cterm,LYN_target,LRRC59_Nterm,TUBA4A,RPS20,BCAP31,PANX1,EPB41L4A_Cterm,CDK5RAP2,PARD3,PANX1,COX4I1,TUBB,RAB2A,TMPO,VAPA,LMNA,TMPO,PHB2,LNPK_Cterm,PXMP2,POLR2C,SFXN1,MARCKS_target,RAB9A,PRPH,CLIP1,KRT19,STX4,AP2B1,ZYX,MARCKS,NIFK,GORASP1,ERGIC2,AKAP1_target,KRT19,BORCS6,KRT19,CLTA
,,,,,,,,,,,,,,,,,,,,,,,,,,,,,,,,,,,,,,,,,,,,,,,,,,,,,,,,,,,,,,,,,,,,,,,,,,,,,,,,,,,,,,,,,,,,,,,,,,,,,,,,,,,,,,,,,,,,,,,,,,,,,,,,,,,,,,,,,,,,,,,,,,,,,,,,,,,,,,,,,,,,,,,,,,,,,,,,,,,,,,,,,,,,,,,,,,,,,,,,,,,,,,,,,,,,,,,,,,,,,,,,,,,,,,,,,,,,,,,,,,,,,,,,,,,,,,,,,,,,,,,,,,,,,,,,,,,,,,,,,,,,,,,,,,,,,,,,,,,,,,,,,,,,,,,,,,,,,,,,SYNE3_Cterm,COIL,GOLGA1,RPS24,RPS24,NOP56,LMNB1,STX7,GOLGA1,BORCS6,STIL,PRPH,FLOT1,LRRC59_Cterm,SEPT9,CKAP4,BORCS6,PARP1,TJP1,RPL31,DERL1,NOP56,DYNC1I2,HIST1H2BG,LNPK_Nterm,ACBD5,CCDC14,GJD3,FBL,TMOD1,CAMSAP2,CAV1,RAB9A,SEC61B_Nterm,MLLT4,NPM1,SEC61B_Nterm,PRPH,SFXN1,DENND6A,KRT19,LMNB1,AP2B1,REEP5,PRPH,MAPRE3,CLIP1,RAB5C,RPS6,CCDC14,RAB5A,ERGIC2,SEPT10,CS,LMAN1,SEPT9,PARP1,PHB2,LAMP3,SV40_NLS,ZNF330_target,DCTN1,PCNT,RPS24,RAB5C,BCAP31,KRT18,CALU,SEC62,VIM,ZFPL1,HIST1H2BG,PCNT,CKAP4,RAB5C,KRT19,STIL,CTNNA1,PFN1,PRPH,RAB2A,STIL,PAFAH1B1,PDIA4,PRPF8,LCK,POLR1E,ATP2A1,MLLT4,SQSTM1,RAB3B_Nterm,MARCKS,TUBA4A,RAB35,SASS6,AMOT,COX8A_target,LMNA,ACTB,KRAS_target,DENND6A,LAMP3,VCL,C11orf52,MARCKS_target,ANAPC2,PCNT,LYN,AKAP1_target,DHX8,CALR3,CCDC14,PANX1,ATG12,STIL,ANK3,PEX3,RPS20,CDK5RAP2,CTNNA1,VASP,HNRNPA1,ANKFY1,KRAS_target,NUP155_Cterm,LATS1,PEX14,NOP56,KRT19,VIM,NIFK,KRT8,STIM1,PCNT,FBL,CYP2C9,RAB35,SERBP1,SSR1,NOP56,ASH2L,SASS6,GOLGA2,RPN2,LNPK_Cterm,MAPRE3,RAB2A,VCL,PRPF8,NPM1,PCM1,HIST1H2BG,LYN_target,METTL7A,ASH2L,STIL,RPL31,TJP1,NPM1,ACTB,MLLT4,DDX23,METTL7A,SEC62,LMNB1,ZFPL1,NDC80,GOLGA2,ACTR3,CLIP1,PCM1,ANKFY1,TUBA4A,CAV1,DCTN1,EZR,KRT19,LRRC59_Nterm,ASF1A,STIL,RPN1,COIL,DDX23,TMOD1,VASP,LRRC59_Cterm,TMOD1,EMD,UTP4,SSR1
,,,,,,,,,,,,,,,,,,,,,,,,,,,,,,,,,,,,,,,,,,,,,,,,,,,,,,,,,,,,,,,,,,,,,,,,,,,,,,,,,,,,,,,,,,,,,,,,,,,,,,,,,,,,,,,,,,,,,,,,,,,,,,,,,,,,,,,,,,,,,,,,,,,,,,,,,,,,,,,,,,,,,,,,,,,,,,,,,,,,,,,,,,,,,,,,,,,,,,,,,,,,,,,,,,,,,,,,,,,,,,,,,,,,,,,,,,,,,,,,,,,,,,,,,,,,,,,,,,,,,,,,,,,,,,,,,,,,,,,,,,,,,,,,,,,,,,,,,,,,,,,,,,,,,,,,,,,,,,,,,,,,,,,,,,PRPF8,PCNT,STIL,PXMP2,DCTN2,ARF6,CENPA,KDM1A,SASS6,SEPT9,TUBA1A,RPS20,ASF1A,COX4I1,TUBB,STX4,ATG12,IMPDH2,ZNF330_target,CTNNB1,PCM1,ACTR2,LYN,STX6,GJD3,DHX40,PANX1,EPB41L4A_Cterm,VASP,GJA1,NIFK,TRIM36_Cterm,CD3EAP,GJA1,ANK3,LMNA,SSR1,ANKFY1,RDX,CENPA,AGPS,TUBB,RHOB,ANAPC2,PTK2,KRAS_target,ANKFY1,MARCKS,HNRNPA1,STX4,COX4I1,CEP135,CS,SEPT10,DERL1,Pxn,SFXN1,RHOB,NIFK,CYP2C9,CXADR,CCDC14,CLTB,PDIA4,BORCS6,SQSTM1,LAMTOR1,SSR1,TMPO,PHB2,RDX,CLTB,HIST1H2BG,ERGIC1,GORASP1,LMNA,OCLN,CD3EAP,ANK3,EIF6,RPS20,SFXN1,CLTA,RPL31,DHX8,CDK5RAP2,LAMTOR1_target_peptide,DYNC1I2,PANX1,ERGIC1,AKAP1_target,CCDC14,ZFPL1,KIF2A,TRIM36_Cterm,RAB2A,RHOB,SYNE3_Nterm,METTL7A,SYNE3_Nterm,STX6,POLR2C,OCLN,MAPRE1,Pxn,MAPRE3,VASP,METTL7A,RAB5A,KRAS_Q61H,GORASP1,PXMP2,STIM1,ZNF330_target,CCDC14,ACTR1A,LRRC59_Nterm,RDX,NIFK,AP2B1,TUBA4A,STX6,ACTR2,AKAP1_target,CDK5RAP2,EBAG9,TRAP1,ACTR2,AP2B1,C11orf52,VCL,DHX8,LNPK_Nterm,MAPRE1,VIM,SEPT9,CTNNA1,COX8A_target,STIL,SEC62,LAMP1,DHX8,AKAP1_target,NOP56,PEX14,LRRC59_Nterm,LNPK_Nterm,SYNE3_Nterm,SEC61B_Cterm,PCNT,TRIM36_Cterm,EIF6,KRAS_target,SEPT9,HIST1H3A,CKAP4,LNPK_Cterm,LNPK_Nterm,PFN1,LAMTOR1_target_peptide,CALR3,KRAS_Q61H,TRAP1,RPS20,VCL,ANAPC2,GFAP,COX8A_target,TJP2,ACBD5,CYP2C9,PANX1,NDC80,Pxn,PRPF8,AKAP1,AP2B1,IMPDH2,AGPS,ASH2L
,,,,,,,,,,,,,,,,,,,,,,,,,,,,,,,,,,,,,,,,,,,,,,,,,,,,,,,,,,,,,,,,,,,,,,,,,,,,,,,,,,,,,,,,,,,,,,,,,,,,,,,,,,,,,,,,,,,,,,,,,,,,,,,,,,,,,,,,,,,,,,,,,,,,,,,,,,,,,,,,,,,,,,,,,,,,,,,,,,,,,,,,,,,,,,,,,,,,,,,,,,,,,,,,,,,,,,,,,,,,,,,,,,,,,,,,,,,,,,,,,,,,,,,,,,,,,,,,,,,,,,,,,,,,,,,,,,,,,,,,,,,,,,,,,,,,,,,,,,,,,,,,,,,,,,,,,,,,,,,,,,,,,,,,,,,,,,,,,,,,DHX40,DHFRL1,CBX3,RPN1,RAB11A,GOLGA2,AIFM1,MAPRE3,HIST1H2BG,SSR1,ANK3,CTNNB1,NEFM,COX4I1,VASP,CLTB,LYN_target,TJP1,AKAP1,SYNE3_Nterm,PARD3,COIL,KRT19,HSD3B7,DENND6A,CLTA,PDIA4,DHX8,CLTB,GOLGA2,FBL,SEPT9,TRIM36_Nterm,BCAP31,CLIP1,STIM1,EIF6,PRPH,TMPO,RPL31,RAB5C,VAPA,DHX8,ACTB,LMNB1,AIFM1,CXADR,MARCKS,CTNNB1,SYNE3_Cterm,ACTR3,TUBA4A,STIL,DCTN2,RAB35,KRAS_target,SASS6,LRRC59_Nterm,ACTB,GORASP1,CYP2C9,RAB5A,AARS2,ELOVL5,HNRNPA1,LAMP2,RPS24,NCBP3,ARF6,LAMP1,SEC61B_Cterm,PAFAH1B1,GOLGA2,STX6,MARCKS_target,TRAP1,CAV1,COIL,STIM1,DHX40,SV40_NLS,CBX3,NDC80,MARCKS_target,RAB4A,BCAP31,NUP155_Nterm,CLIP1,CALR3,MAPRE1,DHX8,LAMTOR1,TRAP1,RDX,PDIA4,CALR3,CALR3,MARCKS_target,GJA1,CAMSAP2,ZNF330_target,CLTA,APEX1,LAMTOR1_target_peptide,PHB2,CDK5RAP2,PTK2,STX7,DIRAS3,AGPS,HNRNPA1,ACTR2,EBAG9,METTL7A,NDC80,LNPK_Cterm,FBL,RAB11A,RPS24,LYN_target,ERGIC2,LMNA,ANK3,NOP56,LAMP1,LRRC59_Nterm,PEX3,OCLN,LMNA,C11orf52,SEC61B_Nterm,TUBB,AIFM1,LAMP1,MARCKS_target,DYNC1I2,MAPRE3,CXADR,ZYX,CLIP1,ZNF330_target,KRT8,TUBA1A,NUP50,SEC61B_Cterm,NCBP3,LYN,AARS2,CCDC14,SFXN1,MLLT4,TJP1,CDK5RAP2,KRT18,TMPO,POLR2C,DHX8,LNPK_Cterm,LMAN1,LRRC59_Cterm,RAB9A,DHFRL1,LAMP2,CLTB,PAFAH1B1,NOP56,LYN_target,CCDC14,MARCKS,B3GAT1
,,,,,,,,,,,,,,,,,,,,,,,,,,,,,,,,,,,,,,,,,,,,,,,,,,,,,,,,,,,,,,,,,,,,,,,,,,,,,,,,,,,,,,,,,,,,,,,,,,,,,,,,,,,,,,,,,,,,,,,,,,,,,,,,,,,,,,,,,,,,,,,,,,,,,,,,,,,,,,,,,,,,,,,,,,,,,,,,,,,,,,,,,,,,,,,,,,,,,,,,,,,,,,,,,,,,,,,,,,,,,,,,,,,,,,,,,,,,,,,,,,,,,,,,,,,,,,,,,,,,,,,,,,,,,,,,,,,,,,,,,,,,,,,,,,,,,,,,,,,,,,,,,,,,,,,,,,,,,,,,,,,,,,,,,,,,,,,,,,,,,,,,,,,,,,ANKFY1,LNPK_Cterm,CLTB,MARCKS_target,AKAP1_target,PCM1,DCTN1,CALU,PAFAH1B1,TMOD1,COX4I1,CD3EAP,LCK,SV40_NLS,LNPK_Nterm,AGPS,ZNF330_target,PXMP2,NCBP3,RAB11A,PANX1,VCL,ATP2A1,ZNF330_target,TMPO,RPS6,RAB5C,PCM1,LAMTOR1_target_peptide,HIST1H3A,TUBA1A,SEC61B_Nterm,STX4,POLR1E,TUBB,ANAPC2,RPN1,HNRNPA1,PTK2,NDC80,PEX14,UTP4,MARCKS,CAV1,RHOB,VAPA,AARS2,CAMSAP2,NEFM,EMD,RAB9A,NPM1,DCTN1,CENPA,CDK5RAP2,Pxn,CEP135,HIST1H2BG,STX4,FLOT1,AGPS,RPS20,CCDC14,HNRNPA1,SQSTM1,DHX8,CD3EAP,TJP2,EIF6,B3GAT1,CYP2C9,AKAP1_target,LCK,EPB41L4A_Cterm,PCNT,PCNT,RAB35,B3GAT1,SEC62,SSR1,GOLGA2,DCTN1,CLIP1,PDIA4,LAMP1,LAMP3,TJP1,EZR,CTNNB1,NCBP3,LAMP2,SEPT9,PTK2,AP2B1,ELOVL5,CTNNA1,LAMTOR1_target_peptide,TRAP1,LMNA,ACTR2,VAPA,C11orf52,BORCS6,DHX8,KRAS_target,SEC61B_Nterm,C11orf52,CALU,SYNE3_Nterm,OCLN,VASP,CAMSAP2,TJP2,CEP135,IMPDH2,ZFPL1,AARS2,EIF6,RPS6,SQSTM1,AKAP1,CLTB,VAPA,CYP2C1_sigseq,RPN2,EMD,ASH2L,LAMTOR1,MAPRE1,FBL,B3GAT1,CAMSAP2,PDHA1,TMPO,DIRAS3,AARS2,PHB2,MLLT4,KRT18,AGPS,LATS1,DERL1,PARD3,PXMP2,PRPH,GJD3,MARCKS,LAMP2,ZYX,MARCKS_target,LAMTOR1,RPL31,ASH2L,SASS6,SV40_NLS,ACTR1A,HIST1H2BG,SSR1,MLLT4,CTNNB1
,,,,,,,,,,,,,,,,,,,,,,,,,,,,,,,,,,,,,,,,,,,,,,,,,,,,,,,,,,,,,,,,,,,,,,,,,,,,,,,,,,,,,,,,,,,,,,,,,,,,,,,,,,,,,,,,,,,,,,,,,,,,,,,,,,,,,,,,,,,,,,,,,,,,,,,,,,,,,,,,,,,,,,,,,,,,,,,,,,,,,,,,,,,,,,,,,,,,,,,,,,,,,,,,,,,,,,,,,,,,,,,,,,,,,,,,,,,,,,,,,,,,,,,,,,,,,,,,,,,,,,,,,,,,,,,,,,,,,,,,,,,,,,,,,,,,,,,,,,,,,,,,,,,,,,,,,,,,,,,,,,,,,,,,,,,,,,,,,,,,,,,,,,,,,,,,,,,,,,,,KDM1A,DHFRL1,RPN2,EZR,EMD,CAMSAP2,RPS6,ACTR3,RPL31,RPS24,GOLGA1,ASH2L,DHX8,SEPT9,VIM,ARF6,ELOVL5,LAMP2,ASH2L,ATP2A1,KIF2A,MARCKS,LNPK_Nterm,LNPK_Cterm,SERBP1,ACBD5,TUBB,CALR3,UTP4,PANX1,TUBB,NIFK,MARCKS_target,METTL7A,SEC61B_Cterm,PFN1,METTL7A,CS,SEPT9,CXADR,TJP2,ELOVL5,SYNE3_Cterm,NUP50,SFXN1,APEX1,SQSTM1,PRPH,HIST1H2BG,MAPRE3,PARP1,AARS2,HSD17B11,SEC61B_Cterm,LMNA,ELOVL5,HSD17B11,POLR2C,AMOT,IMPDH2,TMPO,ACBD5,VIM,PDIA4,ERGIC2,SSR1,CXADR,SEC62,ACTR3,CTNNA1,VIM,EMD,STX4,ZNF330_target,CDK5RAP2,RAB3B_Nterm,ANKFY1,RAB5A,SYNE3_Nterm,EMD,DHFRL1,DERL1,BCAP31,DHFRL1,NDC80,ANAPC2,BCAP31,VASP,ASH2L,DHX8,VCL,ACBD5,CAV1,PFN1,AP2B1,SEC62,ACTR1A,KRT8,POLR2C,RAB4A,ATP2A1,ANK3,LCK,DCTN2,ASH2L,MLLT4,SQSTM1,KRT8,CS,DDX23,CAMSAP2,ACTR1A,RAB2A,GOLGA2,CLIP1,CYP2C1_sigseq,TJP2,ACTR1A,AKAP1_target,RPN2,PCNT,TMPO,STX6,PDHA1,AP2B1,KRT8,LMNB1,EMD,HSD3B7,AKAP1,CALU,MAPRE1,ZFPL1,CTNNB1,DIRAS3,ARF6,EMD,ANAPC2,PCM1,HIST1H3A,HNRNPA1,MAPRE3,CYP2C1_sigseq,LCK,AKAP1,ANK3,CALR3,LAMTOR1_target_peptide,ACBD5,SASS6
,,,,,,,,,,,,,,,,,,,,,,,,,,,,,,,,,,,,,,,,,,,,,,,,,,,,,,,,,,,,,,,,,,,,,,,,,,,,,,,,,,,,,,,,,,,,,,,,,,,,,,,,,,,,,,,,,,,,,,,,,,,,,,,,,,,,,,,,,,,,,,,,,,,,,,,,,,,,,,,,,,,,,,,,,,,,,,,,,,,,,,,,,,,,,,,,,,,,,,,,,,,,,,,,,,,,,,,,,,,,,,,,,,,,,,,,,,,,,,,,,,,,,,,,,,,,,,,,,,,,,,,,,,,,,,,,,,,,,,,,,,,,,,,,,,,,,,,,,,,,,,,,,,,,,,,,,,,,,,,,,,,,,,,,,,,,,,,,,,,,,,,,,,,,,,,,,,,,,,,,,,,,,,,,,,CENPA,EPB41L4A_Cterm,ACTB,SYNE3_Cterm,DHX8,PHB2,AGPS,LATS1,SERBP1,PARP1,TMPO,PRPH,NPM1,ZYX,SFXN1,CALU,NUP155_Cterm,DERL1,RAB5C,RHOB,C11orf52,AIFM1,GOLGA1,SYNE3_Cterm,REEP5,CAMSAP2,LNPK_Nterm,CLTA,B3GAT1,LAMP3,GOLGA2,VASP,ZNF330_target,EBAG9,SQSTM1,CS,DIRAS3,DERL1,LAMP1,KIF2A,DDX23,LMNA,AMOT,TRAP1,CCDC14,TERF2IP,CLTB,LMNB1,CD3EAP,CXADR,GORASP1,RAB35,AMOT,NOP56,BORCS6,RAB5C,CAMSAP2,RAB9A,SERBP1,PANX1,LYN,METTL7A,GORASP1,ACTB,TJP1,HIST1H2BG,NUP155_Cterm,HNRNPA1,AKAP1_target,CENPA,ACTR1A,AP2B1,AKAP1_target,ATG12,IMPDH2,AARS2,CD3EAP,CTNNA1,TERF2IP,CENPA,ANK3,CXADR,PXMP2,ASF1A,MARCKS_target,STX7,STX4,CXADR,ANAPC2,CLIP1,AKAP1,RPL31,CAV1,HNRNPA1,PANX1,BORCS6,PXMP2,SYNE3_Nterm,CENPA,EBAG9,HNRNPA1,ARF6,NUP50,CS,PTK2,ACTR3,KRAS_Q61H,CLIP1,RAB2A,MARCKS,ATG12,GOLGA2,KDM1A,LRRC59_Cterm,CALU,NUP50,LNPK_Nterm,RAB9A,VASP,CENPA,EMD,ZFPL1,HSD17B11,COIL,MARCKS_target,ANK3,OCLN,DCTN2,CEP135,IMPDH2,RAB4A,SEPT9,CLTA,EZR,ACTR1A,SV40_NLS,RAB2A,ERGIC2,TRAP1,KRT18
,,,,,,,,,,,,,,,,,,,,,,,,,,,,,,,,,,,,,,,,,,,,,,,,,,,,,,,,,,,,,,,,,,,,,,,,,,,,,,,,,,,,,,,,,,,,,,,,,,,,,,,,,,,,,,,,,,,,,,,,,,,,,,,,,,,,,,,,,,,,,,,,,,,,,,,,,,,,,,,,,,,,,,,,,,,,,,,,,,,,,,,,,,,,,,,,,,,,,,,,,,,,,,,,,,,,,,,,,,,,,,,,,,,,,,,,,,,,,,,,,,,,,,,,,,,,,,,,,,,,,,,,,,,,,,,,,,,,,,,,,,,,,,,,,,,,,,,,,,,,,,,,,,,,,,,,,,,,,,,,,,,,,,,,,,,,,,,,,,,,,,,,,,,,,,,,,,,,,,,,,,,,,,,,,,,,,,,,,,,,RPN2,VCL,CAMSAP2,AIFM1,CYP2C9,MARCKS,RPS24,PRPF8,SYNE3_Nterm,RPN2,DCTN2,BORCS6,LAMTOR1,EPB41L4A_Cterm,KRAS_Q61H,OCLN,ZYX,CALU,NOP56,ATG12,NUP155_Nterm,VAPA,ASH2L,RDX,GOLGA2,LYN_target,CYP2C1_sigseq,KRAS_Q61H,TJP2,DHX8,CKAP4,ACTR3,BCAP31,ELOVL5,KRT8,POLR1E,CCDC14,CALR3,SEC61B_Cterm,LAMP2,RHOB,METTL7A,KRT18,LNPK_Nterm,CKAP4,STIM1,RAB11A,RAB5C,BORCS6,ANKFY1,CAMSAP2,PCNT,TJP1,DENND6A,AARS2,PDIA4,CLTA,DIRAS3,DERL1,CALR3,EMD,DHX40,RAB35,CEP135,MARCKS_target,DHX40,KRT8,RPL31,NUP155_Cterm,SERBP1,DDX23,PANX1,RPS6,ATG12,AARS2,Pxn,CLIP1,RPN1,COX8A_target,NEFM,TUBA1A,DCTN1,CYP2C1_sigseq,CAV1,CALR3,EPB41L4A_Cterm,PEX14,RAB35,CCDC14,KDM1A,SEC61B_Cterm,LCK,LMAN1,DDX23,KRT19,SYNE3_Cterm,ANK3,PFN1,ATG12,DCTN1,NUP155_Nterm,SSR1,B3GAT1,ACTB,NUP155_Cterm,CLTA,DERL1,MAPRE3,STIM1,HSD3B7,ZYX,PAFAH1B1,DYNC1I2,SEPT9,PARP1,APEX1,NEFM,LCK,RPN1,METTL7A,STX7,DHX40,DCTN1,LAMTOR1,RAB4A,GFAP,NIFK,EPB41L4A_Cterm,GOLGA1,CYP2C1_sigseq
,,,,,,,,,,,,,,,,,,,,,,,,,,,,,,,,,,,,,,,,,,,,,,,,,,,,,,,,,,,,,,,,,,,,,,,,,,,,,,,,,,,,,,,,,,,,,,,,,,,,,,,,,,,,,,,,,,,,,,,,,,,,,,,,,,,,,,,,,,,,,,,,,,,,,,,,,,,,,,,,,,,,,,,,,,,,,,,,,,,,,,,,,,,,,,,,,,,,,,,,,,,,,,,,,,,,,,,,,,,,,,,,,,,,,,,,,,,,,,,,,,,,,,,,,,,,,,,,,,,,,,,,,,,,,,,,,,,,,,,,,,,,,,,,,,,,,,,,,,,,,,,,,,,,,,,,,,,,,,,,,,,,,,,,,,,,,,,,,,,,,,,,,,,,,,,,,,,,,,,,,,,,,,,,,,,,,,,,,,,,,,,,,,,,,,PEX3,GFAP,LAMP3,AP2B1,HNRNPA1,PTK2,CYP2C1_sigseq,CBX3,MAPRE1,EPB41L4A_Cterm,CEP135,Pxn,AKAP1,CALR3,VASP,PFN1,TJP2,VASP,RAB3B_Nterm,LYN,ARF6,SQSTM1,LMNA,GJD3,CYP2C1_sigseq,Pxn,ACTR3,AGPS,RDX,ACTR1A,FLOT1,LAMTOR1_target_peptide,SQSTM1,PRPH,SEPT9,STX6,SEC61B_Cterm,STIL,BCAP31,PFN1,CYP2C1_sigseq,HIST1H3A,KRT18,PEX3,LRRC59_Nterm,TJP2,GOLGA1,CYP2C1_sigseq,SSR1,HSD3B7,CALR3,PCM1,NUP50,CYP2C9,CLIP1,ATP2A1,DHX8,LAMP3,STX7,PRPF8,TERF2IP,NUP155_Cterm,TRIM36_Nterm,ACTR1A,ASF1A,SERBP1,RAB2A,SFXN1,RAB2A,PFN1,FBL,PEX14,RHOB,ATG12,RPN2,ELOVL5,LYN_target,STX7,TUBA1A,PARD3,SYNE3_Nterm,RPS6,HIST1H2BG,B3GAT1,RPN1,STX4,FLOT1,LMNB1,VAPA,TRIM36_Nterm,RAB35,ATG12,ERGIC2,PHB2,ERGIC1,CXADR,PFN1,FBL,CXADR,METTL7A,SYNE3_Cterm,EMD,ZNF330_target,MAPRE3,MLLT4,CYP2C9,STIM1,CYP2C9,TMPO,AMOT,DERL1,PRPH,GOLGA1,MARCKS,HSD17B11,CBX3,EPB41L4A_Cterm,DHX40,LMNB1,FLOT1
,,,,,,,,,,,,,,,,,,,,,,,,,,,,,,,,,,,,,,,,,,,,,,,,,,,,,,,,,,,,,,,,,,,,,,,,,,,,,,,,,,,,,,,,,,,,,,,,,,,,,,,,,,,,,,,,,,,,,,,,,,,,,,,,,,,,,,,,,,,,,,,,,,,,,,,,,,,,,,,,,,,,,,,,,,,,,,,,,,,,,,,,,,,,,,,,,,,,,,,,,,,,,,,,,,,,,,,,,,,,,,,,,,,,,,,,,,,,,,,,,,,,,,,,,,,,,,,,,,,,,,,,,,,,,,,,,,,,,,,,,,,,,,,,,,,,,,,,,,,,,,,,,,,,,,,,,,,,,,,,,,,,,,,,,,,,,,,,,,,,,,,,,,,,,,,,,,,,,,,,,,,,,,,,,,,,,,,,,,,,,,,,,,,,,,,,,,,,,,,,POLR1E,SEC61B_Nterm,AMOT,FBL,RPL31,COX8A_target,SFXN1,CS,NUP155_Nterm,KRAS_Q61H,AP2B1,LRRC59_Cterm,PDIA4,ERGIC2,SEPT9,HNRNPA1,RAB35,COX4I1,NCBP3,ZNF330_target,PRPH,ASF1A,LNPK_Nterm,LRRC59_Cterm,HIST1H2BG,CLTB,METTL7A,TUBA1A,REEP5,TERF2IP,LNPK_Cterm,ANKFY1,COIL,NUP155_Cterm,PCM1,SSR1,RHOB,RAB2A,ACTB,FLOT1,KRT8,ACBD5,VAPA,NEFM,LYN,STIM1,PEX3,BCAP31,ELOVL5,RHOB,STX6,CYP2C9,SEPT10,GJD3,KRT8,CYP2C1_sigseq,RAB3B_Nterm,AARS2,RPL31,CXADR,MAPRE1,TRAP1,FBL,AIFM1,NEFM,DIRAS3,LMAN1,PXMP2,HSD17B11,DYNC1I2,RAB4A,LYN,GJA1,COX4I1,STIL,NDC80,CTNNB1,SYNE3_Cterm,HSD17B11,NUP155_Nterm,EIF6,ASH2L,RDX,LAMTOR1,CKAP4,CENPA,ANKFY1,ZYX,LRRC59_Nterm,DENND6A,ERGIC2,SSR1,AKAP1,NOP56,ZFPL1,RAB11A,VCL,TERF2IP,PEX3,MLLT4,RPS20,CLIP1,STIM1,NIFK,DERL1,NCBP3,DYNC1I2,ANKFY1,STIM1,ZYX
,,,,,,,,,,,,,,,,,,,,,,,,,,,,,,,,,,,,,,,,,,,,,,,,,,,,,,,,,,,,,,,,,,,,,,,,,,,,,,,,,,,,,,,,,,,,,,,,,,,,,,,,,,,,,,,,,,,,,,,,,,,,,,,,,,,,,,,,,,,,,,,,,,,,,,,,,,,,,,,,,,,,,,,,,,,,,,,,,,,,,,,,,,,,,,,,,,,,,,,,,,,,,,,,,,,,,,,,,,,,,,,,,,,,,,,,,,,,,,,,,,,,,,,,,,,,,,,,,,,,,,,,,,,,,,,,,,,,,,,,,,,,,,,,,,,,,,,,,,,,,,,,,,,,,,,,,,,,,,,,,,,,,,,,,,,,,,,,,,,,,,,,,,,,,,,,,,,,,,,,,,,,,,,,,,,,,,,,,,,,,,,,,,,,,,,,,,,,,,,,,,,,,,,,,,RPN2,RAB2A,LMNB1,RAB4A,PDHA1,ERGIC1,C11orf52,LYN_target,ANKFY1,LNPK_Nterm,LYN,NOP56,KRT8,RPN1,ASF1A,ANK3,AKAP1_target,ACTR2,RAB11A,NIFK,MARCKS,LYN,RAB11A,AKAP1,NOP56,DCTN2,PDHA1,DYNC1I2,TMOD1,PHB2,GFAP,LAMTOR1,COX4I1,LNPK_Cterm,COX8A_target,MARCKS_target,APEX1,TJP1,EPB41L4A_Cterm,VASP,FLOT1,VAPA,LNPK_Cterm,NOP56,ZYX,POLR1E,SYNE3_Nterm,ACBD5,OCLN,FLOT1,RDX,TRIM36_Nterm,KRT19,PARP1,ACTB,NDC80,DERL1,AARS2,GJA1,METTL7A,REEP5,ZFPL1,BCAP31,CTNNB1,STX6,VCL,RPN1,B3GAT1,KRT18,VASP,KRAS_Q61H,RDX,ZFPL1,METTL7A,FLOT1,CYP2C1_sigseq,PDHA1,CLTB,PCM1,LCK,TUBA4A,SQSTM1,NCBP3,ACTR1A,LRRC59_Cterm,LAMP2,ARF6,HIST1H2BG,LMNB1,DENND6A,MLLT4,CAMSAP2,DHX40,NUP155_Cterm,COX4I1,ZNF330_target,RPN1,LMAN1,AARS2,COX4I1
,,,,,,,,,,,,,,,,,,,,,,,,,,,,,,,,,,,,,,,,,,,,,,,,,,,,,,,,,,,,,,,,,,,,,,,,,,,,,,,,,,,,,,,,,,,,,,,,,,,,,,,,,,,,,,,,,,,,,,,,,,,,,,,,,,,,,,,,,,,,,,,,,,,,,,,,,,,,,,,,,,,,,,,,,,,,,,,,,,,,,,,,,,,,,,,,,,,,,,,,,,,,,,,,,,,,,,,,,,,,,,,,,,,,,,,,,,,,,,,,,,,,,,,,,,,,,,,,,,,,,,,,,,,,,,,,,,,,,,,,,,,,,,,,,,,,,,,,,,,,,,,,,,,,,,,,,,,,,,,,,,,,,,,,,,,,,,,,,,,,,,,,,,,,,,,,,,,,,,,,,,,,,,,,,,,,,,,,,,,,,,,,,,,,,,,,,,,,,,,,,,,,,,,,,,,,,,,,,,,,NEFM,SYNE3_Nterm,HNRNPA1,CLTA,RPN1,RAB3B_Nterm,SYNE3_Cterm,SYNE3_Cterm,EIF6,MARCKS,Pxn,NOP56,LAMP2,ELOVL5,SQSTM1,DENND6A,LAMTOR1_target_peptide,Pxn,EPB41L4A_Cterm,NUP50,CAV1,PHB2,TMPO,CLIP1,ANK3,PTK2,TRAP1,LAMP1,RPS24,TUBB,VIM,HNRNPA1,CYP2C9,ACBD5,RPS6,CDK5RAP2,KRT19,PARP1,B3GAT1,PDIA4,LMAN1,RPN2,IMPDH2,KIF2A,TERF2IP,CALR3,NCBP3,SASS6,DHFRL1,LAMTOR1_target_peptide,B3GAT1,ANK3,CBX3,PARD3,RHOB,AKAP1_target,REEP5,DHX8,RPL31,HSD17B11,RAB5C,LNPK_Cterm,LAMTOR1_target_peptide,RAB11A,NIFK,SEPT10,AKAP1_target,CEP135,ASF1A,KRT18,FLOT1,KIF2A,HIST1H2BG,LMNB1,PCM1,LYN_target,COX8A_target,RAB5C,SV40_NLS,PRPF8,LMNB1,LCK,LAMP3,STX6,MARCKS,DIRAS3,ACTR1A,LAMTOR1,NDC80,KRT8
,,,,,,,,,,,,,,,,,,,,,,,,,,,,,,,,,,,,,,,,,,,,,,,,,,,,,,,,,,,,,,,,,,,,,,,,,,,,,,,,,,,,,,,,,,,,,,,,,,,,,,,,,,,,,,,,,,,,,,,,,,,,,,,,,,,,,,,,,,,,,,,,,,,,,,,,,,,,,,,,,,,,,,,,,,,,,,,,,,,,,,,,,,,,,,,,,,,,,,,,,,,,,,,,,,,,,,,,,,,,,,,,,,,,,,,,,,,,,,,,,,,,,,,,,,,,,,,,,,,,,,,,,,,,,,,,,,,,,,,,,,,,,,,,,,,,,,,,,,,,,,,,,,,,,,,,,,,,,,,,,,,,,,,,,,,,,,,,,,,,,,,,,,,,,,,,,,,,,,,,,,,,,,,,,,,,,,,,,,,,,,,,,,,,,,,,,,,,,,,,,,,,,,,,,,,,,,,,,,,,,,,,,,,,,,SEC61B_Nterm,CXADR,NUP155_Nterm,ANAPC2,RAB9A,HNRNPA1,KRAS_Q61H,LRRC59_Cterm,GOLGA2,ANAPC2,KRAS_Q61H,TRAP1,HIST1H3A,Pxn,SSR1,PDHA1,RPS24,LAMP2,C11orf52,CALU,GORASP1,RAB11A,C11orf52,CAV1,ZFPL1,ACTR3,ANAPC2,VIM,GJD3,GOLGA2,LMNB1,ELOVL5,PFN1,DDX23,LCK,LNPK_Cterm,CTNNB1,METTL7A,EBAG9,HIST1H2BG,ZNF330_target,VCL,SEC61B_Nterm,SYNE3_Nterm,RPS24,ANK3,RAB35,ZNF330_target,FBL,UTP4,DIRAS3,VCL,PAFAH1B1,ELOVL5,PDIA4,DERL1,OCLN,LRRC59_Nterm,PDHA1,NEFM,ARF6,CLTB,FLOT1,LRRC59_Nterm,MAPRE1,AIFM1,TERF2IP,EZR,STX6,CDK5RAP2,HIST1H3A,PRPF8,IMPDH2,CTNNA1,KRAS_target,KRAS_Q61H,GJA1,LNPK_Cterm,ACTR2,CAV1
,,,,,,,,,,,,,,,,,,,,,,,,,,,,,,,,,,,,,,,,,,,,,,,,,,,,,,,,,,,,,,,,,,,,,,,,,,,,,,,,,,,,,,,,,,,,,,,,,,,,,,,,,,,,,,,,,,,,,,,,,,,,,,,,,,,,,,,,,,,,,,,,,,,,,,,,,,,,,,,,,,,,,,,,,,,,,,,,,,,,,,,,,,,,,,,,,,,,,,,,,,,,,,,,,,,,,,,,,,,,,,,,,,,,,,,,,,,,,,,,,,,,,,,,,,,,,,,,,,,,,,,,,,,,,,,,,,,,,,,,,,,,,,,,,,,,,,,,,,,,,,,,,,,,,,,,,,,,,,,,,,,,,,,,,,,,,,,,,,,,,,,,,,,,,,,,,,,,,,,,,,,,,,,,,,,,,,,,,,,,,,,,,,,,,,,,,,,,,,,,,,,,,,,,,,,,,,,,,,,,,,,,,,,,,,,,,,,,,,,,RPN1,LYN_target,RAB5A,AKAP1_target,VASP,LNPK_Cterm,PXMP2,KIF2A,NPM1,KIF2A,PEX14,SQSTM1,VASP,LYN_target,DHX8,AP2B1,DHFRL1,SEPT9,KRAS_target,CALU,NOP56,AGPS,CALU,LRRC59_Nterm,LAMTOR1_target_peptide,PARP1,AMOT,CLIP1,RPN2,VAPA,LYN,SEPT10,RHOB,KRT8,PDHA1,LYN,NDC80,VASP,ELOVL5,LAMP1,CYP2C1_sigseq,ANK3,SEPT9,HIST1H2BG,B3GAT1,TJP1,AMOT,ANAPC2,CALU,EBAG9,CD3EAP,LAMP1,SYNE3_Nterm,NDC80,RDX,CALR3,SYNE3_Nterm,KRAS_target,AARS2,CCDC14,PDIA4,REEP5,CLTB,VIM,DHX8,DHFRL1,ANKFY1,PEX14,EBAG9,DHX40
,,,,,,,,,,,,,,,,,,,,,,,,,,,,,,,,,,,,,,,,,,,,,,,,,,,,,,,,,,,,,,,,,,,,,,,,,,,,,,,,,,,,,,,,,,,,,,,,,,,,,,,,,,,,,,,,,,,,,,,,,,,,,,,,,,,,,,,,,,,,,,,,,,,,,,,,,,,,,,,,,,,,,,,,,,,,,,,,,,,,,,,,,,,,,,,,,,,,,,,,,,,,,,,,,,,,,,,,,,,,,,,,,,,,,,,,,,,,,,,,,,,,,,,,,,,,,,,,,,,,,,,,,,,,,,,,,,,,,,,,,,,,,,,,,,,,,,,,,,,,,,,,,,,,,,,,,,,,,,,,,,,,,,,,,,,,,,,,,,,,,,,,,,,,,,,,,,,,,,,,,,,,,,,,,,,,,,,,,,,,,,,,,,,,,,,,,,,,,,,,,,,,,,,,,,,,,,,,,,,,,,,,,,,,,,,,,,,,,,,,,,,,,,,,,,B3GAT1,ERGIC1,PEX3,ACTR2,ERGIC2,ATP2A1,DENND6A,ERGIC2,EIF6,VAPA,CLTA,PEX3,SEC61B_Nterm,DYNC1I2,HIST1H2BG,DDX23,PRPF8,TUBA4A,ACTB,LAMP2,CD3EAP,AP2B1,EMD,REEP5,DENND6A,DCTN1,TUBB,ANK3,CTNNA1,CYP2C9,POLR1E,COX8A_target,RAB2A,CAV1,STX6,ANKFY1,VCL,CLTA,LRRC59_Cterm,PCM1,TERF2IP,DHX8,AARS2,PDHA1,RPS20,SERBP1,ASF1A,PTK2,LAMTOR1,PDHA1,ANK3,RDX,TJP2,HNRNPA1,PCM1,NIFK,ZFPL1,KRAS_target,REEP5,DDX23
,,,,,,,,,,,,,,,,,,,,,,,,,,,,,,,,,,,,,,,,,,,,,,,,,,,,,,,,,,,,,,,,,,,,,,,,,,,,,,,,,,,,,,,,,,,,,,,,,,,,,,,,,,,,,,,,,,,,,,,,,,,,,,,,,,,,,,,,,,,,,,,,,,,,,,,,,,,,,,,,,,,,,,,,,,,,,,,,,,,,,,,,,,,,,,,,,,,,,,,,,,,,,,,,,,,,,,,,,,,,,,,,,,,,,,,,,,,,,,,,,,,,,,,,,,,,,,,,,,,,,,,,,,,,,,,,,,,,,,,,,,,,,,,,,,,,,,,,,,,,,,,,,,,,,,,,,,,,,,,,,,,,,,,,,,,,,,,,,,,,,,,,,,,,,,,,,,,,,,,,,,,,,,,,,,,,,,,,,,,,,,,,,,,,,,,,,,,,,,,,,,,,,,,,,,,,,,,,,,,,,,,,,,,,,,,,,,,,,,,,,,,,,,,,,,,,,,,,,,,,CEP135,TUBA4A,GORASP1,RAB5A,B3GAT1,CLTA,CS,SEC61B_Cterm,MLLT4,COIL,AKAP1_target,STX4,KIF2A,VIM,CXADR,KRT18,RPS6,CD3EAP,SEC61B_Nterm,IMPDH2,CLTB,ARF6,CBX3,LMAN1,VAPA,SV40_NLS,SQSTM1,STX7,COIL,CEP135,RAB5A,RHOB,NIFK,RAB3B_Nterm,GOLGA1,TUBB,DIRAS3,DCTN1,KRT19,PAFAH1B1,SEC61B_Nterm,ATG12,CKAP4,DENND6A,TRIM36_Cterm,ZFPL1,COX8A_target,SEPT10,SEC62,HIST1H2BG
,,,,,,,,,,,,,,,,,,,,,,,,,,,,,,,,,,,,,,,,,,,,,,,,,,,,,,,,,,,,,,,,,,,,,,,,,,,,,,,,,,,,,,,,,,,,,,,,,,,,,,,,,,,,,,,,,,,,,,,,,,,,,,,,,,,,,,,,,,,,,,,,,,,,,,,,,,,,,,,,,,,,,,,,,,,,,,,,,,,,,,,,,,,,,,,,,,,,,,,,,,,,,,,,,,,,,,,,,,,,,,,,,,,,,,,,,,,,,,,,,,,,,,,,,,,,,,,,,,,,,,,,,,,,,,,,,,,,,,,,,,,,,,,,,,,,,,,,,,,,,,,,,,,,,,,,,,,,,,,,,,,,,,,,,,,,,,,,,,,,,,,,,,,,,,,,,,,,,,,,,,,,,,,,,,,,,,,,,,,,,,,,,,,,,,,,,,,,,,,,,,,,,,,,,,,,,,,,,,,,,,,,,,,,,,,,,,,,,,,,,,,,,,,,,,,,,,,,,,,,,,,,,,,,,,UTP4,TMPO,LMNA,RPS6,HIST1H3A,METTL7A,ACTB,TRIM36_Cterm,LNPK_Cterm,SYNE3_Nterm,LAMTOR1_target_peptide,RAB9A,LCK,RPN2,SQSTM1,KIF2A,CEP135,SEC61B_Nterm,BORCS6,ANK3,HIST1H3A,TERF2IP,LMAN1,LAMP3,EMD,TRAP1,UTP4,APEX1,VIM,CTNNB1,LAMP3,CXADR,ELOVL5,PARD3,NDC80,DYNC1I2,SYNE3_Cterm,VCL,KRT18,ATG12
,,,,,,,,,,,,,,,,,,,,,,,,,,,,,,,,,,,,,,,,,,,,,,,,,,,,,,,,,,,,,,,,,,,,,,,,,,,,,,,,,,,,,,,,,,,,,,,,,,,,,,,,,,,,,,,,,,,,,,,,,,,,,,,,,,,,,,,,,,,,,,,,,,,,,,,,,,,,,,,,,,,,,,,,,,,,,,,,,,,,,,,,,,,,,,,,,,,,,,,,,,,,,,,,,,,,,,,,,,,,,,,,,,,,,,,,,,,,,,,,,,,,,,,,,,,,,,,,,,,,,,,,,,,,,,,,,,,,,,,,,,,,,,,,,,,,,,,,,,,,,,,,,,,,,,,,,,,,,,,,,,,,,,,,,,,,,,,,,,,,,,,,,,,,,,,,,,,,,,,,,,,,,,,,,,,,,,,,,,,,,,,,,,,,,,,,,,,,,,,,,,,,,,,,,,,,,,,,,,,,,,,,,,,,,,,,,,,,,,,,,,,,,,,,,,,,,,,,,,,,,,,,,,,,,,,,,,,,,,,,HNRNPA1,ACTR3,STX7,CENPA,PFN1,LMNA,LATS1,ZNF330_target,NUP155_Cterm,GOLGA1,FBL,RAB35,TJP2,ACTB,ACTR2,LMAN1,NCBP3,PRPF8,ASH2L,LAMTOR1_target_peptide,DDX23,GOLGA1,AIFM1,RPS24,PEX3,MARCKS,EMD,NPM1,RPN1,TERF2IP
,,,,,,,,,,,,,,,,,,,,,,,,,,,,,,,,,,,,,,,,,,,,,,,,,,,,,,,,,,,,,,,,,,,,,,,,,,,,,,,,,,,,,,,,,,,,,,,,,,,,,,,,,,,,,,,,,,,,,,,,,,,,,,,,,,,,,,,,,,,,,,,,,,,,,,,,,,,,,,,,,,,,,,,,,,,,,,,,,,,,,,,,,,,,,,,,,,,,,,,,,,,,,,,,,,,,,,,,,,,,,,,,,,,,,,,,,,,,,,,,,,,,,,,,,,,,,,,,,,,,,,,,,,,,,,,,,,,,,,,,,,,,,,,,,,,,,,,,,,,,,,,,,,,,,,,,,,,,,,,,,,,,,,,,,,,,,,,,,,,,,,,,,,,,,,,,,,,,,,,,,,,,,,,,,,,,,,,,,,,,,,,,,,,,,,,,,,,,,,,,,,,,,,,,,,,,,,,,,,,,,,,,,,,,,,,,,,,,,,,,,,,,,,,,,,,,,,,,,,,,,,,,,,,,,,,,,,,,,,,,,,,,,,,,,,RHOB,CAMSAP2,AKAP1_target,STX4,ACBD5,VIM,B3GAT1,BORCS6,MAPRE3,CALR3,OCLN,RHOB,CALU,DYNC1I2,ACTB,PAFAH1B1,ASF1A,GOLGA2,EZR,CEP135
,,,,,,,,,,,,,,,,,,,,,,,,,,,,,,,,,,,,,,,,,,,,,,,,,,,,,,,,,,,,,,,,,,,,,,,,,,,,,,,,,,,,,,,,,,,,,,,,,,,,,,,,,,,,,,,,,,,,,,,,,,,,,,,,,,,,,,,,,,,,,,,,,,,,,,,,,,,,,,,,,,,,,,,,,,,,,,,,,,,,,,,,,,,,,,,,,,,,,,,,,,,,,,,,,,,,,,,,,,,,,,,,,,,,,,,,,,,,,,,,,,,,,,,,,,,,,,,,,,,,,,,,,,,,,,,,,,,,,,,,,,,,,,,,,,,,,,,,,,,,,,,,,,,,,,,,,,,,,,,,,,,,,,,,,,,,,,,,,,,,,,,,,,,,,,,,,,,,,,,,,,,,,,,,,,,,,,,,,,,,,,,,,,,,,,,,,,,,,,,,,,,,,,,,,,,,,,,,,,,,,,,,,,,,,,,,,,,,,,,,,,,,,,,,,,,,,,,,,,,,,,,,,,,,,,,,,,,,,,,,,,,,,,,,,,,,,,,,,,,,BCAP31,TUBA4A,NEFM,CBX3,CALU,ASF1A,EIF6,COX4I1,PFN1,PHB2
