110.0,95.0,146.0,27.0,158.0,129.0,89.0,54.0,24.0,106.0,172.0,176.0,23.0,144.0,174.0,162.0,86.0,83.0,156.0,154.0,8.0,47.0,127.0,83.0,94.0,109.0,37.0,44.0,164.0,80.0,191.0,191.0,5.0,189.0,28.0,177.0,105.0,171.0,93.0,111.0,132.0,164.0,37.0,165.0,114.0,113.0,61.0,22.0,57.0,33.0,65.0,73.0,81.0,18.0,22.0,37.0,48.0,113.0,185.0,164.0,96.0,175.0,87.0,72.0,77.0,85.0,165.0,136.0,12.0,120.0,109.0,7.0,91.0,162.0,145.0,29.0,106.0,123.0,39.0,179.0,143.0,69.0,55.0,182.0,170.0,183.0,138.0,155.0,172.0,11.0,22.0,65.0,31.0,124.0,72.0,165.0,116.0,4.0,107.0,119.0,120.0,39.0,28.0,133.0,4.0,164.0,130.0,124.0,169.0,154.0,85.0,105.0,141.0,117.0,28.0,49.0,133.0,177.0,25.0,8.0,166.0,10.0,17.0,102.0,61.0,61.0,148.0,13.0,20.0,121.0,34.0,152.0,124.0,81.0,104.0,179.0,186.0,140.0,43.0,108.0,30.0,60.0,127.0,101.0,68.0,172.0,13.0,72.0,46.0,126.0,128.0,58.0,87.0,140.0,138.0,63.0,191.0,8.0,171.0,175.0,136.0,63.0,132.0,25.0,133.0,183.0,187.0,150.0,149.0,188.0,183.0,91.0,134.0,8.0,153.0,106.0,180.0,11.0,100.0,73.0,5.0,83.0,159.0,32.0,50.0,61.0,186.0,101.0,137.0,49.0,184.0,110.0,28.0,140.0,42.0,45.0,106.0,160.0,146.0,65.0,85.0,35.0,75.0,16.0,174.0,58.0,44.0,128.0,165.0,74.0,103.0,136.0,69.0,57.0,105.0,67.0,26.0,39.0,104.0,77.0,12.0,99.0,163.0,130.0,152.0,9.0,92.0,147.0,18.0,105.0,0.0,170.0,120.0,69.0,13.0,15.0,159.0,148.0,150.0,133.0,81.0,12.0,78.0,88.0,160.0,123.0,80.0,113.0,166.0,108.0,191.0,128.0,181.0,51.0,124.0,3.0,184.0,91.0,108.0,119.0,159.0,114.0,132.0,86.0,90.0,64.0,41.0,19.0,177.0,158.0,117.0,125.0,112.0,123.0,176.0,151.0,171.0,86.0,60.0,129.0,156.0,35.0,182.0,87.0,11.0,76.0,40.0,54.0,60.0,118.0,168.0,58.0,140.0,138.0,116.0,14.0,125.0,159.0,181.0,59.0,101.0,109.0,153.0,137.0,19.0,184.0,159.0,122.0,65.0,150.0,162.0,152.0,24.0,0.0,94.0,16.0,170.0,73.0,1.0,187.0,87.0,17.0,74.0,138.0,29.0,0.0,68.0,100.0,5.0,157.0,17.0,99.0,61.0,32.0,86.0,135.0,155.0,2.0,122.0,34.0,68.0,38.0,122.0,87.0,57.0,88.0,91.0,1.0,185.0,97.0,125.0,10.0,160.0,96.0,55.0,6.0,109.0,0.0,167.0,150.0,33.0,85.0,166.0,37.0,147.0,85.0,59.0,52.0,134.0,104.0,156.0,134.0,151.0,112.0,151.0,144.0,91.0,63.0,143.0,171.0,133.0,71.0,93.0,186.0,28.0,167.0,101.0,36.0,22.0,11.0,170.0,114.0,11.0,39.0,72.0,76.0,21.0,20.0,153.0,32.0,160.0,189.0,27.0,125.0,81.0,111.0,3.0,161.0,6.0,124.0,91.0,128.0,144.0,166.0,37.0,85.0,115.0,24.0,82.0,148.0,42.0,6.0,114.0,30.0,70.0,162.0,137.0,107.0,98.0,7.0,62.0,65.0,24.0,186.0,176.0,52.0,154.0,42.0,174.0,9.0,22.0,0.0,77.0,44.0,158.0,37.0,103.0,50.0,19.0,168.0,147.0,85.0,25.0,72.0,88.0,149.0,60.0,62.0,131.0,62.0,190.0,188.0,112.0,157.0,146.0,48.0,114.0,162.0,158.0,178.0,93.0,108.0,109.0,76.0,144.0,32.0,46.0,120.0,115.0,40.0,99.0,180.0,14.0,26.0,54.0,114.0,143.0,85.0,24.0,109.0,130.0,76.0,44.0,148.0,186.0,8.0,87.0,160.0,140.0,59.0,184.0,47.0,180.0,120.0,67.0,191.0,184.0,47.0,134.0,70.0
140.0,97.0,5.0,55.0,82.0,106.0,187.0,69.0,48.0,180.0,30.0,150.0,80.0,135.0,25.0,178.0,180.0,87.0,36.0,2.0,171.0,89.0,104.0,169.0,46.0,22.0,99.0,98.0,39.0,128.0,179.0,119.0,95.0,166.0,105.0,55.0,96.0,11.0,70.0,95.0,34.0,177.0,124.0,163.0,190.0,83.0,80.0,88.0,13.0,49.0,57.0,134.0,126.0,102.0,98.0,22.0,24.0,106.0,16.0,189.0,74.0,115.0,134.0,147.0,118.0,139.0,142.0,113.0,99.0,171.0,183.0,62.0,169.0,93.0,172.0,131.0,36.0,145.0,170.0,93.0,70.0,11.0,109.0,159.0,184.0,180.0,43.0,21.0,47.0,95.0,172.0,37.0,27.0,170.0,80.0,12.0,85.0,136.0,36.0,54.0,49.0,173.0,23.0,153.0,127.0,157.0,25.0,113.0,162.0,165.0,169.0,69.0,58.0,95.0,20.0,78.0,10.0,57.0,154.0,157.0,31.0,170.0,49.0,84.0,136.0,76.0,5.0,121.0,180.0,42.0,0.0,182.0,46.0,144.0,90.0,45.0,98.0,72.0,169.0,142.0,110.0,53.0,107.0,82.0,92.0,93.0,56.0,68.0,129.0,119.0,134.0,14.0,165.0,90.0,75.0,36.0,97.0,101.0,4.0,131.0,14.0,9.0,100.0,80.0,124.0,146.0,84.0,42.0,82.0,148.0,72.0,44.0,111.0,174.0,76.0,129.0,92.0,165.0,48.0,140.0,160.0,125.0,115.0,36.0,184.0,108.0,95.0,170.0,109.0,22.0,108.0,169.0,121.0,191.0,157.0,168.0,45.0,176.0,91.0,32.0,186.0,155.0,63.0,136.0,10.0,107.0,87.0,161.0,62.0,160.0,78.0,118.0,107.0,7.0,166.0,77.0,121.0,35.0,57.0,171.0,102.0,71.0,28.0,19.0,177.0,88.0,23.0,176.0,70.0,48.0,3.0,141.0,41.0,118.0,36.0,76.0,29.0,37.0,190.0,40.0,188.0,165.0,22.0,32.0,148.0,75.0,152.0,102.0,162.0,16.0,125.0,83.0,22.0,108.0,62.0,128.0,150.0,38.0,9.0,176.0,151.0,48.0,23.0,39.0,131.0,171.0,73.0,150.0,44.0,18.0,98.0,111.0,54.0,20.0,44.0,169.0,36.0,145.0,178.0,165.0,117.0,11.0,104.0,16.0,187.0,177.0,128.0,36.0,160.0,33.0,35.0,63.0,94.0,11.0,188.0,75.0,52.0,126.0,155.0,171.0,24.0,54.0,179.0,105.0,21.0,39.0,25.0,161.0,127.0,22.0,170.0,182.0,184.0,181.0,75.0,183.0,59.0,66.0,162.0,151.0,180.0,100.0,33.0,12.0,22.0,160.0,60.0,21.0,165.0,49.0,100.0,132.0,73.0,107.0,169.0,144.0,52.0,13.0,187.0,24.0,63.0,77.0,162.0,147.0,20.0,76.0,112.0,177.0,147.0,88.0,145.0,40.0,41.0,13.0,159.0,67.0,147.0,83.0,141.0,115.0,64.0,159.0,180.0,58.0,59.0,131.0,76.0,8.0,71.0,35.0,60.0,168.0,68.0,91.0,26.0,158.0,36.0,120.0,180.0,168.0,156.0,152.0,140.0,60.0,55.0,175.0,122.0,30.0,114.0,60.0,1.0,4.0,97.0,103.0,54.0,184.0,129.0,183.0,76.0,161.0,61.0,142.0,148.0,155.0,112.0,32.0,75.0,151.0,2.0,159.0,22.0,22.0,110.0,187.0,133.0,127.0,53.0,71.0,16.0,185.0,118.0,83.0,176.0,171.0,39.0,85.0,166.0,149.0,163.0,94.0,86.0,39.0,27.0,168.0,115.0,127.0,121.0,12.0,170.0,187.0,122.0,118.0,130.0,51.0,24.0,99.0,51.0,70.0,108.0,1.0,48.0,57.0,104.0,135.0,142.0,175.0,148.0,190.0,8.0,164.0,81.0,103.0,37.0,123.0,170.0,86.0,61.0,34.0,34.0,182.0,180.0,135.0,91.0,14.0,43.0,63.0,132.0,48.0,53.0,34.0,105.0,191.0,151.0,182.0,157.0,21.0,148.0,120.0,113.0,172.0,180.0,95.0,155.0,166.0,53.0,191.0,53.0,44.0,190.0,191.0,133.0,124.0,23.0,134.0,21.0,54.0,134.0,3.0,9.0,6.0
58.0,64.0,124.0,146.0,55.0,126.0,19.0,68.0,80.0,83.0,60.0,42.0,142.0,22.0,122.0,135.0,55.0,39.0,65.0,35.0,145.0,7.0,74.0,45.0,86.0,170.0,116.0,59.0,131.0,109.0,128.0,101.0,105.0,41.0,31.0,151.0,6.0,87.0,19.0,61.0,160.0,9.0,38.0,36.0,83.0,168.0,91.0,178.0,166.0,2.0,111.0,22.0,155.0,58.0,135.0,51.0,52.0,22.0,119.0,122.0,178.0,95.0,148.0,136.0,16.0,191.0,64.0,29.0,70.0,21.0,144.0,78.0,66.0,98.0,162.0,93.0,190.0,0.0,40.0,160.0,1.0,13.0,80.0,150.0,165.0,84.0,54.0,138.0,150.0,110.0,0.0,34.0,127.0,81.0,149.0,39.0,55.0,115.0,69.0,170.0,131.0,44.0,92.0,22.0,171.0,0.0,10.0,87.0,101.0,96.0,82.0,78.0,86.0,81.0,57.0,177.0,140.0,121.0,6.0,44.0,38.0,83.0,126.0,98.0,184.0,177.0,93.0,141.0,185.0,81.0,113.0,167.0,35.0,45.0,45.0,92.0,57.0,71.0,123.0,90.0,189.0,151.0,169.0,88.0,40.0,170.0,188.0,94.0,107.0,41.0,144.0,96.0,7.0,186.0,109.0,67.0,17.0,175.0,160.0,169.0,56.0,116.0,168.0,138.0,75.0,22.0,80.0,28.0,159.0,179.0,3.0,100.0,0.0,181.0,113.0,114.0,122.0,159.0,124.0,46.0,52.0,7.0,157.0,172.0,90.0,154.0,33.0,74.0,143.0,160.0,98.0,44.0,147.0,188.0,56.0,96.0,60.0,145.0,61.0,23.0,62.0,160.0,21.0,45.0,48.0,11.0,94.0,14.0,109.0,71.0,70.0,82.0,33.0,177.0,79.0,141.0,90.0,77.0,6.0,73.0,124.0,177.0,61.0,55.0,69.0,147.0,68.0,56.0,177.0,178.0,38.0,53.0,133.0,115.0,38.0,148.0,105.0,115.0,127.0,47.0,129.0,73.0,50.0,99.0,103.0,62.0,77.0,124.0,64.0,41.0,137.0,131.0,142.0,180.0,94.0,20.0,98.0,110.0,67.0,86.0,5.0,177.0,0.0,137.0,29.0,104.0,91.0,189.0,167.0,40.0,34.0,98.0,61.0,139.0,120.0,165.0,134.0,101.0,119.0,32.0,41.0,74.0,183.0,23.0,41.0,66.0,95.0,88.0,48.0,28.0,46.0,101.0,36.0,12.0,73.0,19.0,47.0,109.0,65.0,122.0,191.0,132.0,58.0,20.0,82.0,70.0,179.0,70.0,172.0,40.0,30.0,188.0,180.0,173.0,172.0,41.0,58.0,135.0,144.0,53.0,86.0,164.0,54.0,97.0,67.0,69.0,163.0,85.0,158.0,158.0,19.0,67.0,69.0,133.0,6.0,46.0,136.0,117.0,33.0,0.0,101.0,75.0,13.0,70.0,34.0,9.0,158.0,122.0,108.0,42.0,106.0,115.0,86.0,19.0,27.0,164.0,176.0,124.0,140.0,167.0,104.0,163.0,135.0,169.0,102.0,120.0,187.0,92.0,37.0,6.0,56.0,2.0,97.0,148.0,144.0,55.0,50.0,2.0,157.0,91.0,7.0,54.0,181.0,149.0,42.0,133.0,188.0,74.0,176.0,125.0,176.0,118.0,150.0,31.0,188.0,141.0,97.0,153.0,44.0,18.0,55.0,160.0,105.0,103.0,5.0,104.0,82.0,101.0,156.0,114.0,182.0,93.0,71.0,72.0,74.0,31.0,20.0,46.0,126.0,141.0,16.0,70.0,99.0,160.0,96.0,109.0,65.0,28.0,95.0,176.0,52.0,150.0,103.0,59.0,175.0,147.0,69.0,141.0,151.0,136.0,77.0,32.0,134.0,79.0,51.0,151.0,27.0,182.0,117.0,184.0,85.0,56.0,0.0,68.0,120.0,179.0,70.0,130.0,1.0,136.0,106.0,116.0,110.0,185.0,22.0,32.0,85.0,60.0,179.0,188.0,154.0,122.0,189.0,66.0,83.0,152.0,115.0,127.0,126.0,103.0,176.0,108.0,71.0,83.0,142.0,36.0,49.0,31.0,36.0,32.0,84.0,4.0,18.0,65.0,135.0,24.0,24.0,104.0,165.0,132.0,181.0,113.0,157.0,101.0,61.0,40.0,39.0,166.0,69.0,118.0
32.0,33.0,62.0,12.0,176.0,0.0,164.0,98.0,33.0,53.0,44.0,55.0,187.0,44.0,173.0,142.0,91.0,160.0,129.0,3.0,59.0,74.0,10.0,176.0,137.0,161.0,34.0,75.0,25.0,33.0,132.0,97.0,69.0,71.0,8.0,123.0,32.0,74.0,8.0,112.0,24.0,64.0,56.0,11.0,21.0,73.0,126.0,186.0,137.0,131.0,23.0,118.0,84.0,30.0,13.0,184.0,62.0,87.0,4.0,61.0,98.0,70.0,72.0,20.0,79.0,144.0,111.0,94.0,150.0,3.0,20.0,54.0,50.0,62.0,88.0,63.0,60.0,161.0,175.0,132.0,11.0,82.0,120.0,80.0,66.0,130.0,32.0,135.0,128.0,168.0,106.0,89.0,20.0,116.0,45.0,40.0,104.0,14.0,102.0,141.0,83.0,164.0,172.0,181.0,96.0,3.0,115.0,77.0,191.0,81.0,134.0,187.0,98.0,115.0,176.0,57.0,41.0,22.0,178.0,9.0,112.0,178.0,6.0,168.0,76.0,137.0,175.0,9.0,176.0,4.0,190.0,117.0,66.0,123.0,151.0,7.0,9.0,166.0,6.0,117.0,67.0,25.0,182.0,62.0,188.0,70.0,170.0,27.0,149.0,25.0,37.0,76.0,159.0,12.0,88.0,183.0,10.0,48.0,55.0,94.0,46.0,65.0,101.0,162.0,6.0,4.0,12.0,181.0,134.0,80.0,37.0,84.0,56.0,122.0,127.0,65.0,15.0,29.0,50.0,82.0,70.0,175.0,25.0,52.0,92.0,130.0,155.0,186.0,23.0,112.0,148.0,99.0,106.0,114.0,175.0,77.0,191.0,102.0,4.0,146.0,74.0,77.0,95.0,50.0,181.0,22.0,86.0,188.0,100.0,124.0,52.0,90.0,92.0,74.0,141.0,14.0,115.0,131.0,176.0,174.0,135.0,111.0,126.0,134.0,112.0,103.0,19.0,144.0,12.0,98.0,105.0,77.0,28.0,86.0,82.0,173.0,26.0,135.0,27.0,154.0,121.0,79.0,10.0,46.0,28.0,116.0,146.0,42.0,111.0,188.0,169.0,33.0,147.0,33.0,126.0,178.0,82.0,50.0,61.0,18.0,73.0,179.0,175.0,10.0,67.0,47.0,184.0,59.0,20.0,36.0,142.0,32.0,105.0,76.0,24.0,35.0,131.0,90.0,67.0,66.0,28.0,119.0,64.0,47.0,50.0,190.0,170.0,131.0,107.0,78.0,105.0,56.0,143.0,94.0,43.0,188.0,44.0,5.0,14.0,45.0,114.0,123.0,151.0,81.0,80.0,183.0,135.0,147.0,7.0,110.0,74.0,69.0,115.0,4.0,96.0,110.0,180.0,40.0,40.0,8.0,182.0,37.0,146.0,69.0,44.0,49.0,131.0,104.0,95.0,76.0,94.0,48.0,28.0,162.0,4.0,75.0,146.0,102.0,190.0,12.0,30.0,190.0,42.0,175.0,105.0,74.0,33.0,112.0,40.0,78.0,122.0,146.0,74.0,125.0,180.0,3.0,187.0,61.0,109.0,83.0,98.0,52.0,51.0,124.0,135.0,186.0,23.0,51.0,121.0,43.0,67.0,132.0,59.0,15.0,20.0,116.0,72.0,11.0,22.0,125.0,14.0,120.0,163.0,120.0,117.0,151.0,52.0,19.0,86.0,88.0,177.0,65.0,43.0,82.0,91.0,122.0,158.0,101.0,74.0,110.0,84.0,23.0,1.0,76.0,102.0,73.0,89.0,126.0,102.0,4.0,128.0,103.0,152.0,74.0,87.0,61.0,49.0,9.0,21.0,104.0,119.0,114.0,137.0,190.0,158.0,66.0,162.0,105.0,153.0,69.0,79.0,47.0,162.0,135.0,10.0,153.0,18.0,160.0,117.0,14.0,78.0,126.0,74.0,162.0,137.0,23.0,72.0,110.0,186.0,166.0,157.0,6.0,57.0,139.0,114.0,125.0,166.0,184.0,184.0,47.0,102.0,79.0,67.0,136.0,39.0,149.0,54.0,15.0,17.0,143.0,75.0,143.0,118.0,137.0,167.0,129.0,97.0,141.0,144.0,24.0,122.0,91.0,153.0,156.0,30.0,31.0,116.0,6.0,52.0,76.0,151.0,171.0,59.0,185.0,78.0,21.0,150.0,180.0,2.0,143.0,153.0,13.0,125.0,163.0,57.0,95.0,63.0,152.0,172.0,123.0
169.0,86.0,151.0,70.0,72.0,141.0,77.0,180.0,139.0,120.0,24.0,121.0,27.0,16.0,121.0,49.0,159.0,2.0,186.0,117.0,146.0,188.0,160.0,143.0,129.0,69.0,91.0,40.0,144.0,147.0,152.0,161.0,155.0,190.0,90.0,100.0,21.0,6.0,92.0,0.0,32.0,46.0,21.0,154.0,175.0,123.0,40.0,131.0,94.0,147.0,83.0,185.0,3.0,96.0,93.0,188.0,27.0,24.0,133.0,152.0,99.0,152.0,11.0,123.0,190.0,87.0,23.0,139.0,135.0,25.0,62.0,12.0,150.0,32.0,141.0,61.0,46.0,86.0,145.0,170.0,190.0,170.0,174.0,83.0,91.0,110.0,1.0,170.0,54.0,12.0,20.0,157.0,182.0,43.0,63.0,113.0,118.0,159.0,130.0,157.0,78.0,86.0,25.0,186.0,74.0,25.0,69.0,4.0,62.0,43.0,140.0,184.0,143.0,35.0,186.0,37.0,74.0,144.0,122.0,74.0,86.0,100.0,61.0,136.0,142.0,170.0,109.0,81.0,123.0,115.0,50.0,3.0,22.0,143.0,182.0,182.0,131.0,182.0,22.0,80.0,87.0,68.0,168.0,19.0,160.0,188.0,84.0,189.0,152.0,188.0,44.0,4.0,156.0,44.0,48.0,181.0,175.0,67.0,172.0,105.0,134.0,111.0,188.0,171.0,122.0,78.0,27.0,123.0,44.0,17.0,167.0,108.0,153.0,124.0,38.0,91.0,19.0,82.0,180.0,22.0,185.0,88.0,111.0,173.0,173.0,91.0,130.0,142.0,108.0,21.0,132.0,166.0,179.0,54.0,128.0,94.0,62.0,60.0,75.0,86.0,171.0,107.0,173.0,117.0,145.0,185.0,70.0,92.0,42.0,57.0,162.0,11.0,111.0,140.0,18.0,151.0,27.0,117.0,53.0,37.0,186.0,173.0,23.0,132.0,116.0,47.0,73.0,50.0,4.0,122.0,131.0,8.0,121.0,110.0,151.0,114.0,92.0,99.0,73.0,120.0,169.0,66.0,179.0,106.0,131.0,39.0,102.0,81.0,15.0,186.0,89.0,190.0,45.0,79.0,183.0,185.0,104.0,16.0,191.0,181.0,136.0,131.0,61.0,55.0,94.0,37.0,120.0,44.0,1.0,64.0,74.0,164.0,146.0,26.0,182.0,159.0,50.0,57.0,114.0,47.0,137.0,109.0,15.0,22.0,181.0,73.0,77.0,17.0,72.0,177.0,151.0,51.0,169.0,156.0,93.0,134.0,131.0,108.0,180.0,132.0,69.0,149.0,100.0,104.0,190.0,108.0,66.0,14.0,63.0,148.0,172.0,181.0,106.0,160.0,117.0,170.0,187.0,81.0,75.0,150.0,142.0,74.0,177.0,149.0,139.0,55.0,20.0,59.0,159.0,93.0,152.0,82.0,109.0,108.0,37.0,68.0,26.0,137.0,15.0,15.0,115.0,4.0,187.0,65.0,167.0,107.0,96.0,12.0,167.0,158.0,53.0,186.0,42.0,183.0,87.0,30.0,152.0,118.0,166.0,60.0,61.0,136.0,137.0,146.0,152.0,174.0,45.0,120.0,110.0,20.0,3.0,166.0,140.0,95.0,50.0,181.0,65.0,44.0,99.0,22.0,93.0,4.0,146.0,38.0,130.0,85.0,126.0,78.0,113.0,127.0,117.0,161.0,169.0,110.0,18.0,39.0,58.0,187.0,97.0,29.0,137.0,129.0,151.0,135.0,190.0,175.0,24.0,54.0,51.0,24.0,145.0,66.0,169.0,42.0,12.0,112.0,52.0,65.0,6.0,96.0,121.0,3.0,82.0,86.0,63.0,58.0,179.0,161.0,92.0,50.0,4.0,126.0,97.0,18.0,77.0,187.0,103.0,119.0,140.0,121.0,147.0,113.0,190.0,57.0,70.0,173.0,5.0,95.0,12.0,163.0,10.0,186.0,59.0,133.0,186.0,84.0,46.0,191.0,35.0,130.0,172.0,22.0,42.0,120.0,15.0,89.0,110.0,48.0,89.0,139.0,14.0,10.0,111.0,143.0,22.0,108.0,163.0,181.0,135.0,42.0,147.0,37.0,38.0,136.0,132.0,4.0,0.0,58.0,127.0,40.0,179.0,69.0,2.0,88.0,69.0,184.0,163.0,123.0,103.0,180.0,97.0,153.0,70.0,39.0,44.0,107.0,80.0,121.0,136.0,82.0
166.0,47.0,119.0,28.0,5.0,65.0,129.0,130.0,108.0,47.0,123.0,171.0,171.0,132.0,188.0,177.0,166.0,108.0,0.0,110.0,7.0,35.0,136.0,38.0,3.0,36.0,160.0,7.0,106.0,186.0,25.0,35.0,130.0,73.0,55.0,120.0,94.0,37.0,24.0,42.0,55.0,63.0,156.0,173.0,7.0,173.0,162.0,169.0,104.0,114.0,78.0,131.0,41.0,117.0,119.0,68.0,93.0,51.0,164.0,12.0,59.0,183.0,150.0,106.0,52.0,134.0,80.0,121.0,188.0,133.0,151.0,72.0,6.0,109.0,5.0,80.0,2.0,129.0,184.0,143.0,123.0,41.0,98.0,184.0,133.0,6.0,169.0,66.0,112.0,22.0,93.0,177.0,72.0,54.0,44.0,76.0,114.0,152.0,124.0,59.0,91.0,46.0,152.0,108.0,94.0,147.0,18.0,150.0,177.0,142.0,124.0,171.0,177.0,82.0,31.0,108.0,24.0,77.0,105.0,183.0,6.0,104.0,76.0,47.0,62.0,112.0,180.0,19.0,30.0,49.0,16.0,180.0,120.0,44.0,153.0,169.0,77.0,32.0,148.0,70.0,159.0,50.0,109.0,75.0,48.0,157.0,40.0,57.0,57.0,64.0,167.0,132.0,57.0,133.0,147.0,155.0,15.0,77.0,7.0,55.0,103.0,17.0,3.0,29.0,79.0,126.0,129.0,56.0,33.0,20.0,143.0,186.0,45.0,176.0,181.0,152.0,125.0,150.0,59.0,181.0,177.0,139.0,126.0,49.0,95.0,19.0,113.0,104.0,73.0,3.0,181.0,183.0,87.0,43.0,1.0,151.0,83.0,18.0,124.0,25.0,58.0,95.0,81.0,42.0,30.0,180.0,85.0,109.0,67.0,126.0,48.0,158.0,99.0,111.0,101.0,135.0,53.0,76.0,160.0,67.0,78.0,138.0,185.0,120.0,127.0,40.0,2.0,42.0,140.0,177.0,139.0,38.0,21.0,181.0,171.0,25.0,123.0,35.0,115.0,140.0,111.0,4.0,38.0,53.0,19.0,96.0,28.0,104.0,110.0,5.0,108.0,144.0,162.0,21.0,6.0,141.0,131.0,165.0,54.0,17.0,95.0,71.0,166.0,67.0,116.0,111.0,101.0,63.0,22.0,33.0,16.0,17.0,116.0,181.0,127.0,118.0,37.0,73.0,57.0,180.0,145.0,42.0,147.0,124.0,91.0,85.0,135.0,128.0,33.0,130.0,163.0,159.0,106.0,163.0,122.0,139.0,20.0,145.0,91.0,56.0,96.0,190.0,154.0,184.0,56.0,52.0,121.0,164.0,164.0,94.0,79.0,155.0,65.0,157.0,156.0,156.0,98.0,9.0,182.0,94.0,36.0,79.0,106.0,92.0,66.0,105.0,25.0,140.0,35.0,21.0,121.0,85.0,97.0,60.0,114.0,168.0,120.0,89.0,125.0,179.0,75.0,8.0,7.0,165.0,48.0,125.0,83.0,68.0,104.0,139.0,110.0,114.0,151.0,17.0,44.0,50.0,3.0,114.0,20.0,178.0,107.0,73.0,89.0,173.0,170.0,94.0,99.0,119.0,133.0,49.0,29.0,13.0,142.0,156.0,167.0,143.0,18.0,16.0,122.0,32.0,145.0,20.0,74.0,22.0,79.0,70.0,54.0,138.0,130.0,121.0,131.0,9.0,91.0,75.0,42.0,132.0,60.0,83.0,85.0,71.0,174.0,44.0,104.0,169.0,55.0,76.0,190.0,36.0,64.0,97.0,75.0,87.0,149.0,86.0,178.0,26.0,56.0,181.0,98.0,135.0,35.0,74.0,94.0,61.0,102.0,78.0,176.0,57.0,182.0,56.0,41.0,168.0,7.0,84.0,88.0,133.0,118.0,37.0,51.0,90.0,8.0,81.0,17.0,35.0,34.0,184.0,145.0,134.0,118.0,176.0,59.0,35.0,29.0,185.0,116.0,188.0,5.0,146.0,179.0,58.0,9.0,164.0,10.0,48.0,190.0,39.0,45.0,93.0,43.0,166.0,125.0,147.0,79.0,153.0,163.0,130.0,99.0,114.0,78.0,185.0,72.0,123.0,191.0,189.0,191.0,187.0,76.0,151.0,51.0,155.0,112.0,40.0,164.0,176.0,82.0,63.0,74.0,164.0,164.0,98.0,14.0,92.0,96.0,40.0,95.0,174.0,123.0,141.0,111.0,111.0
0.0,37.0,31.0,141.0,89.0,113.0,14.0,92.0,163.0,55.0,20.0,0.0,122.0,33.0,148.0,64.0,76.0,103.0,35.0,96.0,116.0,16.0,78.0,183.0,32.0,147.0,70.0,66.0,27.0,111.0,119.0,21.0,14.0,12.0,25.0,137.0,154.0,119.0,112.0,158.0,184.0,124.0,5.0,115.0,78.0,61.0,141.0,59.0,93.0,62.0,184.0,74.0,57.0,42.0,105.0,145.0,175.0,47.0,80.0,92.0,72.0,19.0,178.0,170.0,152.0,132.0,82.0,122.0,25.0,164.0,48.0,154.0,94.0,114.0,94.0,163.0,83.0,155.0,50.0,107.0,56.0,68.0,191.0,89.0,186.0,19.0,105.0,22.0,163.0,59.0,142.0,172.0,120.0,187.0,21.0,83.0,107.0,165.0,26.0,155.0,0.0,55.0,26.0,90.0,177.0,145.0,91.0,156.0,140.0,8.0,69.0,30.0,155.0,92.0,150.0,75.0,96.0,109.0,17.0,100.0,117.0,146.0,9.0,35.0,37.0,83.0,101.0,99.0,127.0,40.0,175.0,120.0,182.0,161.0,68.0,83.0,165.0,149.0,122.0,44.0,24.0,107.0,112.0,188.0,163.0,47.0,110.0,2.0,9.0,97.0,172.0,65.0,79.0,38.0,128.0,87.0,121.0,38.0,49.0,79.0,108.0,99.0,86.0,49.0,116.0,89.0,143.0,144.0,122.0,124.0,101.0,150.0,35.0,55.0,77.0,5.0,107.0,104.0,6.0,123.0,116.0,67.0,61.0,20.0,107.0,23.0,66.0,71.0,148.0,142.0,23.0,49.0,123.0,78.0,149.0,184.0,38.0,78.0,50.0,11.0,169.0,58.0,34.0,11.0,78.0,86.0,36.0,90.0,160.0,89.0,186.0,180.0,86.0,154.0,80.0,137.0,120.0,151.0,117.0,105.0,9.0,179.0,82.0,190.0,106.0,128.0,31.0,71.0,109.0,124.0,123.0,155.0,187.0,178.0,107.0,54.0,85.0,0.0,15.0,39.0,107.0,95.0,43.0,159.0,175.0,60.0,132.0,65.0,178.0,14.0,156.0,6.0,127.0,161.0,45.0,187.0,116.0,146.0,93.0,87.0,188.0,152.0,97.0,165.0,127.0,141.0,176.0,69.0,53.0,125.0,60.0,44.0,171.0,163.0,130.0,42.0,129.0,141.0,111.0,134.0,36.0,165.0,76.0,91.0,42.0,9.0,189.0,155.0,166.0,57.0,38.0,166.0,71.0,65.0,151.0,72.0,74.0,50.0,42.0,81.0,123.0,46.0,31.0,125.0,79.0,76.0,81.0,72.0,158.0,23.0,20.0,108.0,7.0,112.0,164.0,145.0,151.0,188.0,172.0,76.0,90.0,3.0,31.0,187.0,158.0,112.0,161.0,26.0,141.0,109.0,59.0,25.0,101.0,161.0,98.0,26.0,140.0,182.0,158.0,66.0,12.0,31.0,26.0,56.0,8.0,170.0,10.0,100.0,182.0,141.0,23.0,119.0,40.0,20.0,183.0,21.0,183.0,142.0,147.0,12.0,173.0,165.0,109.0,108.0,165.0,132.0,103.0,19.0,89.0,133.0,158.0,175.0,179.0,89.0,1.0,9.0,85.0,109.0,162.0,13.0,77.0,98.0,111.0,87.0,102.0,69.0,11.0,119.0,56.0,26.0,182.0,125.0,47.0,2.0,67.0,65.0,22.0,84.0,75.0,182.0,44.0,26.0,51.0,48.0,154.0,170.0,35.0,96.0,31.0,62.0,43.0,166.0,51.0,41.0,3.0,84.0,25.0,190.0,18.0,128.0,87.0,41.0,66.0,178.0,147.0,54.0,43.0,108.0,72.0,99.0,64.0,81.0,5.0,36.0,135.0,123.0,187.0,150.0,158.0,46.0,33.0,163.0,181.0,65.0,103.0,89.0,10.0,28.0,92.0,142.0,29.0,94.0,150.0,164.0,149.0,12.0,131.0,156.0,140.0,38.0,123.0,168.0,116.0,186.0,77.0,53.0,143.0,71.0,50.0,145.0,65.0,112.0,90.0,28.0,37.0,93.0,184.0,2.0,132.0,138.0,146.0,76.0,152.0,30.0,76.0,133.0,115.0,148.0,171.0,147.0,98.0,44.0,174.0,105.0,166.0,37.0,51.0,148.0,59.0,16.0,74.0,20.0,61.0,62.0,72.0,86.0,128.0,14.0,31.0,78.0
69.0,84.0,27.0,149.0,116.0,98.0,122.0,31.0,47.0,92.0,90.0,185.0,90.0,169.0,69.0,87.0,146.0,107.0,60.0,33.0,71.0,150.0,122.0,54.0,87.0,70.0,178.0,135.0,4.0,17.0,175.0,137.0,16.0,176.0,64.0,53.0,97.0,28.0,42.0,139.0,33.0,3.0,126.0,100.0,10.0,49.0,8.0,100.0,10.0,187.0,108.0,153.0,179.0,129.0,26.0,161.0,39.0,14.0,34.0,179.0,45.0,69.0,75.0,26.0,148.0,12.0,40.0,131.0,119.0,160.0,13.0,2.0,89.0,108.0,99.0,172.0,63.0,183.0,20.0,95.0,129.0,179.0,65.0,91.0,175.0,87.0,187.0,159.0,24.0,83.0,115.0,159.0,6.0,72.0,143.0,50.0,120.0,40.0,18.0,182.0,110.0,19.0,63.0,174.0,84.0,63.0,74.0,93.0,112.0,175.0,97.0,68.0,10.0,2.0,169.0,29.0,68.0,146.0,170.0,15.0,133.0,59.0,128.0,14.0,21.0,13.0,32.0,88.0,191.0,53.0,95.0,11.0,173.0,46.0,78.0,143.0,124.0,29.0,57.0,67.0,84.0,126.0,61.0,138.0,176.0,167.0,163.0,13.0,74.0,166.0,160.0,142.0,152.0,48.0,66.0,59.0,183.0,90.0,91.0,5.0,20.0,172.0,141.0,89.0,128.0,162.0,125.0,112.0,85.0,64.0,136.0,31.0,152.0,164.0,115.0,84.0,80.0,51.0,42.0,48.0,82.0,182.0,26.0,138.0,80.0,134.0,16.0,13.0,39.0,44.0,175.0,117.0,189.0,130.0,166.0,80.0,190.0,90.0,191.0,53.0,33.0,52.0,90.0,82.0,107.0,17.0,3.0,94.0,2.0,135.0,97.0,18.0,102.0,130.0,134.0,16.0,87.0,99.0,171.0,20.0,111.0,48.0,109.0,172.0,154.0,18.0,177.0,171.0,22.0,107.0,51.0,148.0,8.0,105.0,133.0,56.0,99.0,51.0,12.0,130.0,180.0,121.0,17.0,35.0,51.0,189.0,25.0,131.0,155.0,178.0,39.0,103.0,182.0,49.0,169.0,102.0,21.0,35.0,109.0,80.0,184.0,175.0,171.0,2.0,46.0,16.0,87.0,112.0,157.0,1.0,153.0,151.0,23.0,22.0,52.0,132.0,76.0,169.0,164.0,188.0,123.0,131.0,57.0,155.0,69.0,163.0,46.0,27.0,99.0,153.0,123.0,80.0,90.0,150.0,50.0,20.0,187.0,113.0,23.0,78.0,178.0,153.0,148.0,58.0,122.0,48.0,1.0,58.0,174.0,48.0,39.0,67.0,66.0,69.0,99.0,82.0,10.0,90.0,135.0,155.0,118.0,159.0,43.0,4.0,28.0,159.0,118.0,142.0,62.0,123.0,104.0,57.0,114.0,191.0,127.0,178.0,167.0,9.0,134.0,173.0,174.0,55.0,129.0,58.0,21.0,99.0,150.0,53.0,156.0,34.0,152.0,59.0,156.0,107.0,174.0,61.0,53.0,110.0,87.0,62.0,177.0,144.0,90.0,74.0,95.0,91.0,33.0,10.0,46.0,31.0,100.0,133.0,111.0,53.0,175.0,182.0,32.0,143.0,185.0,115.0,48.0,188.0,45.0,45.0,97.0,25.0,117.0,190.0,89.0,158.0,62.0,113.0,133.0,69.0,153.0,114.0,34.0,15.0,138.0,140.0,133.0,144.0,179.0,171.0,3.0,128.0,39.0,140.0,95.0,31.0,123.0,121.0,2.0,136.0,22.0,113.0,64.0,58.0,185.0,112.0,10.0,38.0,145.0,64.0,44.0,37.0,21.0,147.0,146.0,152.0,112.0,114.0,2.0,98.0,120.0,1.0,16.0,2.0,1.0,56.0,39.0,79.0,125.0,25.0,109.0,178.0,150.0,86.0,81.0,63.0,83.0,70.0,147.0,18.0,28.0,134.0,2.0,44.0,183.0,188.0,63.0,31.0,99.0,152.0,8.0,6.0,46.0,17.0,120.0,173.0,114.0,17.0,5.0,170.0,122.0,58.0,86.0,20.0,88.0,163.0,102.0,166.0,82.0,122.0,170.0,161.0,17.0,132.0,118.0,28.0,115.0,86.0,63.0,180.0,151.0,92.0,103.0,60.0,176.0,57.0,105.0,130.0,51.0,126.0,151.0,131.0,160.0,1.0,17.0,122.0
106.0,96.0,106.0,142.0,105.0,146.0,82.0,160.0,54.0,150.0,38.0,160.0,89.0,32.0,33.0,63.0,36.0,32.0,138.0,180.0,66.0,87.0,12.0,103.0,67.0,187.0,43.0,154.0,127.0,23.0,92.0,65.0,39.0,143.0,106.0,80.0,70.0,64.0,142.0,113.0,61.0,90.0,74.0,191.0,119.0,81.0,25.0,49.0,63.0,66.0,141.0,16.0,83.0,157.0,159.0,94.0,35.0,67.0,118.0,130.0,69.0,110.0,141.0,134.0,5.0,4.0,154.0,191.0,26.0,168.0,58.0,188.0,35.0,0.0,184.0,5.0,90.0,25.0,153.0,115.0,170.0,58.0,190.0,95.0,129.0,122.0,46.0,83.0,154.0,135.0,6.0,182.0,88.0,88.0,17.0,0.0,61.0,96.0,104.0,176.0,175.0,100.0,39.0,10.0,41.0,40.0,67.0,172.0,184.0,97.0,52.0,95.0,164.0,73.0,32.0,4.0,187.0,68.0,94.0,156.0,103.0,37.0,25.0,56.0,189.0,19.0,112.0,158.0,93.0,63.0,180.0,186.0,27.0,171.0,188.0,153.0,34.0,93.0,173.0,97.0,63.0,77.0,9.0,44.0,75.0,152.0,74.0,107.0,50.0,181.0,179.0,187.0,35.0,171.0,13.0,171.0,174.0,151.0,186.0,191.0,148.0,96.0,113.0,145.0,190.0,79.0,49.0,51.0,62.0,77.0,91.0,47.0,121.0,150.0,103.0,179.0,58.0,57.0,19.0,128.0,131.0,130.0,172.0,79.0,118.0,40.0,10.0,191.0,185.0,4.0,12.0,27.0,98.0,57.0,153.0,138.0,178.0,138.0,97.0,60.0,114.0,5.0,157.0,57.0,161.0,116.0,124.0,89.0,24.0,8.0,182.0,97.0,104.0,35.0,25.0,180.0,62.0,177.0,141.0,10.0,57.0,49.0,96.0,34.0,165.0,5.0,106.0,64.0,72.0,6.0,149.0,6.0,56.0,42.0,125.0,80.0,83.0,15.0,154.0,107.0,67.0,43.0,77.0,31.0,178.0,105.0,69.0,19.0,12.0,39.0,47.0,178.0,159.0,190.0,113.0,68.0,94.0,41.0,27.0,184.0,0.0,50.0,116.0,26.0,53.0,24.0,75.0,147.0,159.0,120.0,26.0,84.0,122.0,38.0,128.0,95.0,10.0,191.0,29.0,68.0,160.0,158.0,85.0,174.0,36.0,166.0,36.0,164.0,36.0,144.0,150.0,181.0,141.0,80.0,1.0,181.0,108.0,0.0,16.0,38.0,169.0,135.0,90.0,165.0,50.0,101.0,188.0,107.0,58.0,139.0,93.0,114.0,100.0,115.0,132.0,113.0,5.0,28.0,67.0,174.0,111.0,32.0,190.0,107.0,179.0,20.0,126.0,114.0,138.0,168.0,101.0,44.0,26.0,127.0,176.0,71.0,170.0,7.0,147.0,1.0,96.0,65.0,95.0,22.0,40.0,2.0,68.0,45.0,49.0,145.0,9.0,141.0,99.0,82.0,182.0,4.0,175.0,44.0,82.0,108.0,27.0,113.0,145.0,54.0,160.0,180.0,16.0,106.0,45.0,89.0,170.0,152.0,190.0,65.0,71.0,46.0,57.0,190.0,52.0,52.0,9.0,23.0,49.0,157.0,140.0,84.0,22.0,186.0,102.0,130.0,129.0,139.0,95.0,55.0,123.0,35.0,109.0,48.0,159.0,59.0,125.0,64.0,53.0,31.0,68.0,21.0,78.0,173.0,187.0,36.0,37.0,18.0,45.0,127.0,90.0,185.0,181.0,101.0,28.0,102.0,130.0,122.0,14.0,73.0,59.0,33.0,115.0,114.0,103.0,19.0,129.0,158.0,160.0,48.0,80.0,94.0,129.0,132.0,93.0,88.0,127.0,72.0,171.0,179.0,25.0,191.0,42.0,112.0,10.0,98.0,1.0,15.0,53.0,99.0,72.0,62.0,69.0,98.0,163.0,48.0,179.0,36.0,147.0,67.0,53.0,187.0,185.0,101.0,128.0,135.0,128.0,41.0,21.0,88.0,159.0,98.0,188.0,168.0,12.0,10.0,36.0,34.0,69.0,110.0,190.0,166.0,89.0,24.0,31.0,150.0,166.0,22.0,152.0,97.0,51.0,146.0,168.0,117.0,141.0,185.0,82.0,67.0,45.0,8.0,70.0,143.0,173.0,139.0,5.0,179.0
37.0,61.0,177.0,150.0,27.0,91.0,105.0,97.0,66.0,45.0,5.0,102.0,9.0,166.0,108.0,61.0,162.0,182.0,187.0,28.0,108.0,142.0,100.0,128.0,11.0,76.0,54.0,118.0,95.0,58.0,181.0,159.0,61.0,181.0,73.0,143.0,36.0,139.0,3.0,159.0,147.0,188.0,54.0,160.0,169.0,77.0,135.0,123.0,51.0,166.0,188.0,129.0,136.0,91.0,35.0,123.0,37.0,169.0,113.0,188.0,37.0,145.0,128.0,62.0,12.0,126.0,31.0,128.0,40.0,119.0,52.0,184.0,171.0,25.0,93.0,112.0,20.0,137.0,9.0,18.0,188.0,2.0,56.0,134.0,102.0,15.0,126.0,69.0,129.0,77.0,136.0,142.0,160.0,120.0,174.0,153.0,89.0,121.0,144.0,109.0,1.0,28.0,183.0,25.0,69.0,84.0,102.0,83.0,153.0,110.0,118.0,79.0,159.0,91.0,91.0,60.0,88.0,90.0,187.0,14.0,160.0,177.0,20.0,36.0,25.0,60.0,11.0,15.0,2.0,112.0,109.0,80.0,167.0,72.0,122.0,191.0,110.0,163.0,174.0,180.0,133.0,66.0,91.0,190.0,164.0,141.0,17.0,149.0,12.0,116.0,180.0,91.0,179.0,67.0,180.0,98.0,173.0,63.0,29.0,30.0,147.0,129.0,173.0,156.0,183.0,10.0,144.0,31.0,123.0,137.0,123.0,56.0,62.0,125.0,99.0,164.0,9.0,188.0,112.0,64.0,129.0,165.0,122.0,106.0,44.0,177.0,137.0,66.0,12.0,117.0,145.0,102.0,158.0,141.0,183.0,27.0,141.0,70.0,29.0,102.0,120.0,6.0,41.0,61.0,91.0,132.0,118.0,54.0,184.0,156.0,180.0,100.0,151.0,50.0,110.0,63.0,118.0,113.0,17.0,52.0,123.0,123.0,120.0,3.0,96.0,11.0,176.0,26.0,107.0,68.0,169.0,17.0,150.0,145.0,131.0,105.0,136.0,149.0,63.0,97.0,33.0,67.0,14.0,188.0,48.0,71.0,105.0,98.0,151.0,83.0,64.0,62.0,93.0,4.0,49.0,90.0,93.0,77.0,99.0,108.0,99.0,158.0,155.0,40.0,106.0,167.0,130.0,67.0,36.0,95.0,159.0,124.0,184.0,185.0,180.0,52.0,70.0,49.0,100.0,118.0,44.0,137.0,41.0,0.0,160.0,59.0,50.0,104.0,15.0,70.0,12.0,61.0,2.0,46.0,108.0,88.0,158.0,33.0,76.0,120.0,181.0,148.0,9.0,185.0,100.0,44.0,49.0,179.0,101.0,14.0,159.0,55.0,55.0,44.0,24.0,70.0,93.0,132.0,50.0,135.0,164.0,144.0,92.0,90.0,21.0,146.0,174.0,3.0,176.0,85.0,107.0,103.0,33.0,137.0,116.0,2.0,89.0,84.0,151.0,191.0,61.0,114.0,75.0,100.0,12.0,37.0,104.0,146.0,189.0,122.0,93.0,79.0,166.0,180.0,113.0,69.0,105.0,181.0,176.0,74.0,12.0,29.0,136.0,175.0,118.0,82.0,69.0,140.0,49.0,4.0,159.0,23.0,128.0,62.0,58.0,150.0,179.0,131.0,139.0,112.0,78.0,94.0,65.0,108.0,64.0,98.0,64.0,177.0,190.0,155.0,33.0,128.0,23.0,143.0,150.0,51.0,78.0,102.0,48.0,57.0,23.0,35.0,76.0,22.0,7.0,109.0,7.0,167.0,30.0,11.0,102.0,176.0,91.0,52.0,179.0,11.0,83.0,50.0,26.0,187.0,176.0,157.0,1.0,117.0,151.0,76.0,191.0,84.0,60.0,28.0,151.0,167.0,93.0,91.0,19.0,114.0,33.0,154.0,80.0,140.0,93.0,137.0,10.0,6.0,14.0,139.0,76.0,101.0,55.0,18.0,152.0,127.0,114.0,122.0,82.0,186.0,86.0,89.0,32.0,186.0,124.0,38.0,145.0,30.0,83.0,123.0,73.0,139.0,76.0,108.0,4.0,42.0,82.0,64.0,185.0,142.0,128.0,93.0,165.0,118.0,178.0,51.0,17.0,106.0,176.0,140.0,186.0,50.0,81.0,3.0,150.0,161.0,37.0,165.0,32.0,3.0,20.0,119.0,75.0,187.0,183.0,170.0,114.0,140.0,162.0,132.0,143.0,186.0,21.0,49.0
23.0,16.0,20.0,54.0,67.0,116.0,17.0,15.0,88.0,170.0,181.0,137.0,49.0,179.0,130.0,166.0,132.0,46.0,106.0,126.0,132.0,65.0,79.0,4.0,163.0,118.0,51.0,119.0,91.0,161.0,34.0,156.0,70.0,7.0,184.0,72.0,69.0,150.0,170.0,70.0,185.0,110.0,122.0,101.0,1.0,154.0,160.0,189.0,17.0,4.0,110.0,155.0,102.0,106.0,114.0,182.0,144.0,105.0,157.0,106.0,93.0,151.0,55.0,176.0,110.0,72.0,126.0,6.0,130.0,10.0,51.0,19.0,157.0,89.0,103.0,119.0,52.0,52.0,108.0,148.0,14.0,165.0,54.0,154.0,83.0,161.0,84.0,147.0,136.0,139.0,108.0,49.0,84.0,148.0,14.0,21.0,163.0,106.0,150.0,165.0,62.0,186.0,35.0,61.0,83.0,139.0,72.0,21.0,181.0,82.0,120.0,50.0,20.0,58.0,166.0,147.0,186.0,157.0,36.0,16.0,29.0,68.0,57.0,185.0,111.0,111.0,132.0,51.0,29.0,54.0,127.0,124.0,84.0,184.0,54.0,118.0,19.0,125.0,171.0,103.0,41.0,122.0,100.0,121.0,90.0,189.0,155.0,181.0,119.0,80.0,106.0,160.0,68.0,26.0,35.0,43.0,137.0,163.0,125.0,77.0,85.0,101.0,42.0,16.0,151.0,48.0,113.0,104.0,21.0,126.0,6.0,85.0,186.0,161.0,104.0,0.0,0.0,10.0,89.0,171.0,163.0,71.0,62.0,189.0,10.0,163.0,187.0,190.0,17.0,2.0,180.0,64.0,133.0,90.0,89.0,157.0,143.0,76.0,82.0,103.0,60.0,44.0,4.0,41.0,112.0,42.0,5.0,102.0,189.0,10.0,138.0,132.0,13.0,173.0,28.0,170.0,173.0,96.0,8.0,87.0,0.0,181.0,67.0,154.0,105.0,153.0,11.0,72.0,121.0,0.0,96.0,34.0,171.0,65.0,74.0,73.0,119.0,19.0,164.0,62.0,24.0,104.0,94.0,109.0,73.0,31.0,94.0,153.0,116.0,85.0,124.0,4.0,15.0,156.0,110.0,0.0,15.0,127.0,114.0,147.0,105.0,183.0,28.0,157.0,168.0,55.0,58.0,50.0,69.0,99.0,162.0,170.0,154.0,24.0,87.0,86.0,30.0,10.0,160.0,86.0,0.0,138.0,22.0,186.0,105.0,74.0,186.0,141.0,103.0,13.0,169.0,140.0,64.0,14.0,179.0,62.0,176.0,117.0,8.0,10.0,53.0,97.0,56.0,53.0,15.0,139.0,43.0,93.0,93.0,24.0,54.0,35.0,44.0,72.0,21.0,34.0,77.0,174.0,177.0,184.0,76.0,83.0,121.0,56.0,40.0,174.0,159.0,76.0,46.0,151.0,130.0,119.0,155.0,188.0,47.0,33.0,138.0,189.0,110.0,171.0,34.0,145.0,98.0,42.0,71.0,61.0,141.0,127.0,55.0,174.0,87.0,69.0,51.0,99.0,172.0,106.0,79.0,123.0,37.0,72.0,30.0,180.0,165.0,2.0,81.0,24.0,169.0,179.0,90.0,157.0,127.0,92.0,58.0,124.0,59.0,47.0,147.0,94.0,158.0,124.0,53.0,92.0,9.0,119.0,169.0,128.0,165.0,16.0,159.0,93.0,112.0,81.0,42.0,60.0,57.0,172.0,49.0,137.0,72.0,132.0,95.0,124.0,154.0,116.0,38.0,98.0,182.0,133.0,1.0,105.0,62.0,148.0,175.0,157.0,13.0,45.0,87.0,70.0,132.0,157.0,88.0,152.0,111.0,159.0,126.0,19.0,35.0,121.0,43.0,39.0,118.0,122.0,186.0,88.0,52.0,26.0,83.0,40.0,165.0,123.0,140.0,13.0,30.0,17.0,96.0,30.0,111.0,63.0,67.0,39.0,37.0,41.0,6.0,82.0,104.0,140.0,20.0,10.0,143.0,177.0,16.0,34.0,190.0,0.0,129.0,38.0,188.0,1.0,23.0,98.0,126.0,28.0,133.0,30.0,141.0,150.0,165.0,39.0,42.0,110.0,33.0,143.0,24.0,69.0,151.0,77.0,131.0,153.0,148.0,83.0,89.0,17.0,191.0,86.0,147.0,104.0,22.0,176.0,58.0,34.0,46.0,41.0,162.0,44.0,89.0,160.0,191.0,171.0,160.0,105.0
129.0,178.0,181.0,51.0,122.0,20.0,103.0,38.0,160.0,140.0,42.0,18.0,61.0,34.0,159.0,14.0,77.0,131.0,82.0,10.0,6.0,104.0,174.0,59.0,68.0,39.0,150.0,168.0,73.0,78.0,3.0,60.0,152.0,48.0,175.0,19.0,48.0,84.0,75.0,62.0,151.0,52.0,19.0,77.0,130.0,150.0,115.0,114.0,92.0,64.0,158.0,59.0,7.0,121.0,161.0,136.0,141.0,97.0,151.0,132.0,115.0,136.0,153.0,135.0,167.0,50.0,33.0,153.0,48.0,59.0,85.0,182.0,86.0,149.0,142.0,46.0,182.0,85.0,70.0,157.0,128.0,37.0,37.0,72.0,132.0,162.0,65.0,41.0,82.0,174.0,165.0,91.0,191.0,4.0,56.0,134.0,1.0,139.0,61.0,134.0,157.0,116.0,98.0,31.0,50.0,80.0,68.0,64.0,0.0,158.0,138.0,185.0,166.0,86.0,64.0,33.0,95.0,148.0,188.0,22.0,162.0,132.0,180.0,182.0,41.0,12.0,13.0,60.0,32.0,187.0,112.0,27.0,134.0,109.0,190.0,156.0,25.0,50.0,129.0,129.0,53.0,159.0,29.0,20.0,93.0,91.0,181.0,54.0,59.0,86.0,118.0,107.0,175.0,53.0,99.0,93.0,56.0,108.0,153.0,110.0,173.0,56.0,40.0,36.0,60.0,121.0,114.0,62.0,40.0,123.0,29.0,19.0,49.0,67.0,50.0,44.0,119.0,189.0,93.0,107.0,6.0,114.0,178.0,33.0,83.0,142.0,36.0,35.0,61.0,141.0,160.0,115.0,125.0,131.0,131.0,61.0,126.0,40.0,161.0,122.0,82.0,152.0,36.0,111.0,40.0,149.0,144.0,144.0,12.0,139.0,107.0,3.0,169.0,16.0,135.0,104.0,151.0,36.0,130.0,75.0,181.0,14.0,122.0,153.0,176.0,125.0,86.0,181.0,71.0,25.0,45.0,4.0,25.0,70.0,149.0,128.0,146.0,100.0,103.0,176.0,124.0,127.0,159.0,22.0,106.0,48.0,37.0,99.0,168.0,107.0,151.0,143.0,10.0,146.0,86.0,114.0,180.0,100.0,30.0,186.0,85.0,17.0,52.0,149.0,37.0,43.0,43.0,186.0,78.0,56.0,169.0,86.0,125.0,167.0,39.0,177.0,98.0,128.0,2.0,191.0,85.0,75.0,184.0,118.0,84.0,34.0,157.0,16.0,77.0,47.0,179.0,91.0,184.0,108.0,180.0,172.0,118.0,10.0,67.0,121.0,98.0,118.0,25.0,65.0,169.0,65.0,123.0,92.0,120.0,135.0,26.0,146.0,41.0,66.0,181.0,76.0,136.0,105.0,29.0,145.0,117.0,162.0,125.0,8.0,84.0,7.0,111.0,74.0,120.0,150.0,44.0,148.0,53.0,165.0,24.0,117.0,75.0,66.0,91.0,148.0,25.0,179.0,65.0,50.0,156.0,43.0,79.0,143.0,68.0,165.0,176.0,142.0,150.0,120.0,0.0,8.0,60.0,87.0,49.0,66.0,97.0,126.0,17.0,182.0,56.0,124.0,83.0,127.0,75.0,155.0,41.0,105.0,80.0,116.0,141.0,109.0,104.0,12.0,53.0,146.0,35.0,167.0,63.0,127.0,189.0,51.0,96.0,174.0,110.0,186.0,96.0,170.0,117.0,9.0,157.0,104.0,17.0,98.0,90.0,187.0,150.0,108.0,128.0,98.0,70.0,12.0,28.0,110.0,86.0,120.0,46.0,187.0,80.0,155.0,149.0,188.0,78.0,91.0,176.0,24.0,150.0,36.0,65.0,127.0,173.0,4.0,77.0,20.0,134.0,2.0,131.0,60.0,102.0,101.0,40.0,38.0,166.0,26.0,42.0,186.0,117.0,152.0,154.0,126.0,50.0,28.0,36.0,159.0,147.0,127.0,110.0,104.0,116.0,156.0,54.0,135.0,7.0,159.0,54.0,106.0,147.0,61.0,146.0,22.0,156.0,96.0,161.0,185.0,88.0,111.0,95.0,127.0,158.0,83.0,32.0,179.0,60.0,54.0,28.0,104.0,71.0,42.0,172.0,36.0,165.0,75.0,26.0,110.0,170.0,156.0,72.0,125.0,137.0,1.0,94.0,68.0,79.0,19.0,76.0,37.0,65.0,3.0,150.0,125.0,184.0,117.0,126.0,26.0,182.0,125.0
19.0,68.0,180.0,16.0,159.0,95.0,186.0,168.0,121.0,161.0,46.0,90.0,8.0,114.0,157.0,154.0,177.0,163.0,173.0,171.0,40.0,37.0,138.0,147.0,14.0,112.0,125.0,94.0,99.0,180.0,69.0,38.0,77.0,19.0,60.0,129.0,186.0,19.0,74.0,125.0,159.0,146.0,35.0,106.0,28.0,39.0,113.0,124.0,162.0,190.0,107.0,64.0,161.0,57.0,132.0,108.0,4.0,13.0,154.0,33.0,58.0,81.0,34.0,23.0,178.0,123.0,163.0,23.0,145.0,115.0,31.0,13.0,34.0,92.0,39.0,42.0,136.0,175.0,177.0,64.0,13.0,34.0,184.0,42.0,73.0,119.0,18.0,143.0,63.0,185.0,16.0,176.0,74.0,181.0,167.0,152.0,88.0,164.0,59.0,77.0,132.0,184.0,187.0,19.0,92.0,167.0,170.0,14.0,117.0,121.0,31.0,61.0,63.0,187.0,56.0,31.0,153.0,134.0,164.0,88.0,12.0,44.0,64.0,54.0,31.0,105.0,172.0,70.0,96.0,37.0,121.0,47.0,132.0,175.0,95.0,73.0,101.0,109.0,80.0,14.0,25.0,94.0,58.0,16.0,104.0,147.0,187.0,91.0,73.0,65.0,3.0,154.0,103.0,112.0,53.0,131.0,99.0,95.0,159.0,39.0,91.0,170.0,79.0,83.0,166.0,7.0,77.0,46.0,54.0,144.0,177.0,16.0,81.0,103.0,173.0,83.0,44.0,54.0,145.0,134.0,141.0,166.0,165.0,3.0,117.0,24.0,140.0,155.0,98.0,174.0,142.0,190.0,186.0,170.0,61.0,26.0,182.0,83.0,26.0,63.0,191.0,46.0,61.0,106.0,55.0,90.0,147.0,190.0,123.0,76.0,149.0,7.0,106.0,69.0,56.0,19.0,135.0,190.0,70.0,17.0,191.0,97.0,115.0,6.0,98.0,15.0,182.0,79.0,150.0,139.0,15.0,39.0,7.0,60.0,90.0,35.0,173.0,109.0,98.0,122.0,1.0,33.0,156.0,48.0,121.0,17.0,166.0,21.0,75.0,81.0,61.0,74.0,156.0,47.0,180.0,120.0,76.0,97.0,171.0,123.0,35.0,11.0,30.0,30.0,0.0,23.0,84.0,55.0,63.0,143.0,61.0,67.0,11.0,4.0,187.0,128.0,66.0,186.0,20.0,175.0,74.0,127.0,186.0,25.0,189.0,176.0,97.0,62.0,35.0,139.0,42.0,54.0,55.0,159.0,3.0,148.0,43.0,153.0,168.0,36.0,91.0,10.0,43.0,84.0,16.0,28.0,165.0,47.0,141.0,75.0,22.0,84.0,123.0,8.0,54.0,96.0,96.0,160.0,60.0,62.0,148.0,160.0,119.0,85.0,127.0,121.0,89.0,49.0,116.0,155.0,34.0,87.0,187.0,104.0,145.0,179.0,35.0,110.0,164.0,29.0,143.0,144.0,63.0,139.0,191.0,47.0,93.0,162.0,107.0,172.0,113.0,147.0,164.0,3.0,84.0,84.0,158.0,25.0,134.0,28.0,117.0,65.0,105.0,97.0,123.0,133.0,134.0,135.0,138.0,113.0,96.0,33.0,121.0,59.0,126.0,17.0,21.0,80.0,78.0,67.0,26.0,173.0,59.0,71.0,171.0,24.0,160.0,188.0,18.0,58.0,114.0,14.0,74.0,172.0,101.0,59.0,71.0,163.0,117.0,176.0,191.0,93.0,140.0,50.0,23.0,139.0,134.0,58.0,165.0,10.0,96.0,97.0,150.0,160.0,114.0,146.0,183.0,134.0,42.0,17.0,36.0,131.0,118.0,90.0,10.0,18.0,40.0,167.0,129.0,66.0,34.0,41.0,58.0,23.0,144.0,142.0,177.0,13.0,89.0,137.0,57.0,24.0,114.0,71.0,129.0,56.0,163.0,13.0,91.0,97.0,25.0,157.0,22.0,168.0,93.0,22.0,39.0,107.0,167.0,144.0,46.0,190.0,154.0,139.0,34.0,148.0,164.0,190.0,28.0,84.0,64.0,181.0,140.0,161.0,118.0,1.0,134.0,56.0,136.0,152.0,121.0,128.0,134.0,128.0,83.0,29.0,66.0,147.0,37.0,45.0,18.0,10.0,49.0,9.0,143.0,14.0,107.0,132.0,157.0,84.0,144.0,103.0,52.0,160.0,38.0,152.0,110.0,110.0,33.0,112.0
48.0,51.0,136.0,30.0,104.0,13.0,3.0,11.0,86.0,13.0,187.0,132.0,76.0,7.0,21.0,45.0,138.0,135.0,27.0,42.0,127.0,182.0,188.0,14.0,29.0,145.0,31.0,172.0,35.0,91.0,26.0,82.0,7.0,188.0,18.0,29.0,141.0,14.0,64.0,69.0,186.0,133.0,73.0,46.0,105.0,142.0,176.0,177.0,103.0,116.0,137.0,78.0,121.0,49.0,118.0,73.0,71.0,171.0,44.0,20.0,78.0,186.0,185.0,50.0,168.0,140.0,47.0,133.0,108.0,145.0,142.0,174.0,125.0,181.0,20.0,188.0,55.0,6.0,76.0,20.0,72.0,131.0,134.0,165.0,67.0,76.0,56.0,173.0,69.0,48.0,28.0,52.0,90.0,89.0,101.0,73.0,52.0,0.0,184.0,0.0,72.0,123.0,16.0,157.0,2.0,32.0,39.0,185.0,133.0,151.0,142.0,173.0,133.0,10.0,182.0,84.0,37.0,188.0,49.0,57.0,8.0,106.0,143.0,149.0,13.0,6.0,182.0,189.0,142.0,191.0,91.0,1.0,162.0,64.0,130.0,189.0,135.0,80.0,92.0,79.0,181.0,169.0,32.0,38.0,76.0,117.0,133.0,190.0,163.0,103.0,124.0,22.0,104.0,34.0,111.0,44.0,88.0,62.0,174.0,116.0,162.0,48.0,72.0,164.0,15.0,185.0,23.0,29.0,189.0,146.0,166.0,117.0,140.0,81.0,180.0,109.0,100.0,4.0,35.0,172.0,123.0,162.0,86.0,162.0,191.0,120.0,149.0,137.0,41.0,9.0,177.0,175.0,16.0,167.0,165.0,152.0,59.0,115.0,83.0,22.0,182.0,103.0,39.0,161.0,143.0,150.0,121.0,162.0,106.0,19.0,176.0,113.0,7.0,101.0,149.0,122.0,104.0,160.0,134.0,9.0,14.0,114.0,37.0,76.0,188.0,178.0,119.0,60.0,143.0,43.0,99.0,75.0,145.0,16.0,1.0,136.0,64.0,93.0,58.0,137.0,90.0,76.0,93.0,125.0,1.0,9.0,11.0,90.0,41.0,58.0,183.0,126.0,25.0,157.0,37.0,116.0,120.0,18.0,50.0,136.0,115.0,168.0,79.0,93.0,50.0,183.0,171.0,47.0,58.0,142.0,33.0,106.0,19.0,187.0,134.0,97.0,167.0,122.0,157.0,85.0,174.0,6.0,98.0,3.0,95.0,118.0,187.0,58.0,11.0,174.0,30.0,127.0,158.0,83.0,140.0,18.0,64.0,52.0,77.0,112.0,78.0,87.0,144.0,75.0,69.0,142.0,8.0,78.0,59.0,1.0,163.0,40.0,69.0,61.0,84.0,0.0,34.0,116.0,178.0,77.0,174.0,169.0,142.0,108.0,19.0,26.0,112.0,124.0,111.0,145.0,1.0,20.0,90.0,14.0,9.0,146.0,16.0,46.0,140.0,154.0,80.0,105.0,172.0,89.0,170.0,176.0,26.0,46.0,6.0,130.0,59.0,177.0,163.0,36.0,177.0,32.0,162.0,67.0,77.0,155.0,2.0,169.0,162.0,141.0,85.0,126.0,140.0,0.0,175.0,3.0,113.0,181.0,38.0,28.0,41.0,23.0,187.0,98.0,19.0,60.0,30.0,121.0,175.0,21.0,184.0,93.0,80.0,179.0,177.0,103.0,2.0,3.0,13.0,67.0,20.0,177.0,113.0,10.0,92.0,179.0,169.0,55.0,52.0,81.0,184.0,143.0,164.0,77.0,118.0,148.0,34.0,39.0,52.0,47.0,161.0,48.0,172.0,140.0,38.0,61.0,156.0,23.0,53.0,82.0,92.0,3.0,157.0,177.0,114.0,159.0,7.0,67.0,25.0,74.0,156.0,107.0,94.0,36.0,168.0,135.0,49.0,154.0,16.0,121.0,23.0,1.0,6.0,4.0,82.0,11.0,43.0,149.0,20.0,41.0,181.0,34.0,52.0,121.0,25.0,116.0,148.0,152.0,16.0,167.0,183.0,28.0,175.0,8.0,105.0,60.0,121.0,163.0,120.0,165.0,191.0,6.0,42.0,187.0,123.0,70.0,48.0,90.0,121.0,140.0,116.0,171.0,82.0,78.0,185.0,56.0,142.0,175.0,87.0,75.0,129.0,122.0,32.0,17.0,185.0,12.0,8.0,23.0,136.0,122.0,62.0,77.0,164.0,38.0,118.0,61.0
139.0,145.0,16.0,19.0,147.0,108.0,96.0,121.0,76.0,164.0,91.0,51.0,146.0,133.0,189.0,127.0,56.0,149.0,105.0,22.0,81.0,58.0,144.0,152.0,119.0,144.0,15.0,53.0,53.0,44.0,155.0,173.0,157.0,113.0,92.0,107.0,0.0,128.0,77.0,1.0,178.0,117.0,50.0,175.0,64.0,25.0,164.0,126.0,180.0,17.0,27.0,138.0,50.0,19.0,127.0,156.0,89.0,12.0,0.0,147.0,182.0,144.0,191.0,131.0,51.0,55.0,160.0,57.0,144.0,191.0,162.0,36.0,54.0,176.0,170.0,140.0,127.0,87.0,100.0,141.0,106.0,107.0,62.0,36.0,182.0,136.0,63.0,48.0,90.0,56.0,78.0,15.0,87.0,67.0,53.0,110.0,56.0,181.0,31.0,90.0,122.0,146.0,133.0,73.0,122.0,134.0,57.0,98.0,15.0,0.0,173.0,83.0,110.0,132.0,60.0,69.0,14.0,69.0,121.0,180.0,7.0,3.0,42.0,135.0,79.0,99.0,137.0,0.0,0.0,19.0,73.0,44.0,186.0,159.0,12.0,172.0,170.0,139.0,52.0,94.0,15.0,34.0,7.0,125.0,174.0,52.0,144.0,88.0,26.0,184.0,19.0,24.0,30.0,65.0,174.0,73.0,185.0,35.0,90.0,10.0,25.0,57.0,187.0,56.0,78.0,77.0,13.0,156.0,128.0,159.0,86.0,98.0,12.0,58.0,138.0,76.0,79.0,61.0,65.0,94.0,72.0,173.0,140.0,68.0,87.0,157.0,67.0,174.0,121.0,41.0,190.0,9.0,63.0,4.0,92.0,112.0,103.0,124.0,48.0,24.0,183.0,72.0,65.0,26.0,146.0,43.0,180.0,76.0,18.0,181.0,21.0,115.0,96.0,105.0,95.0,100.0,130.0,124.0,71.0,59.0,51.0,36.0,79.0,69.0,6.0,87.0,47.0,111.0,117.0,145.0,185.0,78.0,177.0,169.0,177.0,109.0,95.0,122.0,147.0,112.0,96.0,21.0,149.0,8.0,6.0,49.0,175.0,143.0,87.0,126.0,178.0,105.0,176.0,191.0,187.0,33.0,39.0,26.0,57.0,30.0,10.0,126.0,11.0,81.0,112.0,78.0,151.0,156.0,0.0,106.0,76.0,103.0,51.0,162.0,7.0,99.0,184.0,109.0,104.0,107.0,135.0,4.0,32.0,142.0,13.0,169.0,74.0,181.0,136.0,101.0,143.0,12.0,0.0,77.0,148.0,10.0,77.0,182.0,25.0,9.0,139.0,2.0,138.0,32.0,159.0,93.0,137.0,186.0,153.0,184.0,81.0,12.0,15.0,114.0,152.0,154.0,73.0,34.0,43.0,11.0,37.0,170.0,131.0,77.0,181.0,139.0,104.0,105.0,140.0,146.0,4.0,176.0,152.0,151.0,123.0,142.0,185.0,55.0,143.0,125.0,162.0,101.0,19.0,130.0,14.0,6.0,113.0,144.0,141.0,124.0,187.0,176.0,93.0,29.0,161.0,100.0,71.0,92.0,53.0,20.0,17.0,63.0,1.0,111.0,21.0,20.0,130.0,12.0,60.0,106.0,22.0,135.0,77.0,81.0,30.0,156.0,25.0,31.0,80.0,64.0,162.0,178.0,161.0,52.0,110.0,191.0,12.0,160.0,32.0,31.0,92.0,119.0,31.0,58.0,47.0,113.0,144.0,52.0,62.0,172.0,8.0,83.0,124.0,91.0,143.0,25.0,74.0,65.0,13.0,113.0,179.0,17.0,65.0,183.0,64.0,2.0,135.0,92.0,52.0,31.0,137.0,142.0,132.0,123.0,188.0,89.0,87.0,76.0,184.0,156.0,65.0,175.0,141.0,160.0,69.0,79.0,99.0,140.0,96.0,149.0,105.0,5.0,90.0,78.0,92.0,41.0,88.0,168.0,140.0,119.0,66.0,67.0,8.0,74.0,16.0,107.0,17.0,31.0,61.0,19.0,75.0,16.0,126.0,29.0,40.0,159.0,67.0,45.0,86.0,105.0,56.0,104.0,168.0,70.0,123.0,174.0,158.0,72.0,125.0,135.0,119.0,49.0,8.0,157.0,121.0,30.0,179.0,77.0,182.0,128.0,121.0,25.0,100.0,43.0,9.0,140.0,132.0,62.0,137.0,97.0,1.0,14.0,137.0,63.0,18.0,48.0,161.0,89.0,92.0,87.0
73.0,66.0,115.0,52.0,167.0,125.0,109.0,52.0,14.0,99.0,68.0,98.0,4.0,104.0,26.0,144.0,71.0,129.0,113.0,5.0,69.0,85.0,175.0,97.0,162.0,91.0,92.0,155.0,143.0,71.0,68.0,30.0,113.0,14.0,130.0,174.0,158.0,82.0,69.0,51.0,5.0,136.0,157.0,132.0,173.0,19.0,58.0,162.0,188.0,50.0,123.0,11.0,55.0,76.0,166.0,152.0,162.0,59.0,74.0,43.0,155.0,190.0,109.0,184.0,101.0,1.0,150.0,78.0,107.0,180.0,73.0,124.0,134.0,97.0,30.0,153.0,115.0,153.0,60.0,43.0,41.0,98.0,44.0,135.0,65.0,81.0,189.0,81.0,10.0,103.0,105.0,114.0,52.0,188.0,188.0,143.0,63.0,17.0,185.0,60.0,74.0,20.0,82.0,30.0,104.0,143.0,162.0,168.0,116.0,88.0,38.0,53.0,78.0,123.0,77.0,103.0,139.0,160.0,147.0,49.0,118.0,131.0,142.0,37.0,116.0,14.0,24.0,107.0,112.0,61.0,120.0,112.0,137.0,140.0,89.0,56.0,5.0,106.0,119.0,75.0,2.0,100.0,148.0,76.0,58.0,171.0,126.0,80.0,122.0,189.0,54.0,56.0,184.0,2.0,33.0,42.0,170.0,5.0,11.0,176.0,106.0,34.0,102.0,115.0,161.0,138.0,18.0,72.0,108.0,151.0,128.0,27.0,102.0,186.0,184.0,176.0,153.0,76.0,152.0,103.0,138.0,111.0,34.0,136.0,25.0,179.0,48.0,112.0,48.0,187.0,0.0,178.0,114.0,31.0,172.0,159.0,90.0,105.0,84.0,50.0,37.0,74.0,1.0,135.0,35.0,158.0,20.0,0.0,179.0,149.0,109.0,23.0,103.0,76.0,118.0,117.0,46.0,179.0,136.0,154.0,66.0,47.0,172.0,83.0,90.0,16.0,96.0,156.0,105.0,168.0,122.0,42.0,140.0,158.0,120.0,130.0,118.0,151.0,170.0,186.0,98.0,149.0,92.0,155.0,24.0,119.0,14.0,103.0,174.0,60.0,5.0,14.0,125.0,123.0,36.0,11.0,25.0,168.0,37.0,102.0,76.0,94.0,13.0,173.0,111.0,32.0,181.0,163.0,174.0,68.0,37.0,29.0,58.0,53.0,55.0,66.0,114.0,59.0,163.0,152.0,14.0,104.0,190.0,8.0,45.0,2.0,4.0,130.0,171.0,66.0,190.0,114.0,88.0,127.0,31.0,147.0,5.0,164.0,38.0,136.0,23.0,168.0,162.0,73.0,171.0,161.0,97.0,88.0,136.0,27.0,188.0,124.0,179.0,11.0,148.0,143.0,32.0,130.0,17.0,30.0,33.0,89.0,176.0,120.0,73.0,74.0,42.0,118.0,7.0,188.0,140.0,91.0,100.0,2.0,25.0,150.0,142.0,145.0,139.0,22.0,111.0,12.0,101.0,49.0,159.0,54.0,22.0,17.0,159.0,57.0,114.0,89.0,6.0,102.0,163.0,95.0,156.0,79.0,7.0,166.0,92.0,37.0,37.0,38.0,132.0,145.0,129.0,101.0,122.0,183.0,116.0,136.0,189.0,87.0,95.0,10.0,68.0,114.0,167.0,51.0,172.0,184.0,162.0,184.0,89.0,189.0,110.0,170.0,183.0,180.0,139.0,160.0,109.0,23.0,84.0,61.0,175.0,69.0,3.0,55.0,75.0,65.0,131.0,167.0,137.0,156.0,174.0,135.0,97.0,86.0,55.0,174.0,183.0,154.0,78.0,30.0,174.0,18.0,124.0,68.0,113.0,46.0,148.0,187.0,50.0,107.0,98.0,6.0,3.0,98.0,82.0,147.0,151.0,147.0,70.0,189.0,113.0,67.0,57.0,152.0,138.0,138.0,155.0,170.0,133.0,67.0,116.0,54.0,134.0,50.0,174.0,183.0,14.0,33.0,77.0,116.0,168.0,173.0,98.0,157.0,56.0,105.0,5.0,15.0,137.0,8.0,60.0,191.0,149.0,21.0,61.0,153.0,64.0,116.0,113.0,99.0,170.0,140.0,25.0,90.0,64.0,84.0,58.0,41.0,134.0,10.0,44.0,51.0,154.0,69.0,36.0,34.0,187.0,76.0,183.0,19.0,157.0,163.0,186.0,184.0,56.0,87.0,78.0,141.0,115.0,75.0,129.0,158.0,8.0,76.0
26.0,76.0,101.0,9.0,99.0,142.0,117.0,128.0,71.0,41.0,102.0,100.0,45.0,29.0,177.0,122.0,41.0,22.0,1.0,144.0,123.0,109.0,85.0,160.0,50.0,71.0,128.0,160.0,136.0,76.0,37.0,5.0,103.0,92.0,159.0,105.0,77.0,173.0,12.0,92.0,81.0,163.0,41.0,155.0,88.0,106.0,51.0,163.0,181.0,16.0,53.0,31.0,63.0,152.0,67.0,137.0,25.0,190.0,30.0,67.0,118.0,89.0,103.0,18.0,97.0,149.0,29.0,67.0,114.0,5.0,187.0,113.0,159.0,188.0,152.0,71.0,158.0,1.0,12.0,24.0,21.0,57.0,72.0,142.0,111.0,66.0,2.0,187.0,43.0,127.0,129.0,119.0,3.0,112.0,169.0,2.0,53.0,74.0,123.0,18.0,147.0,3.0,73.0,83.0,188.0,137.0,141.0,136.0,174.0,187.0,71.0,13.0,153.0,21.0,1.0,175.0,49.0,31.0,19.0,143.0,141.0,7.0,118.0,155.0,176.0,147.0,45.0,185.0,138.0,166.0,75.0,101.0,11.0,176.0,96.0,88.0,120.0,112.0,163.0,154.0,100.0,148.0,115.0,4.0,72.0,163.0,61.0,172.0,75.0,23.0,173.0,83.0,115.0,182.0,79.0,76.0,118.0,184.0,77.0,144.0,41.0,117.0,120.0,110.0,18.0,21.0,183.0,169.0,169.0,174.0,96.0,13.0,4.0,132.0,16.0,126.0,106.0,37.0,41.0,183.0,118.0,74.0,121.0,168.0,6.0,116.0,52.0,111.0,85.0,81.0,166.0,135.0,101.0,20.0,184.0,107.0,89.0,182.0,39.0,135.0,172.0,1.0,15.0,70.0,26.0,119.0,176.0,189.0,178.0,168.0,7.0,120.0,85.0,117.0,30.0,142.0,184.0,56.0,59.0,181.0,149.0,113.0,99.0,150.0,159.0,134.0,26.0,18.0,51.0,42.0,53.0,76.0,82.0,5.0,57.0,75.0,117.0,45.0,2.0,110.0,47.0,63.0,52.0,112.0,95.0,107.0,128.0,11.0,177.0,141.0,138.0,25.0,154.0,36.0,5.0,93.0,55.0,166.0,97.0,104.0,119.0,127.0,27.0,1.0,166.0,91.0,100.0,22.0,46.0,185.0,119.0,100.0,133.0,68.0,94.0,124.0,150.0,70.0,155.0,27.0,8.0,177.0,167.0,78.0,114.0,4.0,109.0,153.0,14.0,141.0,53.0,84.0,177.0,61.0,178.0,154.0,164.0,57.0,146.0,143.0,158.0,96.0,87.0,93.0,113.0,162.0,84.0,21.0,95.0,106.0,100.0,34.0,111.0,12.0,110.0,25.0,87.0,78.0,146.0,114.0,24.0,99.0,102.0,183.0,59.0,118.0,116.0,42.0,57.0,141.0,18.0,52.0,178.0,178.0,69.0,97.0,128.0,21.0,159.0,20.0,108.0,30.0,159.0,30.0,46.0,58.0,159.0,81.0,39.0,184.0,166.0,170.0,131.0,170.0,72.0,5.0,103.0,60.0,135.0,21.0,130.0,26.0,97.0,12.0,191.0,144.0,17.0,116.0,50.0,84.0,9.0,8.0,125.0,5.0,159.0,67.0,125.0,147.0,120.0,39.0,121.0,133.0,71.0,83.0,7.0,45.0,44.0,161.0,105.0,157.0,31.0,43.0,88.0,174.0,22.0,57.0,104.0,157.0,154.0,58.0,96.0,45.0,15.0,47.0,60.0,161.0,51.0,78.0,186.0,165.0,103.0,125.0,4.0,95.0,167.0,72.0,70.0,90.0,84.0,80.0,2.0,21.0,32.0,153.0,4.0,129.0,29.0,63.0,166.0,9.0,47.0,184.0,28.0,163.0,79.0,86.0,146.0,18.0,60.0,185.0,30.0,70.0,161.0,127.0,161.0,18.0,149.0,61.0,53.0,85.0,128.0,79.0,87.0,179.0,144.0,53.0,30.0,72.0,100.0,119.0,61.0,94.0,57.0,94.0,58.0,152.0,51.0,148.0,57.0,189.0,58.0,185.0,180.0,118.0,0.0,188.0,129.0,49.0,104.0,75.0,8.0,77.0,184.0,175.0,114.0,111.0,137.0,3.0,57.0,1.0,6.0,131.0,171.0,85.0,21.0,166.0,151.0,187.0,91.0,48.0,116.0,123.0,148.0,71.0,114.0,157.0,190.0,123.0,22.0,17.0
179.0,127.0,9.0,162.0,174.0,181.0,28.0,18.0,13.0,44.0,129.0,136.0,169.0,173.0,104.0,83.0,115.0,27.0,164.0,64.0,133.0,170.0,110.0,23.0,30.0,142.0,124.0,184.0,189.0,26.0,166.0,74.0,48.0,158.0,181.0,176.0,170.0,92.0,30.0,81.0,13.0,87.0,92.0,64.0,31.0,182.0,55.0,182.0,56.0,42.0,33.0,175.0,78.0,123.0,90.0,14.0,127.0,188.0,32.0,127.0,128.0,166.0,30.0,53.0,59.0,181.0,182.0,107.0,88.0,151.0,140.0,3.0,17.0,143.0,16.0,59.0,160.0,113.0,182.0,30.0,185.0,43.0,60.0,57.0,154.0,69.0,147.0,163.0,83.0,154.0,161.0,164.0,181.0,156.0,12.0,31.0,155.0,155.0,81.0,154.0,182.0,12.0,38.0,191.0,70.0,178.0,5.0,122.0,176.0,36.0,60.0,138.0,102.0,128.0,156.0,162.0,179.0,138.0,22.0,6.0,27.0,54.0,31.0,46.0,36.0,26.0,165.0,148.0,139.0,96.0,159.0,169.0,152.0,147.0,76.0,41.0,81.0,81.0,187.0,122.0,19.0,2.0,167.0,159.0,38.0,72.0,24.0,112.0,191.0,170.0,92.0,59.0,66.0,60.0,49.0,189.0,178.0,186.0,52.0,95.0,69.0,36.0,54.0,79.0,81.0,101.0,101.0,21.0,78.0,71.0,15.0,185.0,9.0,104.0,163.0,19.0,27.0,135.0,165.0,20.0,167.0,33.0,79.0,80.0,151.0,191.0,116.0,24.0,119.0,140.0,43.0,184.0,160.0,37.0,164.0,43.0,108.0,42.0,132.0,27.0,29.0,13.0,109.0,129.0,8.0,88.0,155.0,137.0,48.0,145.0,171.0,52.0,155.0,14.0,162.0,66.0,185.0,147.0,21.0,119.0,59.0,7.0,165.0,102.0,66.0,61.0,174.0,76.0,148.0,186.0,14.0,154.0,115.0,170.0,139.0,46.0,179.0,108.0,80.0,2.0,20.0,102.0,85.0,122.0,164.0,177.0,173.0,56.0,16.0,159.0,135.0,5.0,139.0,72.0,17.0,149.0,191.0,8.0,75.0,135.0,26.0,90.0,172.0,169.0,182.0,74.0,95.0,123.0,135.0,148.0,91.0,0.0,119.0,109.0,22.0,187.0,44.0,69.0,181.0,15.0,140.0,176.0,97.0,86.0,62.0,131.0,7.0,115.0,135.0,27.0,55.0,175.0,4.0,123.0,128.0,101.0,91.0,51.0,116.0,52.0,41.0,64.0,3.0,188.0,170.0,31.0,22.0,42.0,49.0,36.0,107.0,65.0,108.0,22.0,189.0,102.0,115.0,51.0,41.0,69.0,131.0,40.0,12.0,111.0,72.0,94.0,33.0,20.0,74.0,26.0,115.0,66.0,135.0,36.0,77.0,12.0,47.0,147.0,163.0,112.0,79.0,141.0,97.0,189.0,188.0,102.0,116.0,111.0,135.0,152.0,111.0,19.0,171.0,94.0,187.0,127.0,154.0,15.0,80.0,45.0,101.0,45.0,130.0,131.0,74.0,135.0,104.0,70.0,176.0,181.0,14.0,60.0,129.0,110.0,23.0,24.0,135.0,22.0,72.0,82.0,149.0,144.0,20.0,160.0,126.0,68.0,51.0,169.0,107.0,183.0,123.0,6.0,137.0,187.0,41.0,10.0,102.0,169.0,122.0,136.0,25.0,53.0,106.0,21.0,17.0,113.0,187.0,147.0,18.0,189.0,18.0,114.0,109.0,143.0,88.0,114.0,150.0,156.0,12.0,177.0,179.0,170.0,30.0,129.0,148.0,161.0,111.0,127.0,85.0,155.0,60.0,80.0,94.0,28.0,162.0,60.0,145.0,89.0,30.0,47.0,6.0,107.0,54.0,156.0,134.0,45.0,95.0,99.0,26.0,24.0,151.0,73.0,33.0,186.0,118.0,187.0,152.0,135.0,170.0,3.0,57.0,18.0,91.0,52.0,49.0,80.0,21.0,94.0,189.0,26.0,118.0,133.0,50.0,3.0,65.0,81.0,100.0,80.0,110.0,35.0,52.0,171.0,174.0,171.0,84.0,11.0,71.0,49.0,70.0,88.0,133.0,188.0,66.0,154.0,39.0,152.0,47.0,57.0,63.0,40.0,121.0,185.0,4.0,24.0,160.0,44.0,87.0,109.0,7.0,147.0
113.0,131.0,99.0,94.0,109.0,169.0,61.0,105.0,2.0,116.0,151.0,184.0,135.0,55.0,162.0,114.0,57.0,136.0,45.0,176.0,36.0,46.0,87.0,138.0,92.0,41.0,16.0,157.0,90.0,10.0,43.0,165.0,0.0,111.0,180.0,50.0,37.0,122.0,136.0,107.0,26.0,39.0,183.0,28.0,176.0,108.0,178.0,53.0,24.0,188.0,18.0,18.0,156.0,124.0,11.0,57.0,46.0,180.0,60.0,8.0,161.0,127.0,154.0,15.0,30.0,34.0,140.0,163.0,98.0,112.0,86.0,176.0,190.0,8.0,119.0,149.0,152.0,186.0,162.0,104.0,113.0,49.0,11.0,112.0,131.0,125.0,113.0,4.0,18.0,13.0,49.0,134.0,161.0,180.0,18.0,167.0,2.0,61.0,29.0,97.0,138.0,0.0,171.0,126.0,125.0,18.0,165.0,133.0,143.0,148.0,133.0,103.0,103.0,12.0,25.0,98.0,127.0,70.0,12.0,126.0,131.0,30.0,45.0,186.0,186.0,161.0,189.0,120.0,43.0,26.0,155.0,118.0,72.0,136.0,176.0,54.0,72.0,54.0,142.0,125.0,178.0,124.0,92.0,113.0,187.0,84.0,25.0,41.0,70.0,16.0,43.0,40.0,28.0,91.0,71.0,78.0,92.0,162.0,63.0,170.0,10.0,115.0,56.0,6.0,70.0,51.0,4.0,160.0,163.0,74.0,22.0,188.0,113.0,14.0,23.0,86.0,31.0,36.0,79.0,146.0,60.0,84.0,164.0,112.0,40.0,123.0,19.0,19.0,69.0,189.0,33.0,63.0,167.0,152.0,119.0,104.0,130.0,21.0,46.0,54.0,81.0,2.0,102.0,105.0,184.0,155.0,61.0,64.0,80.0,177.0,28.0,165.0,121.0,87.0,92.0,145.0,127.0,132.0,29.0,107.0,45.0,42.0,106.0,64.0,13.0,132.0,172.0,93.0,123.0,47.0,6.0,57.0,92.0,94.0,78.0,111.0,172.0,58.0,60.0,28.0,184.0,162.0,155.0,154.0,183.0,30.0,58.0,191.0,2.0,42.0,98.0,53.0,135.0,152.0,39.0,162.0,57.0,14.0,152.0,171.0,32.0,139.0,180.0,46.0,164.0,62.0,129.0,8.0,112.0,187.0,172.0,169.0,149.0,89.0,159.0,138.0,82.0,181.0,17.0,179.0,185.0,56.0,87.0,90.0,109.0,35.0,49.0,140.0,141.0,119.0,119.0,47.0,53.0,95.0,163.0,110.0,49.0,176.0,57.0,162.0,166.0,70.0,188.0,174.0,70.0,109.0,86.0,145.0,13.0,152.0,58.0,30.0,4.0,2.0,53.0,164.0,129.0,140.0,175.0,48.0,11.0,93.0,63.0,44.0,23.0,135.0,142.0,10.0,115.0,148.0,137.0,89.0,91.0,149.0,171.0,145.0,53.0,88.0,141.0,92.0,141.0,68.0,48.0,141.0,39.0,56.0,169.0,155.0,148.0,37.0,189.0,181.0,79.0,1.0,88.0,52.0,180.0,108.0,9.0,121.0,148.0,101.0,58.0,129.0,172.0,58.0,115.0,16.0,30.0,27.0,46.0,120.0,39.0,14.0,107.0,27.0,132.0,101.0,12.0,152.0,55.0,186.0,103.0,76.0,27.0,9.0,97.0,107.0,60.0,22.0,137.0,154.0,125.0,189.0,180.0,108.0,15.0,6.0,185.0,105.0,151.0,148.0,117.0,144.0,9.0,1.0,158.0,174.0,147.0,168.0,169.0,181.0,54.0,120.0,35.0,36.0,186.0,127.0,186.0,170.0,53.0,64.0,168.0,116.0,130.0,120.0,93.0,163.0,38.0,65.0,39.0,20.0,57.0,130.0,27.0,32.0,36.0,156.0,18.0,176.0,165.0,9.0,8.0,89.0,78.0,86.0,28.0,21.0,109.0,147.0,61.0,98.0,19.0,160.0,63.0,176.0,109.0,189.0,105.0,103.0,55.0,32.0,125.0,121.0,47.0,134.0,191.0,131.0,186.0,40.0,149.0,33.0,112.0,99.0,73.0,90.0,48.0,106.0,31.0,29.0,117.0,125.0,79.0,165.0,45.0,50.0,184.0,4.0,119.0,21.0,78.0,127.0,4.0,81.0,173.0,28.0,63.0,114.0,172.0,110.0,185.0,7.0,55.0,2.0,51.0,163.0,113.0,181.0,102.0,68.0
146.0,92.0,126.0,182.0,139.0,110.0,137.0,113.0,114.0,158.0,17.0,5.0,66.0,181.0,76.0,156.0,50.0,94.0,73.0,186.0,181.0,156.0,126.0,142.0,154.0,68.0,58.0,156.0,28.0,163.0,33.0,115.0,129.0,120.0,141.0,82.0,27.0,138.0,47.0,161.0,145.0,109.0,152.0,3.0,172.0,14.0,177.0,111.0,176.0,180.0,20.0,141.0,12.0,97.0,149.0,114.0,129.0,160.0,163.0,187.0,21.0,184.0,73.0,149.0,58.0,169.0,190.0,55.0,110.0,41.0,37.0,20.0,118.0,15.0,34.0,146.0,98.0,134.0,122.0,90.0,82.0,139.0,17.0,111.0,97.0,107.0,92.0,125.0,36.0,44.0,135.0,165.0,63.0,127.0,34.0,26.0,58.0,56.0,7.0,67.0,99.0,107.0,32.0,27.0,179.0,153.0,103.0,40.0,107.0,125.0,125.0,34.0,137.0,163.0,160.0,176.0,172.0,130.0,69.0,145.0,91.0,127.0,72.0,154.0,123.0,81.0,8.0,115.0,107.0,131.0,101.0,13.0,51.0,100.0,144.0,50.0,8.0,121.0,77.0,32.0,31.0,157.0,188.0,173.0,49.0,48.0,124.0,69.0,127.0,99.0,1.0,174.0,2.0,115.0,58.0,119.0,79.0,154.0,28.0,137.0,47.0,95.0,2.0,180.0,120.0,64.0,5.0,70.0,179.0,103.0,145.0,143.0,126.0,44.0,84.0,157.0,25.0,85.0,140.0,93.0,67.0,46.0,151.0,74.0,147.0,171.0,101.0,54.0,101.0,83.0,8.0,37.0,159.0,2.0,53.0,140.0,120.0,43.0,67.0,38.0,181.0,167.0,113.0,89.0,83.0,101.0,179.0,11.0,177.0,91.0,64.0,46.0,129.0,36.0,182.0,162.0,41.0,1.0,105.0,109.0,183.0,153.0,177.0,71.0,166.0,85.0,151.0,113.0,111.0,159.0,191.0,82.0,80.0,21.0,121.0,19.0,180.0,137.0,172.0,15.0,27.0,122.0,178.0,182.0,56.0,149.0,0.0,110.0,100.0,164.0,1.0,121.0,87.0,105.0,50.0,55.0,164.0,177.0,190.0,140.0,141.0,111.0,94.0,126.0,84.0,52.0,170.0,174.0,146.0,164.0,3.0,87.0,120.0,183.0,143.0,71.0,59.0,28.0,184.0,171.0,42.0,96.0,124.0,30.0,44.0,94.0,86.0,22.0,164.0,25.0,184.0,163.0,83.0,158.0,156.0,100.0,142.0,42.0,154.0,125.0,19.0,110.0,133.0,117.0,102.0,133.0,176.0,39.0,61.0,115.0,23.0,143.0,90.0,132.0,33.0,17.0,123.0,36.0,89.0,82.0,105.0,187.0,90.0,19.0,2.0,3.0,22.0,168.0,37.0,48.0,26.0,50.0,122.0,105.0,56.0,70.0,115.0,72.0,133.0,117.0,94.0,81.0,74.0,166.0,171.0,34.0,74.0,69.0,125.0,26.0,169.0,87.0,22.0,4.0,50.0,138.0,161.0,183.0,169.0,130.0,181.0,86.0,173.0,187.0,14.0,187.0,46.0,71.0,124.0,130.0,16.0,5.0,14.0,147.0,184.0,141.0,159.0,67.0,114.0,70.0,111.0,91.0,47.0,134.0,85.0,89.0,15.0,45.0,66.0,111.0,188.0,123.0,149.0,20.0,68.0,79.0,51.0,74.0,170.0,103.0,67.0,153.0,37.0,69.0,45.0,52.0,94.0,102.0,176.0,169.0,136.0,147.0,184.0,190.0,186.0,184.0,26.0,74.0,171.0,92.0,99.0,63.0,60.0,75.0,6.0,101.0,175.0,64.0,97.0,145.0,51.0,102.0,134.0,30.0,118.0,183.0,178.0,131.0,33.0,57.0,142.0,99.0,116.0,163.0,22.0,36.0,173.0,155.0,27.0,129.0,31.0,147.0,26.0,79.0,176.0,183.0,111.0,46.0,15.0,31.0,89.0,176.0,163.0,133.0,76.0,163.0,162.0,164.0,1.0,160.0,70.0,36.0,14.0,92.0,139.0,85.0,130.0,92.0,68.0,3.0,160.0,96.0,81.0,93.0,48.0,3.0,48.0,63.0,151.0,134.0,94.0,158.0,33.0,147.0,107.0,149.0,174.0,59.0,115.0,164.0,71.0,57.0,121.0,95.0,141.0,19.0,47.0,39.0,148.0,42.0
145.0,136.0,47.0,42.0,51.0,85.0,190.0,165.0,85.0,113.0,48.0,27.0,183.0,2.0,142.0,75.0,13.0,181.0,143.0,188.0,88.0,186.0,107.0,124.0,23.0,189.0,102.0,72.0,92.0,179.0,146.0,111.0,139.0,191.0,127.0,173.0,184.0,59.0,79.0,109.0,120.0,173.0,117.0,159.0,132.0,7.0,128.0,9.0,145.0,111.0,163.0,146.0,140.0,40.0,169.0,48.0,76.0,128.0,137.0,52.0,131.0,54.0,130.0,169.0,41.0,7.0,171.0,117.0,169.0,100.0,10.0,30.0,73.0,119.0,121.0,191.0,166.0,101.0,42.0,133.0,68.0,71.0,61.0,3.0,150.0,186.0,153.0,162.0,37.0,85.0,107.0,185.0,54.0,145.0,164.0,33.0,19.0,54.0,160.0,185.0,46.0,8.0,153.0,74.0,126.0,132.0,98.0,25.0,6.0,14.0,68.0,88.0,128.0,57.0,89.0,133.0,119.0,18.0,71.0,96.0,33.0,183.0,7.0,89.0,17.0,152.0,87.0,176.0,70.0,126.0,83.0,166.0,141.0,107.0,168.0,186.0,76.0,145.0,73.0,109.0,183.0,108.0,26.0,174.0,69.0,125.0,121.0,46.0,91.0,45.0,170.0,42.0,15.0,165.0,141.0,0.0,102.0,93.0,143.0,166.0,66.0,185.0,156.0,146.0,45.0,109.0,48.0,69.0,171.0,26.0,94.0,55.0,182.0,49.0,41.0,108.0,168.0,161.0,185.0,116.0,126.0,161.0,63.0,131.0,183.0,122.0,55.0,149.0,134.0,176.0,135.0,186.0,118.0,148.0,32.0,59.0,123.0,31.0,36.0,87.0,111.0,147.0,181.0,65.0,168.0,186.0,19.0,26.0,66.0,2.0,5.0,106.0,62.0,100.0,114.0,95.0,86.0,176.0,98.0,36.0,168.0,116.0,171.0,118.0,5.0,74.0,173.0,153.0,125.0,115.0,135.0,91.0,94.0,185.0,114.0,137.0,176.0,190.0,162.0,78.0,85.0,32.0,164.0,145.0,173.0,126.0,137.0,75.0,67.0,113.0,139.0,80.0,60.0,46.0,181.0,56.0,99.0,167.0,8.0,156.0,158.0,63.0,29.0,6.0,1.0,61.0,127.0,9.0,28.0,188.0,144.0,153.0,190.0,0.0,142.0,174.0,88.0,17.0,69.0,154.0,10.0,186.0,176.0,173.0,98.0,189.0,15.0,49.0,133.0,35.0,83.0,167.0,104.0,70.0,24.0,169.0,65.0,155.0,111.0,69.0,86.0,172.0,175.0,1.0,63.0,168.0,122.0,90.0,179.0,146.0,111.0,169.0,141.0,178.0,40.0,15.0,60.0,145.0,66.0,71.0,75.0,166.0,56.0,9.0,162.0,188.0,34.0,8.0,136.0,112.0,48.0,122.0,68.0,148.0,177.0,55.0,21.0,139.0,21.0,61.0,136.0,155.0,41.0,18.0,94.0,90.0,109.0,93.0,82.0,121.0,174.0,42.0,144.0,163.0,31.0,26.0,59.0,11.0,130.0,95.0,185.0,24.0,60.0,120.0,24.0,74.0,41.0,49.0,41.0,40.0,148.0,121.0,50.0,25.0,129.0,103.0,0.0,149.0,178.0,19.0,155.0,51.0,176.0,116.0,38.0,82.0,142.0,47.0,64.0,189.0,111.0,101.0,127.0,122.0,60.0,47.0,137.0,25.0,10.0,22.0,105.0,113.0,170.0,37.0,84.0,26.0,16.0,90.0,80.0,69.0,168.0,15.0,41.0,148.0,19.0,73.0,21.0,33.0,25.0,117.0,151.0,66.0,186.0,157.0,152.0,52.0,12.0,190.0,40.0,57.0,95.0,131.0,113.0,70.0,45.0,42.0,38.0,113.0,55.0,139.0,189.0,80.0,19.0,41.0,89.0,140.0,187.0,31.0,142.0,167.0,130.0,161.0,48.0,108.0,175.0,49.0,10.0,80.0,68.0,145.0,19.0,14.0,102.0,10.0,54.0,188.0,26.0,106.0,20.0,162.0,186.0,117.0,39.0,144.0,76.0,146.0,119.0,4.0,37.0,154.0,10.0,85.0,12.0,118.0,5.0,59.0,111.0,68.0,88.0,64.0,77.0,49.0,159.0,116.0,73.0,4.0,18.0,68.0,56.0,68.0,161.0,30.0,106.0,74.0,78.0,84.0,156.0,75.0,34.0,89.0
9.0,111.0,120.0,46.0,155.0,81.0,157.0,172.0,126.0,145.0,130.0,116.0,47.0,112.0,172.0,66.0,23.0,178.0,18.0,99.0,78.0,181.0,132.0,188.0,70.0,17.0,151.0,21.0,120.0,45.0,29.0,75.0,126.0,121.0,6.0,4.0,39.0,165.0,37.0,85.0,71.0,190.0,20.0,20.0,184.0,104.0,38.0,75.0,95.0,126.0,90.0,122.0,122.0,184.0,191.0,138.0,21.0,31.0,143.0,142.0,138.0,185.0,81.0,110.0,66.0,175.0,128.0,151.0,67.0,153.0,98.0,1.0,80.0,44.0,61.0,96.0,121.0,98.0,134.0,81.0,5.0,30.0,181.0,90.0,70.0,154.0,158.0,32.0,169.0,147.0,64.0,173.0,173.0,53.0,115.0,20.0,176.0,43.0,87.0,23.0,89.0,80.0,67.0,149.0,144.0,16.0,131.0,149.0,150.0,45.0,36.0,148.0,45.0,63.0,103.0,8.0,3.0,54.0,65.0,59.0,71.0,33.0,54.0,78.0,33.0,139.0,61.0,18.0,175.0,159.0,9.0,67.0,20.0,23.0,57.0,28.0,42.0,187.0,137.0,39.0,56.0,55.0,101.0,29.0,135.0,143.0,57.0,0.0,64.0,33.0,31.0,7.0,38.0,156.0,136.0,20.0,182.0,66.0,5.0,171.0,149.0,109.0,27.0,114.0,138.0,60.0,132.0,34.0,120.0,141.0,42.0,179.0,128.0,23.0,30.0,18.0,123.0,94.0,2.0,86.0,191.0,49.0,117.0,31.0,124.0,31.0,69.0,171.0,0.0,126.0,80.0,180.0,84.0,21.0,41.0,95.0,167.0,1.0,170.0,26.0,115.0,96.0,165.0,146.0,21.0,57.0,157.0,62.0,137.0,13.0,80.0,27.0,22.0,26.0,180.0,128.0,148.0,47.0,179.0,125.0,175.0,86.0,52.0,137.0,85.0,92.0,144.0,49.0,178.0,136.0,95.0,94.0,42.0,17.0,97.0,146.0,71.0,183.0,166.0,52.0,92.0,112.0,143.0,146.0,63.0,59.0,7.0,132.0,50.0,160.0,87.0,58.0,70.0,85.0,107.0,107.0,177.0,142.0,28.0,116.0,182.0,160.0,137.0,117.0,175.0,177.0,11.0,36.0,39.0,3.0,94.0,122.0,155.0,63.0,157.0,40.0,140.0,146.0,190.0,16.0,187.0,69.0,51.0,45.0,158.0,138.0,173.0,178.0,74.0,81.0,101.0,0.0,161.0,115.0,133.0,175.0,68.0,158.0,11.0,179.0,47.0,108.0,137.0,107.0,180.0,49.0,79.0,116.0,191.0,186.0,137.0,149.0,126.0,29.0,137.0,58.0,181.0,47.0,150.0,186.0,98.0,50.0,47.0,24.0,121.0,15.0,61.0,145.0,98.0,118.0,54.0,37.0,124.0,7.0,46.0,153.0,10.0,8.0,0.0,138.0,31.0,178.0,44.0,154.0,180.0,44.0,185.0,168.0,175.0,102.0,191.0,93.0,90.0,130.0,12.0,7.0,2.0,133.0,35.0,19.0,151.0,61.0,34.0,162.0,22.0,159.0,6.0,109.0,152.0,81.0,10.0,137.0,32.0,47.0,12.0,41.0,16.0,182.0,159.0,3.0,46.0,115.0,21.0,122.0,187.0,180.0,57.0,114.0,123.0,45.0,135.0,93.0,191.0,29.0,34.0,40.0,125.0,90.0,43.0,9.0,2.0,25.0,147.0,177.0,164.0,106.0,120.0,57.0,191.0,21.0,52.0,126.0,118.0,126.0,105.0,3.0,114.0,47.0,106.0,25.0,92.0,106.0,69.0,145.0,43.0,90.0,101.0,159.0,154.0,154.0,134.0,7.0,85.0,7.0,127.0,102.0,80.0,62.0,20.0,59.0,174.0,172.0,28.0,160.0,100.0,63.0,71.0,83.0,152.0,179.0,121.0,93.0,119.0,128.0,74.0,163.0,35.0,85.0,103.0,171.0,84.0,30.0,111.0,24.0,46.0,88.0,111.0,83.0,0.0,133.0,178.0,35.0,63.0,25.0,12.0,53.0,148.0,13.0,50.0,56.0,35.0,114.0,66.0,143.0,27.0,18.0,47.0,15.0,138.0,99.0,91.0,137.0,151.0,184.0,121.0,13.0,153.0,125.0,40.0,43.0,70.0,63.0,171.0,184.0,125.0,71.0,36.0,58.0,48.0,60.0
11.0,38.0,61.0,173.0,24.0,163.0,132.0,30.0,151.0,157.0,45.0,22.0,44.0,154.0,13.0,20.0,67.0,81.0,172.0,97.0,140.0,185.0,7.0,78.0,143.0,92.0,179.0,77.0,174.0,150.0,24.0,183.0,11.0,179.0,115.0,161.0,119.0,51.0,168.0,52.0,153.0,144.0,127.0,172.0,59.0,46.0,73.0,70.0,159.0,138.0,130.0,91.0,17.0,33.0,19.0,24.0,172.0,61.0,165.0,85.0,68.0,2.0,136.0,60.0,184.0,51.0,28.0,40.0,141.0,159.0,33.0,117.0,16.0,27.0,185.0,97.0,120.0,7.0,138.0,165.0,52.0,189.0,175.0,18.0,63.0,116.0,24.0,113.0,142.0,165.0,132.0,92.0,147.0,36.0,36.0,169.0,20.0,162.0,73.0,111.0,130.0,169.0,48.0,16.0,121.0,68.0,62.0,82.0,173.0,65.0,171.0,65.0,60.0,152.0,151.0,125.0,152.0,136.0,185.0,72.0,190.0,27.0,83.0,32.0,14.0,162.0,117.0,85.0,147.0,119.0,6.0,158.0,80.0,145.0,110.0,171.0,69.0,0.0,124.0,64.0,32.0,180.0,54.0,99.0,14.0,15.0,92.0,175.0,172.0,27.0,113.0,13.0,93.0,43.0,93.0,70.0,165.0,189.0,94.0,186.0,178.0,102.0,67.0,132.0,141.0,81.0,136.0,25.0,8.0,24.0,71.0,10.0,54.0,37.0,55.0,88.0,165.0,162.0,82.0,143.0,83.0,155.0,55.0,62.0,142.0,140.0,177.0,73.0,34.0,153.0,94.0,34.0,174.0,64.0,100.0,58.0,170.0,10.0,165.0,126.0,128.0,67.0,89.0,28.0,190.0,26.0,64.0,181.0,20.0,85.0,32.0,31.0,166.0,118.0,9.0,33.0,179.0,9.0,153.0,81.0,28.0,130.0,124.0,51.0,17.0,12.0,178.0,25.0,187.0,30.0,59.0,113.0,132.0,89.0,126.0,110.0,101.0,28.0,131.0,105.0,123.0,178.0,162.0,156.0,125.0,37.0,122.0,27.0,163.0,99.0,163.0,52.0,29.0,88.0,41.0,88.0,140.0,154.0,18.0,50.0,126.0,65.0,102.0,170.0,19.0,69.0,187.0,43.0,77.0,107.0,78.0,18.0,169.0,191.0,4.0,176.0,63.0,189.0,72.0,98.0,191.0,189.0,54.0,130.0,39.0,83.0,155.0,135.0,159.0,86.0,152.0,94.0,42.0,3.0,146.0,47.0,137.0,146.0,44.0,144.0,165.0,159.0,119.0,113.0,93.0,55.0,95.0,1.0,176.0,29.0,36.0,90.0,134.0,54.0,83.0,56.0,16.0,102.0,93.0,106.0,77.0,126.0,52.0,67.0,96.0,182.0,132.0,181.0,64.0,191.0,73.0,94.0,125.0,173.0,94.0,78.0,41.0,76.0,22.0,50.0,127.0,20.0,31.0,110.0,153.0,16.0,183.0,178.0,97.0,25.0,136.0,57.0,12.0,100.0,133.0,62.0,81.0,143.0,38.0,2.0,38.0,51.0,41.0,103.0,158.0,102.0,21.0,130.0,173.0,179.0,153.0,144.0,93.0,145.0,69.0,191.0,27.0,83.0,69.0,30.0,165.0,96.0,174.0,46.0,21.0,55.0,139.0,145.0,4.0,170.0,55.0,45.0,157.0,94.0,75.0,155.0,133.0,133.0,79.0,33.0,123.0,145.0,82.0,114.0,175.0,163.0,4.0,177.0,23.0,172.0,108.0,40.0,0.0,184.0,79.0,139.0,105.0,78.0,69.0,14.0,23.0,154.0,119.0,147.0,77.0,156.0,70.0,17.0,73.0,42.0,80.0,4.0,47.0,46.0,171.0,97.0,22.0,0.0,181.0,32.0,166.0,140.0,93.0,145.0,93.0,57.0,102.0,109.0,84.0,53.0,141.0,123.0,89.0,125.0,159.0,121.0,44.0,175.0,185.0,34.0,138.0,187.0,35.0,87.0,116.0,75.0,90.0,79.0,138.0,18.0,60.0,151.0,73.0,69.0,77.0,78.0,10.0,32.0,94.0,9.0,7.0,3.0,45.0,5.0,49.0,154.0,104.0,26.0,34.0,142.0,167.0,110.0,115.0,87.0,36.0,39.0,133.0,6.0,92.0,130.0,101.0,107.0,135.0,46.0,23.0,4.0,78.0,63.0,190.0,23.0
184.0,1.0,178.0,39.0,97.0,131.0,146.0,94.0,15.0,64.0,73.0,128.0,158.0,90.0,120.0,145.0,1.0,0.0,49.0,187.0,112.0,146.0,80.0,91.0,160.0,48.0,0.0,27.0,24.0,188.0,142.0,150.0,97.0,155.0,23.0,43.0,171.0,183.0,36.0,157.0,162.0,150.0,155.0,9.0,24.0,95.0,28.0,106.0,131.0,23.0,85.0,158.0,148.0,109.0,136.0,142.0,77.0,108.0,82.0,157.0,158.0,189.0,80.0,32.0,35.0,3.0,109.0,190.0,37.0,57.0,105.0,16.0,182.0,118.0,44.0,147.0,181.0,42.0,127.0,39.0,73.0,100.0,86.0,41.0,162.0,13.0,167.0,178.0,153.0,111.0,102.0,126.0,188.0,45.0,82.0,24.0,36.0,188.0,149.0,1.0,115.0,25.0,148.0,35.0,157.0,183.0,66.0,181.0,23.0,32.0,11.0,102.0,56.0,61.0,71.0,115.0,112.0,15.0,41.0,37.0,24.0,26.0,120.0,163.0,167.0,183.0,86.0,79.0,129.0,178.0,122.0,110.0,14.0,50.0,39.0,22.0,171.0,134.0,165.0,111.0,131.0,145.0,121.0,86.0,112.0,116.0,22.0,33.0,137.0,4.0,114.0,191.0,140.0,166.0,37.0,111.0,58.0,6.0,43.0,101.0,24.0,183.0,127.0,88.0,103.0,130.0,22.0,73.0,35.0,67.0,155.0,182.0,171.0,57.0,175.0,95.0,72.0,97.0,37.0,152.0,101.0,172.0,14.0,170.0,43.0,13.0,60.0,86.0,138.0,136.0,88.0,161.0,75.0,112.0,13.0,6.0,17.0,96.0,160.0,81.0,137.0,4.0,53.0,187.0,105.0,93.0,107.0,70.0,79.0,167.0,95.0,62.0,115.0,88.0,108.0,163.0,2.0,183.0,42.0,23.0,11.0,58.0,39.0,101.0,115.0,67.0,64.0,152.0,39.0,92.0,171.0,117.0,26.0,62.0,59.0,184.0,132.0,158.0,151.0,98.0,64.0,118.0,18.0,15.0,140.0,121.0,181.0,160.0,98.0,96.0,100.0,32.0,130.0,100.0,159.0,151.0,95.0,20.0,52.0,40.0,38.0,30.0,159.0,79.0,102.0,80.0,92.0,11.0,100.0,182.0,148.0,143.0,110.0,111.0,88.0,61.0,130.0,40.0,152.0,185.0,6.0,107.0,2.0,154.0,145.0,146.0,63.0,98.0,88.0,58.0,188.0,143.0,163.0,120.0,62.0,45.0,69.0,91.0,47.0,77.0,42.0,128.0,190.0,76.0,123.0,91.0,11.0,26.0,183.0,52.0,31.0,58.0,116.0,27.0,9.0,55.0,24.0,18.0,36.0,107.0,91.0,180.0,140.0,86.0,172.0,104.0,149.0,16.0,167.0,27.0,163.0,8.0,148.0,26.0,28.0,108.0,108.0,179.0,56.0,145.0,179.0,186.0,8.0,124.0,37.0,89.0,14.0,38.0,92.0,77.0,157.0,120.0,92.0,54.0,155.0,79.0,186.0,86.0,113.0,5.0,175.0,183.0,128.0,32.0,121.0,125.0,28.0,103.0,140.0,119.0,97.0,177.0,133.0,132.0,35.0,73.0,130.0,36.0,164.0,10.0,168.0,148.0,64.0,126.0,65.0,112.0,70.0,126.0,74.0,36.0,186.0,36.0,44.0,102.0,134.0,103.0,85.0,77.0,120.0,31.0,152.0,96.0,45.0,162.0,126.0,169.0,64.0,111.0,98.0,90.0,160.0,56.0,190.0,10.0,136.0,24.0,154.0,108.0,47.0,27.0,159.0,186.0,162.0,97.0,169.0,93.0,50.0,133.0,100.0,114.0,98.0,31.0,70.0,24.0,103.0,146.0,9.0,24.0,135.0,125.0,119.0,26.0,151.0,109.0,62.0,123.0,133.0,68.0,21.0,143.0,96.0,153.0,93.0,29.0,135.0,190.0,185.0,12.0,142.0,32.0,21.0,170.0,178.0,42.0,138.0,87.0,95.0,50.0,114.0,5.0,106.0,166.0,58.0,27.0,131.0,137.0,61.0,148.0,76.0,93.0,42.0,111.0,155.0,183.0,150.0,67.0,152.0,139.0,176.0,188.0,178.0,30.0,60.0,50.0,95.0,49.0,48.0,136.0,28.0,171.0,26.0,48.0,164.0,13.0,135.0,59.0,141.0,188.0,123.0,113.0
168.0,34.0,102.0,21.0,145.0,38.0,11.0,125.0,22.0,135.0,100.0,124.0,123.0,172.0,92.0,91.0,7.0,171.0,109.0,9.0,109.0,27.0,68.0,119.0,175.0,154.0,182.0,87.0,32.0,106.0,133.0,110.0,80.0,149.0,38.0,57.0,78.0,100.0,32.0,170.0,86.0,120.0,94.0,81.0,60.0,118.0,86.0,188.0,113.0,45.0,70.0,26.0,173.0,16.0,69.0,46.0,139.0,163.0,162.0,138.0,185.0,103.0,102.0,126.0,100.0,103.0,58.0,58.0,112.0,91.0,148.0,23.0,121.0,169.0,101.0,122.0,130.0,180.0,81.0,111.0,174.0,121.0,23.0,143.0,177.0,160.0,11.0,18.0,34.0,128.0,147.0,3.0,137.0,175.0,190.0,172.0,29.0,31.0,60.0,19.0,181.0,150.0,112.0,184.0,154.0,75.0,137.0,178.0,113.0,169.0,24.0,157.0,124.0,151.0,173.0,127.0,46.0,14.0,53.0,30.0,182.0,176.0,164.0,81.0,155.0,125.0,68.0,11.0,14.0,35.0,98.0,179.0,112.0,54.0,143.0,2.0,20.0,110.0,156.0,187.0,173.0,36.0,186.0,102.0,146.0,64.0,172.0,59.0,33.0,87.0,9.0,3.0,23.0,126.0,28.0,11.0,105.0,78.0,130.0,25.0,98.0,32.0,32.0,65.0,134.0,66.0,76.0,120.0,101.0,23.0,48.0,112.0,151.0,21.0,25.0,48.0,111.0,108.0,13.0,84.0,26.0,53.0,123.0,107.0,174.0,159.0,43.0,172.0,176.0,167.0,56.0,185.0,103.0,160.0,88.0,57.0,166.0,95.0,47.0,39.0,130.0,157.0,158.0,181.0,189.0,30.0,105.0,142.0,64.0,11.0,128.0,102.0,73.0,128.0,66.0,121.0,172.0,55.0,55.0,180.0,121.0,151.0,166.0,86.0,10.0,158.0,14.0,80.0,0.0,91.0,52.0,134.0,29.0,141.0,35.0,94.0,186.0,175.0,121.0,16.0,66.0,190.0,153.0,38.0,123.0,7.0,84.0,63.0,188.0,101.0,90.0,150.0,62.0,165.0,77.0,105.0,74.0,191.0,140.0,128.0,25.0,186.0,53.0,89.0,15.0,101.0,32.0,34.0,163.0,44.0,45.0,141.0,90.0,127.0,65.0,188.0,159.0,117.0,54.0,105.0,151.0,46.0,126.0,58.0,6.0,140.0,26.0,121.0,68.0,80.0,77.0,43.0,87.0,35.0,72.0,163.0,51.0,123.0,160.0,53.0,100.0,139.0,51.0,69.0,51.0,23.0,120.0,150.0,82.0,77.0,15.0,167.0,74.0,151.0,64.0,32.0,29.0,52.0,100.0,52.0,123.0,92.0,156.0,148.0,55.0,67.0,11.0,43.0,6.0,101.0,81.0,21.0,175.0,103.0,174.0,62.0,129.0,132.0,71.0,8.0,182.0,76.0,82.0,19.0,118.0,65.0,53.0,28.0,101.0,17.0,47.0,157.0,190.0,155.0,112.0,13.0,150.0,95.0,57.0,82.0,118.0,115.0,157.0,28.0,156.0,63.0,57.0,18.0,107.0,45.0,50.0,128.0,122.0,96.0,108.0,107.0,128.0,6.0,121.0,89.0,83.0,95.0,129.0,35.0,120.0,166.0,26.0,117.0,49.0,62.0,140.0,59.0,52.0,161.0,24.0,178.0,13.0,40.0,45.0,47.0,136.0,119.0,36.0,10.0,61.0,130.0,184.0,69.0,166.0,187.0,180.0,86.0,43.0,5.0,34.0,136.0,182.0,183.0,104.0,73.0,76.0,95.0,63.0,169.0,134.0,8.0,146.0,119.0,78.0,5.0,88.0,186.0,1.0,112.0,99.0,137.0,60.0,38.0,183.0,100.0,4.0,148.0,87.0,165.0,122.0,163.0,65.0,181.0,178.0,157.0,116.0,5.0,151.0,21.0,166.0,103.0,58.0,34.0,148.0,108.0,3.0,50.0,81.0,176.0,23.0,137.0,96.0,5.0,141.0,137.0,38.0,65.0,46.0,111.0,81.0,70.0,113.0,153.0,163.0,114.0,22.0,45.0,51.0,4.0,13.0,16.0,120.0,23.0,109.0,10.0,33.0,116.0,105.0,26.0,84.0,110.0,77.0,124.0,12.0,183.0,149.0,169.0,109.0,82.0,98.0,30.0,1.0,11.0,53.0,15.0
101.0,88.0,83.0,61.0,86.0,83.0,87.0,89.0,51.0,35.0,114.0,166.0,13.0,140.0,91.0,1.0,156.0,164.0,189.0,114.0,190.0,178.0,98.0,145.0,99.0,107.0,1.0,24.0,171.0,149.0,103.0,12.0,177.0,164.0,15.0,163.0,136.0,42.0,174.0,16.0,167.0,15.0,170.0,181.0,11.0,91.0,134.0,28.0,190.0,54.0,35.0,123.0,97.0,120.0,92.0,187.0,136.0,123.0,21.0,30.0,146.0,118.0,86.0,151.0,165.0,15.0,61.0,102.0,71.0,39.0,74.0,162.0,113.0,120.0,78.0,177.0,32.0,88.0,71.0,139.0,65.0,75.0,168.0,120.0,20.0,187.0,111.0,9.0,161.0,0.0,37.0,141.0,0.0,31.0,110.0,186.0,22.0,147.0,119.0,112.0,40.0,158.0,53.0,152.0,118.0,22.0,101.0,153.0,111.0,66.0,41.0,28.0,157.0,64.0,93.0,40.0,158.0,0.0,52.0,111.0,98.0,142.0,127.0,177.0,66.0,27.0,55.0,187.0,49.0,176.0,123.0,85.0,115.0,165.0,119.0,155.0,123.0,174.0,159.0,51.0,121.0,135.0,154.0,11.0,154.0,54.0,162.0,74.0,71.0,143.0,119.0,135.0,64.0,49.0,134.0,31.0,30.0,69.0,95.0,87.0,97.0,94.0,157.0,34.0,92.0,15.0,37.0,96.0,153.0,27.0,172.0,152.0,58.0,47.0,144.0,26.0,98.0,145.0,142.0,142.0,34.0,6.0,70.0,61.0,104.0,128.0,56.0,184.0,94.0,158.0,103.0,131.0,83.0,82.0,173.0,83.0,30.0,65.0,104.0,157.0,16.0,149.0,145.0,32.0,75.0,44.0,15.0,27.0,145.0,54.0,106.0,5.0,80.0,67.0,120.0,182.0,15.0,43.0,165.0,69.0,73.0,31.0,175.0,176.0,79.0,52.0,82.0,170.0,183.0,183.0,146.0,92.0,64.0,137.0,30.0,124.0,56.0,139.0,9.0,163.0,12.0,58.0,42.0,96.0,113.0,3.0,115.0,55.0,159.0,125.0,145.0,186.0,83.0,177.0,30.0,9.0,8.0,96.0,66.0,0.0,50.0,162.0,167.0,88.0,184.0,125.0,103.0,107.0,86.0,77.0,21.0,1.0,131.0,78.0,50.0,31.0,156.0,147.0,37.0,112.0,63.0,27.0,53.0,129.0,151.0,170.0,137.0,162.0,155.0,107.0,177.0,119.0,63.0,106.0,132.0,17.0,144.0,121.0,20.0,142.0,95.0,188.0,24.0,99.0,62.0,86.0,47.0,157.0,9.0,31.0,47.0,38.0,147.0,117.0,155.0,27.0,152.0,166.0,120.0,153.0,138.0,43.0,178.0,105.0,112.0,52.0,15.0,1.0,177.0,165.0,114.0,51.0,126.0,183.0,36.0,115.0,83.0,44.0,90.0,69.0,0.0,60.0,28.0,4.0,135.0,83.0,168.0,47.0,94.0,71.0,135.0,140.0,4.0,37.0,34.0,48.0,67.0,10.0,52.0,59.0,169.0,95.0,48.0,40.0,75.0,167.0,54.0,177.0,47.0,105.0,155.0,104.0,144.0,178.0,66.0,80.0,121.0,170.0,5.0,103.0,75.0,75.0,8.0,103.0,54.0,10.0,166.0,79.0,62.0,54.0,154.0,147.0,171.0,99.0,126.0,8.0,5.0,181.0,8.0,186.0,80.0,46.0,83.0,104.0,80.0,142.0,91.0,79.0,177.0,188.0,79.0,118.0,34.0,21.0,130.0,148.0,165.0,152.0,145.0,44.0,75.0,88.0,90.0,84.0,138.0,40.0,136.0,142.0,1.0,58.0,171.0,179.0,95.0,61.0,53.0,63.0,90.0,121.0,79.0,188.0,180.0,179.0,101.0,11.0,81.0,31.0,84.0,74.0,1.0,80.0,90.0,54.0,32.0,90.0,47.0,96.0,104.0,185.0,44.0,162.0,23.0,66.0,27.0,158.0,84.0,166.0,125.0,70.0,178.0,97.0,130.0,68.0,129.0,35.0,105.0,28.0,5.0,82.0,49.0,88.0,51.0,8.0,124.0,13.0,110.0,169.0,85.0,57.0,12.0,118.0,63.0,73.0,19.0,177.0,118.0,109.0,179.0,25.0,15.0,11.0,7.0,25.0,57.0,9.0,36.0,58.0,177.0,93.0,62.0,36.0
150.0,94.0,92.0,26.0,38.0,92.0,179.0,76.0,104.0,9.0,146.0,74.0,37.0,115.0,153.0,97.0,153.0,56.0,34.0,147.0,23.0,116.0,186.0,76.0,146.0,9.0,63.0,19.0,115.0,110.0,76.0,28.0,29.0,29.0,98.0,113.0,30.0,124.0,100.0,60.0,158.0,89.0,59.0,66.0,85.0,130.0,161.0,74.0,55.0,112.0,58.0,7.0,65.0,51.0,160.0,54.0,122.0,110.0,152.0,171.0,171.0,100.0,69.0,138.0,136.0,80.0,117.0,83.0,143.0,90.0,130.0,97.0,152.0,191.0,160.0,74.0,70.0,188.0,139.0,164.0,166.0,65.0,155.0,103.0,18.0,148.0,97.0,50.0,11.0,82.0,112.0,125.0,66.0,136.0,97.0,155.0,161.0,13.0,21.0,87.0,87.0,155.0,106.0,185.0,48.0,54.0,40.0,67.0,89.0,57.0,75.0,150.0,106.0,138.0,95.0,109.0,43.0,29.0,42.0,99.0,54.0,72.0,22.0,66.0,130.0,15.0,123.0,69.0,153.0,157.0,12.0,14.0,105.0,74.0,170.0,34.0,126.0,96.0,37.0,43.0,108.0,44.0,20.0,129.0,25.0,146.0,160.0,124.0,78.0,19.0,8.0,70.0,99.0,138.0,155.0,49.0,55.0,121.0,158.0,65.0,156.0,179.0,139.0,173.0,127.0,150.0,36.0,113.0,133.0,105.0,87.0,54.0,168.0,3.0,27.0,121.0,33.0,139.0,177.0,173.0,56.0,97.0,141.0,10.0,1.0,105.0,156.0,189.0,93.0,6.0,76.0,6.0,151.0,34.0,3.0,9.0,3.0,133.0,163.0,125.0,166.0,111.0,115.0,39.0,24.0,157.0,111.0,21.0,120.0,127.0,87.0,140.0,137.0,96.0,51.0,27.0,125.0,19.0,61.0,11.0,120.0,134.0,150.0,125.0,141.0,29.0,184.0,8.0,97.0,36.0,18.0,107.0,31.0,28.0,110.0,28.0,114.0,7.0,51.0,38.0,74.0,68.0,58.0,50.0,138.0,120.0,76.0,60.0,137.0,53.0,35.0,166.0,36.0,158.0,125.0,153.0,60.0,131.0,175.0,155.0,153.0,15.0,99.0,21.0,42.0,175.0,80.0,26.0,183.0,54.0,140.0,2.0,57.0,189.0,150.0,37.0,38.0,99.0,161.0,0.0,180.0,10.0,96.0,71.0,155.0,46.0,131.0,189.0,65.0,56.0,147.0,32.0,144.0,149.0,36.0,190.0,188.0,44.0,101.0,37.0,55.0,184.0,129.0,163.0,33.0,164.0,59.0,69.0,4.0,61.0,147.0,52.0,97.0,85.0,77.0,142.0,75.0,13.0,185.0,66.0,167.0,149.0,27.0,83.0,0.0,179.0,28.0,117.0,149.0,5.0,40.0,16.0,80.0,85.0,150.0,162.0,25.0,17.0,157.0,161.0,89.0,14.0,167.0,136.0,23.0,52.0,11.0,43.0,116.0,188.0,74.0,50.0,94.0,30.0,47.0,165.0,122.0,53.0,148.0,1.0,56.0,116.0,102.0,158.0,120.0,68.0,48.0,68.0,66.0,22.0,32.0,93.0,46.0,2.0,29.0,138.0,162.0,86.0,17.0,137.0,98.0,1.0,4.0,154.0,81.0,182.0,178.0,22.0,131.0,108.0,109.0,99.0,179.0,17.0,69.0,30.0,77.0,0.0,139.0,60.0,149.0,128.0,64.0,44.0,169.0,90.0,33.0,118.0,179.0,94.0,117.0,149.0,70.0,162.0,108.0,79.0,152.0,81.0,5.0,94.0,163.0,11.0,143.0,56.0,40.0,15.0,180.0,70.0,169.0,64.0,102.0,151.0,81.0,162.0,107.0,14.0,133.0,173.0,75.0,97.0,111.0,75.0,71.0,40.0,174.0,118.0,117.0,64.0,9.0,57.0,102.0,106.0,188.0,142.0,115.0,154.0,34.0,97.0,42.0,152.0,28.0,131.0,149.0,141.0,143.0,131.0,13.0,122.0,15.0,12.0,83.0,141.0,75.0,20.0,9.0,89.0,80.0,101.0,24.0,166.0,90.0,73.0,44.0,31.0,73.0,41.0,12.0,162.0,6.0,127.0,100.0,50.0,102.0,14.0,25.0,44.0,156.0,152.0,135.0,114.0,60.0,171.0,144.0,156.0,130.0,136.0,32.0,161.0,14.0,154.0
187.0,130.0,185.0,75.0,132.0,43.0,20.0,14.0,188.0,14.0,176.0,85.0,54.0,88.0,74.0,12.0,0.0,14.0,3.0,183.0,48.0,43.0,51.0,73.0,56.0,99.0,171.0,175.0,74.0,164.0,56.0,56.0,167.0,144.0,172.0,79.0,82.0,93.0,59.0,82.0,39.0,82.0,17.0,188.0,40.0,177.0,62.0,117.0,87.0,167.0,143.0,62.0,171.0,59.0,183.0,118.0,183.0,151.0,58.0,128.0,33.0,6.0,56.0,44.0,7.0,137.0,188.0,86.0,153.0,124.0,159.0,168.0,108.0,170.0,7.0,41.0,169.0,141.0,166.0,167.0,146.0,175.0,88.0,39.0,38.0,51.0,180.0,123.0,182.0,105.0,88.0,161.0,70.0,76.0,185.0,36.0,15.0,34.0,181.0,2.0,140.0,115.0,3.0,76.0,11.0,26.0,157.0,8.0,79.0,152.0,136.0,36.0,96.0,148.0,52.0,129.0,166.0,147.0,3.0,108.0,72.0,34.0,145.0,144.0,165.0,102.0,52.0,92.0,71.0,94.0,19.0,102.0,76.0,0.0,137.0,95.0,64.0,35.0,91.0,115.0,172.0,86.0,45.0,59.0,129.0,161.0,76.0,39.0,2.0,147.0,16.0,133.0,49.0,77.0,27.0,173.0,16.0,7.0,124.0,12.0,8.0,47.0,114.0,184.0,170.0,107.0,130.0,180.0,55.0,175.0,182.0,48.0,150.0,29.0,36.0,154.0,103.0,137.0,26.0,34.0,48.0,115.0,181.0,125.0,19.0,160.0,159.0,123.0,91.0,38.0,106.0,108.0,93.0,153.0,148.0,38.0,124.0,79.0,35.0,136.0,116.0,11.0,143.0,78.0,39.0,95.0,24.0,147.0,28.0,138.0,148.0,188.0,66.0,190.0,73.0,10.0,97.0,126.0,97.0,88.0,88.0,44.0,7.0,8.0,160.0,164.0,89.0,98.0,31.0,74.0,84.0,37.0,119.0,59.0,160.0,131.0,88.0,72.0,145.0,32.0,6.0,128.0,37.0,41.0,180.0,150.0,138.0,43.0,36.0,9.0,26.0,45.0,85.0,120.0,178.0,101.0,36.0,186.0,110.0,191.0,45.0,83.0,49.0,163.0,32.0,158.0,63.0,65.0,104.0,66.0,20.0,68.0,3.0,131.0,171.0,144.0,87.0,156.0,43.0,82.0,157.0,17.0,165.0,145.0,75.0,78.0,5.0,66.0,89.0,84.0,187.0,33.0,91.0,113.0,94.0,52.0,162.0,34.0,48.0,96.0,6.0,164.0,174.0,123.0,83.0,87.0,186.0,19.0,123.0,183.0,132.0,82.0,98.0,169.0,141.0,49.0,62.0,180.0,174.0,39.0,95.0,53.0,64.0,147.0,74.0,157.0,177.0,174.0,88.0,178.0,149.0,137.0,5.0,118.0,41.0,42.0,45.0,85.0,108.0,167.0,119.0,1.0,103.0,14.0,28.0,168.0,81.0,48.0,13.0,163.0,25.0,18.0,172.0,79.0,71.0,182.0,179.0,162.0,4.0,94.0,47.0,188.0,67.0,13.0,62.0,173.0,149.0,54.0,119.0,42.0,124.0,117.0,143.0,51.0,134.0,88.0,83.0,76.0,183.0,15.0,87.0,83.0,188.0,80.0,41.0,41.0,95.0,157.0,72.0,160.0,9.0,90.0,56.0,87.0,173.0,149.0,127.0,123.0,58.0,123.0,20.0,36.0,56.0,166.0,122.0,49.0,44.0,35.0,123.0,129.0,126.0,19.0,18.0,89.0,154.0,119.0,100.0,158.0,29.0,95.0,15.0,52.0,112.0,18.0,79.0,24.0,84.0,82.0,96.0,61.0,94.0,105.0,179.0,106.0,96.0,145.0,107.0,53.0,61.0,3.0,104.0,111.0,160.0,58.0,74.0,176.0,53.0,11.0,184.0,68.0,30.0,108.0,101.0,101.0,180.0,108.0,68.0,51.0,128.0,94.0,7.0,129.0,40.0,17.0,65.0,70.0,108.0,33.0,140.0,70.0,11.0,146.0,85.0,128.0,128.0,190.0,101.0,84.0,47.0,164.0,95.0,162.0,158.0,119.0,178.0,99.0,51.0,39.0,19.0,61.0,176.0,128.0,157.0,77.0,15.0,159.0,52.0,2.0,31.0,88.0,67.0,139.0,167.0,10.0,14.0,13.0,20.0,42.0,186.0,110.0
100.0,50.0,66.0,190.0,164.0,176.0,119.0,153.0,79.0,132.0,78.0,40.0,186.0,97.0,183.0,111.0,129.0,58.0,128.0,185.0,55.0,165.0,43.0,135.0,101.0,114.0,101.0,100.0,75.0,68.0,104.0,51.0,34.0,157.0,21.0,22.0,127.0,182.0,133.0,118.0,8.0,30.0,169.0,71.0,181.0,37.0,95.0,121.0,185.0,89.0,104.0,54.0,11.0,119.0,175.0,162.0,32.0,25.0,169.0,27.0,127.0,174.0,170.0,11.0,11.0,138.0,110.0,160.0,91.0,128.0,16.0,67.0,177.0,84.0,118.0,45.0,154.0,34.0,179.0,8.0,154.0,108.0,18.0,110.0,48.0,64.0,10.0,133.0,59.0,60.0,47.0,107.0,41.0,25.0,90.0,47.0,66.0,86.0,89.0,153.0,168.0,178.0,50.0,101.0,163.0,151.0,169.0,22.0,165.0,20.0,148.0,188.0,91.0,178.0,29.0,128.0,39.0,19.0,150.0,41.0,105.0,128.0,182.0,150.0,75.0,154.0,167.0,105.0,120.0,66.0,166.0,55.0,17.0,62.0,59.0,173.0,86.0,84.0,190.0,144.0,111.0,184.0,155.0,148.0,162.0,22.0,134.0,166.0,15.0,169.0,74.0,50.0,177.0,123.0,112.0,60.0,34.0,150.0,100.0,80.0,158.0,159.0,37.0,87.0,188.0,49.0,21.0,188.0,99.0,128.0,99.0,113.0,123.0,120.0,133.0,62.0,7.0,125.0,183.0,3.0,88.0,176.0,167.0,57.0,132.0,180.0,57.0,20.0,2.0,15.0,124.0,69.0,55.0,142.0,84.0,25.0,6.0,149.0,7.0,68.0,101.0,105.0,23.0,36.0,57.0,165.0,1.0,174.0,9.0,0.0,110.0,33.0,45.0,1.0,58.0,82.0,166.0,0.0,122.0,166.0,187.0,146.0,139.0,111.0,16.0,187.0,35.0,180.0,165.0,125.0,111.0,191.0,60.0,77.0,101.0,70.0,140.0,106.0,106.0,50.0,14.0,144.0,122.0,62.0,66.0,110.0,188.0,178.0,58.0,119.0,71.0,87.0,113.0,186.0,42.0,110.0,52.0,9.0,187.0,78.0,106.0,10.0,189.0,187.0,165.0,96.0,179.0,20.0,51.0,180.0,96.0,112.0,55.0,17.0,164.0,65.0,101.0,160.0,96.0,114.0,108.0,34.0,152.0,43.0,26.0,183.0,30.0,78.0,148.0,6.0,167.0,26.0,127.0,19.0,54.0,99.0,76.0,127.0,41.0,71.0,175.0,67.0,46.0,126.0,48.0,149.0,15.0,163.0,122.0,89.0,118.0,37.0,162.0,185.0,81.0,105.0,43.0,71.0,157.0,108.0,79.0,75.0,83.0,82.0,94.0,12.0,97.0,133.0,70.0,124.0,167.0,60.0,41.0,8.0,66.0,93.0,141.0,64.0,165.0,14.0,176.0,90.0,68.0,149.0,163.0,66.0,111.0,145.0,98.0,104.0,32.0,110.0,27.0,72.0,102.0,88.0,101.0,178.0,59.0,24.0,164.0,34.0,47.0,84.0,146.0,0.0,159.0,91.0,129.0,162.0,36.0,156.0,145.0,3.0,110.0,52.0,74.0,154.0,97.0,9.0,64.0,138.0,150.0,62.0,0.0,21.0,175.0,80.0,11.0,76.0,166.0,127.0,121.0,22.0,158.0,56.0,164.0,140.0,82.0,164.0,10.0,183.0,89.0,12.0,142.0,153.0,156.0,127.0,138.0,15.0,0.0,59.0,123.0,137.0,4.0,161.0,137.0,28.0,66.0,105.0,162.0,84.0,89.0,146.0,168.0,20.0,42.0,135.0,101.0,54.0,26.0,19.0,111.0,175.0,181.0,72.0,21.0,69.0,111.0,28.0,19.0,121.0,163.0,67.0,99.0,61.0,147.0,72.0,131.0,69.0,100.0,68.0,68.0,6.0,96.0,118.0,8.0,129.0,55.0,76.0,50.0,42.0,65.0,6.0,108.0,141.0,58.0,16.0,142.0,104.0,116.0,161.0,6.0,41.0,155.0,64.0,4.0,134.0,178.0,140.0,166.0,61.0,122.0,55.0,78.0,23.0,133.0,178.0,143.0,95.0,52.0,151.0,73.0,10.0,33.0,170.0,121.0,89.0,132.0,70.0,113.0,22.0,83.0,41.0,58.0,122.0,145.0,175.0,35.0,165.0
91.0,135.0,93.0,34.0,68.0,56.0,123.0,171.0,148.0,177.0,128.0,75.0,105.0,6.0,175.0,72.0,120.0,71.0,117.0,80.0,43.0,53.0,161.0,15.0,0.0,97.0,95.0,117.0,16.0,93.0,86.0,94.0,22.0,128.0,149.0,11.0,147.0,17.0,123.0,105.0,154.0,91.0,144.0,15.0,9.0,140.0,168.0,148.0,191.0,60.0,185.0,33.0,58.0,75.0,137.0,31.0,15.0,62.0,156.0,41.0,162.0,179.0,115.0,155.0,149.0,21.0,35.0,127.0,162.0,86.0,7.0,28.0,164.0,172.0,187.0,48.0,105.0,24.0,171.0,91.0,12.0,4.0,87.0,121.0,105.0,169.0,75.0,7.0,133.0,100.0,166.0,30.0,119.0,166.0,122.0,71.0,45.0,11.0,173.0,66.0,77.0,120.0,115.0,82.0,44.0,138.0,19.0,116.0,14.0,128.0,7.0,168.0,9.0,38.0,135.0,58.0,126.0,142.0,133.0,117.0,60.0,102.0,11.0,6.0,53.0,57.0,50.0,1.0,101.0,99.0,104.0,68.0,101.0,134.0,152.0,176.0,23.0,58.0,120.0,184.0,81.0,14.0,164.0,146.0,45.0,106.0,98.0,18.0,65.0,167.0,183.0,156.0,12.0,46.0,184.0,89.0,181.0,138.0,183.0,44.0,126.0,64.0,23.0,123.0,175.0,2.0,156.0,90.0,69.0,125.0,126.0,37.0,63.0,111.0,97.0,94.0,53.0,117.0,104.0,130.0,57.0,146.0,94.0,45.0,149.0,170.0,153.0,28.0,105.0,131.0,58.0,172.0,81.0,161.0,67.0,149.0,16.0,144.0,40.0,119.0,31.0,164.0,70.0,76.0,88.0,156.0,91.0,63.0,22.0,26.0,123.0,144.0,36.0,138.0,3.0,94.0,169.0,119.0,62.0,47.0,166.0,167.0,58.0,72.0,26.0,155.0,113.0,115.0,110.0,34.0,42.0,66.0,131.0,58.0,77.0,120.0,148.0,2.0,135.0,101.0,120.0,181.0,165.0,130.0,86.0,129.0,111.0,137.0,140.0,31.0,9.0,183.0,68.0,26.0,117.0,43.0,13.0,43.0,156.0,148.0,71.0,110.0,80.0,35.0,128.0,189.0,115.0,122.0,96.0,52.0,100.0,121.0,139.0,11.0,136.0,9.0,137.0,8.0,89.0,65.0,58.0,55.0,19.0,68.0,80.0,121.0,116.0,159.0,108.0,4.0,63.0,68.0,116.0,29.0,96.0,5.0,24.0,35.0,46.0,11.0,14.0,125.0,73.0,24.0,73.0,7.0,118.0,142.0,88.0,143.0,175.0,66.0,47.0,55.0,42.0,140.0,172.0,48.0,136.0,141.0,151.0,34.0,8.0,113.0,85.0,171.0,129.0,170.0,53.0,160.0,145.0,19.0,168.0,45.0,119.0,118.0,40.0,124.0,173.0,51.0,138.0,83.0,83.0,115.0,107.0,42.0,166.0,141.0,12.0,136.0,57.0,179.0,169.0,92.0,116.0,124.0,30.0,122.0,171.0,4.0,87.0,118.0,169.0,159.0,155.0,93.0,14.0,56.0,100.0,124.0,24.0,179.0,174.0,64.0,105.0,151.0,92.0,19.0,155.0,118.0,89.0,67.0,17.0,40.0,172.0,28.0,171.0,54.0,88.0,181.0,64.0,8.0,154.0,42.0,36.0,157.0,103.0,87.0,28.0,10.0,42.0,42.0,107.0,78.0,87.0,125.0,76.0,130.0,88.0,9.0,114.0,178.0,17.0,94.0,6.0,12.0,116.0,188.0,130.0,74.0,102.0,135.0,23.0,105.0,31.0,157.0,11.0,176.0,185.0,24.0,67.0,182.0,9.0,63.0,143.0,66.0,46.0,34.0,155.0,116.0,37.0,85.0,24.0,116.0,173.0,88.0,129.0,62.0,179.0,90.0,64.0,145.0,66.0,77.0,184.0,28.0,108.0,49.0,27.0,43.0,141.0,45.0,115.0,14.0,24.0,69.0,89.0,103.0,152.0,127.0,28.0,4.0,188.0,15.0,180.0,23.0,126.0,63.0,83.0,155.0,92.0,70.0,179.0,162.0,7.0,137.0,70.0,168.0,142.0,52.0,10.0,67.0,15.0,7.0,12.0,157.0,86.0,107.0,118.0,74.0,138.0,118.0,94.0,77.0,183.0,45.0,169.0,137.0,163.0,190.0
,,,,,,,,,,148.0,172.0,81.0,12.0,165.0,9.0,84.0,11.0,62.0,174.0,143.0,15.0,116.0,48.0,49.0,153.0,121.0,56.0,137.0,7.0,172.0,131.0,145.0,141.0,14.0,99.0,142.0,33.0,161.0,54.0,77.0,77.0,69.0,13.0,15.0,145.0,150.0,166.0,164.0,151.0,82.0,20.0,165.0,147.0,121.0,119.0,51.0,33.0,86.0,2.0,61.0,147.0,5.0,42.0,176.0,190.0,131.0,28.0,54.0,68.0,26.0,63.0,22.0,82.0,156.0,44.0,112.0,80.0,147.0,41.0,141.0,28.0,101.0,101.0,115.0,181.0,36.0,131.0,123.0,149.0,125.0,156.0,73.0,46.0,159.0,3.0,79.0,53.0,170.0,131.0,6.0,22.0,18.0,171.0,120.0,154.0,31.0,43.0,31.0,156.0,66.0,137.0,15.0,134.0,37.0,51.0,125.0,80.0,66.0,129.0,97.0,111.0,66.0,173.0,46.0,5.0,113.0,47.0,133.0,45.0,151.0,35.0,177.0,91.0,26.0,98.0,50.0,79.0,134.0,127.0,47.0,98.0,98.0,140.0,177.0,187.0,23.0,36.0,22.0,161.0,59.0,168.0,163.0,147.0,17.0,85.0,156.0,45.0,12.0,78.0,125.0,178.0,165.0,177.0,104.0,69.0,69.0,59.0,80.0,28.0,110.0,88.0,95.0,70.0,158.0,142.0,77.0,98.0,68.0,153.0,161.0,61.0,51.0,64.0,139.0,81.0,23.0,80.0,50.0,178.0,28.0,153.0,14.0,146.0,143.0,99.0,32.0,107.0,134.0,171.0,152.0,169.0,188.0,4.0,175.0,178.0,137.0,87.0,90.0,15.0,37.0,121.0,64.0,165.0,173.0,97.0,160.0,102.0,155.0,146.0,130.0,65.0,50.0,67.0,190.0,33.0,27.0,132.0,46.0,14.0,73.0,54.0,32.0,40.0,85.0,181.0,164.0,97.0,100.0,143.0,112.0,30.0,112.0,81.0,38.0,106.0,21.0,162.0,143.0,64.0,105.0,160.0,17.0,81.0,109.0,18.0,158.0,23.0,115.0,145.0,107.0,118.0,110.0,178.0,140.0,138.0,38.0,187.0,164.0,57.0,23.0,99.0,92.0,124.0,33.0,190.0,69.0,157.0,118.0,17.0,25.0,175.0,134.0,100.0,123.0,93.0,41.0,44.0,85.0,135.0,84.0,115.0,23.0,16.0,158.0,125.0,97.0,16.0,104.0,7.0,115.0,98.0,42.0,35.0,110.0,155.0,181.0,89.0,22.0,182.0,108.0,89.0,14.0,127.0,112.0,148.0,42.0,154.0,149.0,70.0,170.0,16.0,110.0,129.0,171.0,95.0,91.0,17.0,13.0,113.0,85.0,2.0,6.0,38.0,87.0,160.0,19.0,143.0,24.0,88.0,188.0,46.0,134.0,53.0,168.0,91.0,108.0,165.0,157.0,81.0,38.0,125.0,128.0,61.0,97.0,85.0,87.0,161.0,61.0,187.0,21.0,9.0,171.0,126.0,19.0,155.0,86.0,104.0,165.0,50.0,64.0,21.0,40.0,100.0,170.0,176.0,76.0,158.0,134.0,36.0,169.0,183.0,116.0,82.0,138.0,86.0,169.0,24.0,14.0,119.0,75.0,105.0,160.0,46.0,37.0,12.0,30.0,36.0,145.0,133.0,83.0,181.0,109.0,173.0,11.0,101.0,141.0,124.0,7.0,152.0,135.0,30.0,178.0,38.0,110.0,50.0,163.0,110.0,56.0,123.0,107.0,2.0,44.0,141.0,9.0,55.0,160.0,66.0,41.0,77.0,132.0,18.0,29.0,95.0,24.0,151.0,147.0,75.0,103.0,23.0,58.0,74.0,69.0,50.0,43.0,34.0,59.0,170.0,47.0,106.0,175.0,113.0,132.0,51.0,30.0,4.0,190.0,8.0,161.0,127.0,99.0,2.0,185.0,162.0,149.0,151.0,141.0,188.0,112.0,120.0,98.0,84.0,175.0,163.0,60.0,109.0,27.0,64.0,23.0,26.0,141.0,46.0,173.0,78.0,103.0,129.0,84.0,173.0,122.0,183.0,46.0,106.0,146.0,142.0,38.0,54.0,72.0,21.0,50.0,60.0,41.0,138.0,145.0,26.0,106.0,166.0,124.0,182.0,185.0,14.0
,,,,,,,,,,,,,,,,,,,,148.0,103.0,32.0,6.0,182.0,160.0,186.0,141.0,10.0,121.0,122.0,143.0,83.0,55.0,104.0,86.0,51.0,112.0,149.0,191.0,35.0,156.0,88.0,177.0,17.0,0.0,172.0,153.0,18.0,161.0,132.0,66.0,177.0,28.0,0.0,40.0,148.0,9.0,28.0,114.0,29.0,131.0,179.0,99.0,55.0,167.0,152.0,188.0,46.0,103.0,155.0,85.0,139.0,115.0,182.0,94.0,33.0,124.0,11.0,124.0,92.0,5.0,113.0,59.0,143.0,73.0,170.0,37.0,6.0,2.0,27.0,84.0,5.0,48.0,103.0,116.0,75.0,148.0,134.0,150.0,173.0,92.0,159.0,158.0,184.0,146.0,14.0,50.0,69.0,70.0,91.0,113.0,30.0,143.0,33.0,169.0,53.0,170.0,68.0,161.0,32.0,163.0,139.0,161.0,148.0,55.0,104.0,50.0,38.0,77.0,131.0,8.0,189.0,132.0,132.0,142.0,168.0,6.0,154.0,33.0,65.0,3.0,94.0,42.0,13.0,51.0,96.0,28.0,153.0,190.0,58.0,90.0,32.0,63.0,25.0,163.0,69.0,20.0,23.0,160.0,70.0,58.0,97.0,38.0,33.0,50.0,83.0,87.0,28.0,169.0,98.0,74.0,11.0,141.0,34.0,16.0,190.0,119.0,135.0,41.0,128.0,159.0,101.0,167.0,32.0,167.0,58.0,157.0,120.0,26.0,34.0,160.0,69.0,150.0,51.0,191.0,57.0,184.0,23.0,175.0,71.0,110.0,88.0,43.0,118.0,118.0,123.0,136.0,141.0,93.0,45.0,70.0,57.0,184.0,160.0,18.0,177.0,186.0,183.0,141.0,95.0,117.0,123.0,96.0,31.0,83.0,41.0,22.0,38.0,88.0,156.0,126.0,100.0,11.0,83.0,99.0,181.0,12.0,178.0,22.0,102.0,38.0,100.0,170.0,87.0,86.0,35.0,183.0,68.0,48.0,110.0,27.0,90.0,89.0,146.0,23.0,61.0,87.0,20.0,92.0,23.0,164.0,153.0,68.0,133.0,142.0,141.0,76.0,3.0,176.0,72.0,42.0,46.0,65.0,174.0,4.0,24.0,133.0,148.0,160.0,70.0,5.0,1.0,74.0,25.0,99.0,87.0,157.0,176.0,115.0,135.0,83.0,160.0,164.0,61.0,81.0,78.0,166.0,52.0,113.0,84.0,17.0,189.0,145.0,108.0,177.0,30.0,189.0,170.0,137.0,112.0,83.0,26.0,78.0,69.0,66.0,20.0,15.0,4.0,87.0,150.0,63.0,163.0,178.0,77.0,31.0,65.0,68.0,185.0,164.0,164.0,180.0,62.0,86.0,190.0,166.0,90.0,129.0,1.0,27.0,8.0,181.0,191.0,103.0,179.0,92.0,97.0,20.0,126.0,64.0,188.0,78.0,125.0,140.0,77.0,22.0,91.0,101.0,62.0,179.0,146.0,119.0,26.0,11.0,90.0,44.0,78.0,121.0,14.0,16.0,146.0,70.0,106.0,85.0,97.0,40.0,142.0,150.0,4.0,56.0,182.0,108.0,179.0,48.0,1.0,154.0,77.0,124.0,121.0,140.0,68.0,120.0,172.0,169.0,81.0,55.0,150.0,141.0,133.0,78.0,130.0,3.0,158.0,94.0,53.0,27.0,14.0,23.0,178.0,115.0,36.0,73.0,107.0,161.0,70.0,171.0,61.0,3.0,0.0,4.0,89.0,22.0,126.0,87.0,30.0,184.0,62.0,26.0,175.0,185.0,45.0,32.0,72.0,151.0,41.0,88.0,97.0,91.0,141.0,161.0,130.0,30.0,184.0,66.0,127.0,27.0,26.0,25.0,0.0,56.0,0.0,154.0,92.0,138.0,2.0,141.0,142.0,61.0,144.0,75.0,104.0,144.0,106.0,114.0,48.0,101.0,179.0,13.0,139.0,132.0,35.0,98.0,114.0,52.0,90.0,59.0,136.0,94.0,2.0,142.0,2.0,71.0,1.0,75.0,25.0,131.0,178.0,131.0,22.0,154.0,38.0,154.0,128.0,48.0,104.0,80.0,91.0,63.0,131.0,155.0,61.0,132.0,14.0,114.0,178.0,110.0,52.0,78.0,77.0,53.0
,,,,,,,,,,,,,,,,,,,,,,,,,,,,,,145.0,49.0,104.0,123.0,47.0,187.0,83.0,127.0,135.0,43.0,179.0,153.0,146.0,5.0,30.0,16.0,39.0,90.0,25.0,134.0,181.0,0.0,94.0,44.0,130.0,163.0,60.0,1.0,105.0,98.0,27.0,28.0,76.0,107.0,17.0,14.0,104.0,174.0,72.0,6.0,68.0,9.0,186.0,40.0,130.0,138.0,38.0,94.0,186.0,4.0,91.0,38.0,19.0,130.0,126.0,149.0,183.0,6.0,61.0,54.0,130.0,70.0,121.0,168.0,170.0,171.0,6.0,3.0,186.0,133.0,189.0,187.0,174.0,26.0,173.0,21.0,49.0,166.0,166.0,144.0,152.0,76.0,92.0,108.0,133.0,166.0,156.0,133.0,60.0,35.0,13.0,29.0,111.0,95.0,19.0,25.0,151.0,67.0,116.0,148.0,79.0,155.0,106.0,110.0,10.0,68.0,54.0,57.0,144.0,146.0,99.0,164.0,111.0,2.0,16.0,55.0,147.0,55.0,7.0,157.0,168.0,185.0,56.0,85.0,159.0,178.0,83.0,72.0,167.0,143.0,142.0,37.0,33.0,84.0,171.0,131.0,188.0,53.0,124.0,104.0,181.0,161.0,115.0,127.0,56.0,56.0,93.0,78.0,156.0,65.0,176.0,181.0,2.0,191.0,69.0,109.0,42.0,4.0,147.0,62.0,17.0,0.0,119.0,126.0,144.0,84.0,15.0,8.0,24.0,72.0,4.0,89.0,48.0,53.0,123.0,164.0,161.0,19.0,124.0,27.0,104.0,154.0,4.0,163.0,106.0,189.0,158.0,64.0,148.0,25.0,80.0,191.0,179.0,33.0,145.0,142.0,109.0,172.0,102.0,94.0,44.0,23.0,157.0,9.0,67.0,125.0,137.0,162.0,160.0,124.0,165.0,59.0,124.0,67.0,49.0,8.0,176.0,150.0,96.0,150.0,123.0,12.0,189.0,160.0,166.0,164.0,50.0,40.0,132.0,11.0,92.0,174.0,21.0,50.0,190.0,140.0,24.0,87.0,97.0,183.0,0.0,85.0,101.0,75.0,177.0,96.0,133.0,131.0,108.0,2.0,120.0,166.0,3.0,151.0,190.0,25.0,79.0,103.0,0.0,7.0,120.0,116.0,186.0,118.0,0.0,35.0,106.0,152.0,118.0,27.0,179.0,145.0,108.0,180.0,114.0,85.0,171.0,60.0,39.0,4.0,139.0,23.0,109.0,41.0,159.0,134.0,110.0,86.0,189.0,154.0,32.0,140.0,5.0,168.0,105.0,191.0,49.0,160.0,19.0,37.0,77.0,38.0,139.0,9.0,85.0,143.0,145.0,152.0,58.0,176.0,129.0,177.0,149.0,121.0,50.0,63.0,180.0,139.0,173.0,178.0,55.0,24.0,52.0,189.0,39.0,155.0,132.0,43.0,42.0,75.0,93.0,187.0,15.0,128.0,127.0,156.0,94.0,174.0,63.0,160.0,73.0,162.0,67.0,13.0,125.0,54.0,158.0,68.0,67.0,158.0,79.0,14.0,102.0,53.0,94.0,36.0,31.0,33.0,33.0,104.0,70.0,110.0,51.0,153.0,32.0,102.0,52.0,1.0,171.0,153.0,182.0,179.0,2.0,141.0,168.0,191.0,181.0,6.0,55.0,37.0,125.0,90.0,68.0,28.0,73.0,98.0,34.0,105.0,169.0,78.0,46.0,134.0,20.0,17.0,84.0,180.0,123.0,182.0,0.0,127.0,9.0,70.0,48.0,82.0,106.0,81.0,151.0,51.0,13.0,95.0,16.0,124.0,104.0,84.0,52.0,78.0,186.0,33.0,127.0,187.0,180.0,53.0,127.0,114.0,128.0,106.0,175.0,91.0,39.0,150.0,35.0,96.0,132.0,68.0,44.0,74.0,91.0,157.0,85.0,32.0,50.0,11.0,48.0,162.0,145.0,140.0,39.0,158.0,166.0,168.0,109.0,107.0,149.0,184.0,55.0,28.0,135.0,45.0,77.0,19.0,42.0,113.0,93.0,20.0,27.0,105.0,181.0,0.0,19.0,18.0,37.0,96.0,95.0,102.0,121.0,101.0,68.0,74.0,176.0,25.0
,,,,,,,,,,,,,,,,,,,,,,,,,,,,,,,,,,,,,,,,72.0,139.0,34.0,138.0,87.0,11.0,167.0,30.0,28.0,12.0,8.0,63.0,106.0,186.0,125.0,140.0,63.0,71.0,64.0,133.0,11.0,98.0,70.0,101.0,139.0,83.0,180.0,26.0,2.0,50.0,65.0,170.0,144.0,167.0,42.0,89.0,110.0,174.0,118.0,159.0,136.0,144.0,33.0,35.0,127.0,60.0,150.0,191.0,87.0,57.0,71.0,68.0,4.0,151.0,177.0,103.0,183.0,99.0,41.0,99.0,16.0,41.0,142.0,151.0,14.0,77.0,158.0,125.0,32.0,190.0,158.0,163.0,51.0,16.0,13.0,105.0,157.0,36.0,89.0,54.0,101.0,85.0,106.0,88.0,32.0,8.0,146.0,68.0,73.0,170.0,4.0,189.0,83.0,85.0,184.0,77.0,106.0,86.0,182.0,148.0,89.0,189.0,161.0,120.0,113.0,186.0,18.0,48.0,146.0,108.0,33.0,95.0,9.0,153.0,18.0,128.0,96.0,115.0,96.0,134.0,22.0,40.0,158.0,61.0,121.0,80.0,44.0,30.0,100.0,133.0,158.0,148.0,68.0,42.0,183.0,1.0,118.0,127.0,153.0,42.0,86.0,147.0,4.0,30.0,63.0,184.0,83.0,53.0,22.0,42.0,96.0,127.0,145.0,72.0,138.0,56.0,157.0,104.0,9.0,165.0,8.0,119.0,105.0,150.0,187.0,79.0,145.0,85.0,59.0,153.0,73.0,181.0,50.0,80.0,144.0,58.0,49.0,108.0,85.0,147.0,131.0,17.0,186.0,115.0,7.0,160.0,91.0,51.0,28.0,29.0,101.0,15.0,191.0,165.0,119.0,169.0,156.0,125.0,21.0,183.0,54.0,60.0,160.0,63.0,2.0,138.0,151.0,50.0,142.0,146.0,158.0,157.0,18.0,34.0,190.0,156.0,48.0,135.0,39.0,158.0,187.0,172.0,103.0,80.0,89.0,25.0,126.0,4.0,94.0,39.0,149.0,65.0,17.0,13.0,15.0,34.0,127.0,140.0,137.0,43.0,35.0,82.0,72.0,163.0,17.0,41.0,161.0,42.0,17.0,32.0,22.0,60.0,118.0,68.0,139.0,68.0,42.0,98.0,35.0,154.0,119.0,42.0,131.0,110.0,74.0,123.0,178.0,131.0,73.0,8.0,42.0,170.0,173.0,130.0,100.0,52.0,88.0,128.0,2.0,4.0,157.0,71.0,159.0,10.0,48.0,18.0,179.0,25.0,155.0,171.0,105.0,111.0,7.0,63.0,109.0,106.0,82.0,138.0,150.0,17.0,157.0,52.0,150.0,7.0,172.0,174.0,137.0,23.0,109.0,112.0,36.0,35.0,45.0,171.0,126.0,128.0,4.0,189.0,184.0,182.0,187.0,89.0,50.0,91.0,67.0,190.0,173.0,1.0,34.0,127.0,28.0,98.0,42.0,69.0,72.0,30.0,186.0,61.0,13.0,78.0,120.0,13.0,58.0,107.0,10.0,139.0,118.0,51.0,101.0,52.0,124.0,87.0,138.0,3.0,53.0,94.0,9.0,155.0,109.0,108.0,168.0,164.0,46.0,158.0,47.0,94.0,117.0,51.0,180.0,117.0,184.0,42.0,168.0,123.0,191.0,177.0,102.0,117.0,115.0,166.0,141.0,153.0,21.0,186.0,149.0,125.0,68.0,19.0,126.0,48.0,75.0,134.0,54.0,188.0,54.0,103.0,35.0,52.0,179.0,111.0,173.0,176.0,65.0,12.0,160.0,52.0,9.0,145.0,158.0,130.0,186.0,90.0,191.0,75.0,89.0,167.0,150.0,17.0,7.0,25.0,112.0,172.0,138.0,60.0,102.0,156.0,148.0,74.0,59.0,85.0,176.0,63.0,127.0,43.0,27.0,96.0,155.0,155.0,62.0,5.0,134.0,151.0,30.0,80.0,128.0,26.0,139.0,176.0,60.0,157.0,22.0,93.0,180.0,112.0,75.0,118.0,188.0,78.0,61.0,96.0,49.0,40.0,49.0,185.0,111.0,116.0,9.0,179.0,121.0,72.0
,,,,,,,,,,,,,,,,,,,,,,,,,,,,,,,,,,,,,,,,,,,,,,,,,,84.0,161.0,132.0,95.0,151.0,87.0,90.0,182.0,35.0,110.0,177.0,34.0,27.0,89.0,88.0,63.0,106.0,39.0,87.0,110.0,170.0,127.0,14.0,23.0,63.0,128.0,119.0,16.0,61.0,98.0,105.0,117.0,45.0,160.0,57.0,147.0,77.0,146.0,111.0,7.0,131.0,128.0,142.0,62.0,187.0,84.0,136.0,41.0,85.0,102.0,20.0,110.0,34.0,29.0,190.0,93.0,24.0,46.0,114.0,168.0,128.0,82.0,37.0,20.0,21.0,150.0,51.0,58.0,113.0,69.0,66.0,188.0,92.0,147.0,105.0,117.0,143.0,89.0,184.0,120.0,162.0,39.0,36.0,82.0,185.0,15.0,130.0,62.0,130.0,137.0,109.0,43.0,64.0,122.0,7.0,151.0,109.0,105.0,164.0,118.0,153.0,113.0,171.0,22.0,107.0,180.0,157.0,10.0,93.0,42.0,175.0,21.0,57.0,144.0,159.0,91.0,151.0,124.0,148.0,99.0,93.0,107.0,159.0,123.0,92.0,80.0,86.0,50.0,161.0,161.0,17.0,167.0,10.0,60.0,82.0,113.0,136.0,48.0,55.0,78.0,140.0,94.0,152.0,30.0,105.0,39.0,36.0,180.0,151.0,85.0,139.0,76.0,144.0,72.0,95.0,47.0,45.0,164.0,135.0,25.0,112.0,10.0,43.0,30.0,57.0,4.0,128.0,58.0,174.0,127.0,74.0,80.0,31.0,38.0,148.0,84.0,29.0,129.0,3.0,69.0,144.0,52.0,87.0,45.0,16.0,185.0,67.0,143.0,47.0,109.0,16.0,161.0,34.0,92.0,89.0,92.0,129.0,87.0,158.0,1.0,115.0,155.0,175.0,67.0,168.0,111.0,114.0,129.0,10.0,168.0,177.0,28.0,20.0,63.0,70.0,81.0,186.0,29.0,91.0,159.0,44.0,14.0,49.0,94.0,56.0,142.0,54.0,19.0,47.0,39.0,165.0,128.0,27.0,106.0,43.0,26.0,184.0,30.0,112.0,133.0,20.0,96.0,1.0,13.0,67.0,128.0,126.0,76.0,90.0,44.0,138.0,3.0,109.0,116.0,191.0,12.0,24.0,56.0,10.0,53.0,105.0,60.0,33.0,123.0,127.0,149.0,47.0,76.0,111.0,43.0,60.0,134.0,78.0,34.0,124.0,158.0,92.0,73.0,4.0,129.0,139.0,64.0,115.0,89.0,90.0,36.0,116.0,130.0,178.0,189.0,100.0,95.0,185.0,78.0,106.0,145.0,43.0,60.0,137.0,41.0,76.0,106.0,24.0,60.0,23.0,82.0,126.0,112.0,115.0,52.0,10.0,84.0,24.0,53.0,175.0,45.0,117.0,115.0,11.0,55.0,103.0,48.0,81.0,127.0,64.0,3.0,148.0,55.0,66.0,26.0,185.0,52.0,62.0,0.0,33.0,148.0,185.0,172.0,161.0,2.0,12.0,144.0,162.0,45.0,128.0,52.0,159.0,19.0,163.0,90.0,45.0,51.0,57.0,95.0,28.0,92.0,96.0,39.0,4.0,33.0,26.0,52.0,162.0,97.0,142.0,44.0,144.0,31.0,72.0,137.0,126.0,61.0,149.0,128.0,187.0,77.0,5.0,73.0,144.0,146.0,37.0,169.0,163.0,171.0,149.0,106.0,96.0,164.0,84.0,48.0,146.0,149.0,50.0,26.0,13.0,120.0,47.0,127.0,41.0,146.0,162.0,136.0,45.0,166.0,46.0,178.0,16.0,24.0,90.0,29.0,165.0,73.0,162.0,144.0,73.0,68.0,83.0,161.0,14.0,35.0,133.0,53.0,72.0,58.0,11.0,82.0,109.0,87.0,127.0,28.0,9.0,88.0,141.0,172.0,3.0,165.0,185.0,109.0,21.0,141.0,188.0,48.0,150.0,51.0,55.0,59.0,186.0,181.0,5.0,39.0,141.0,106.0,158.0,165.0,31.0,70.0,187.0,105.0,55.0,63.0
,,,,,,,,,,,,,,,,,,,,,,,,,,,,,,,,,,,,,,,,,,,,,,,,,,,,,,,,,,,,153.0,58.0,167.0,127.0,74.0,76.0,60.0,25.0,68.0,170.0,69.0,57.0,28.0,28.0,105.0,143.0,5.0,146.0,64.0,138.0,99.0,162.0,20.0,11.0,71.0,70.0,155.0,95.0,105.0,109.0,32.0,57.0,8.0,97.0,16.0,126.0,35.0,27.0,91.0,105.0,45.0,102.0,20.0,176.0,6.0,191.0,107.0,157.0,54.0,138.0,163.0,25.0,175.0,157.0,80.0,114.0,78.0,110.0,127.0,53.0,68.0,47.0,96.0,165.0,178.0,72.0,67.0,87.0,111.0,64.0,30.0,147.0,50.0,41.0,69.0,131.0,39.0,118.0,23.0,119.0,75.0,17.0,40.0,117.0,136.0,20.0,45.0,170.0,133.0,17.0,125.0,189.0,65.0,6.0,175.0,2.0,78.0,141.0,59.0,162.0,168.0,174.0,19.0,153.0,64.0,147.0,95.0,190.0,146.0,90.0,176.0,169.0,162.0,40.0,170.0,159.0,178.0,39.0,38.0,186.0,74.0,144.0,58.0,99.0,0.0,8.0,138.0,109.0,76.0,71.0,125.0,54.0,116.0,183.0,146.0,179.0,177.0,166.0,109.0,73.0,184.0,0.0,153.0,85.0,71.0,190.0,26.0,101.0,185.0,49.0,113.0,73.0,20.0,116.0,132.0,155.0,14.0,41.0,140.0,140.0,71.0,62.0,136.0,80.0,92.0,57.0,180.0,109.0,171.0,82.0,82.0,178.0,10.0,3.0,155.0,63.0,75.0,179.0,99.0,128.0,113.0,9.0,170.0,33.0,124.0,15.0,47.0,61.0,49.0,38.0,190.0,63.0,46.0,16.0,152.0,186.0,87.0,162.0,100.0,7.0,172.0,73.0,111.0,74.0,152.0,163.0,147.0,139.0,190.0,108.0,49.0,81.0,86.0,86.0,106.0,184.0,160.0,144.0,125.0,169.0,131.0,146.0,29.0,135.0,169.0,63.0,119.0,112.0,168.0,158.0,19.0,161.0,47.0,23.0,164.0,109.0,115.0,40.0,70.0,34.0,151.0,85.0,139.0,181.0,182.0,95.0,141.0,37.0,15.0,66.0,124.0,59.0,11.0,120.0,151.0,40.0,167.0,120.0,3.0,13.0,168.0,182.0,117.0,49.0,10.0,142.0,14.0,141.0,146.0,64.0,87.0,160.0,38.0,13.0,162.0,99.0,175.0,170.0,10.0,113.0,99.0,161.0,135.0,176.0,131.0,119.0,165.0,75.0,95.0,89.0,54.0,102.0,121.0,68.0,26.0,131.0,146.0,33.0,102.0,129.0,111.0,70.0,124.0,122.0,40.0,176.0,22.0,28.0,106.0,134.0,168.0,127.0,185.0,68.0,128.0,187.0,119.0,107.0,23.0,6.0,112.0,189.0,73.0,13.0,114.0,127.0,180.0,11.0,83.0,175.0,105.0,95.0,66.0,150.0,74.0,78.0,149.0,56.0,51.0,96.0,129.0,79.0,58.0,70.0,104.0,81.0,132.0,45.0,151.0,65.0,30.0,25.0,177.0,23.0,183.0,162.0,90.0,83.0,71.0,109.0,32.0,93.0,51.0,72.0,157.0,188.0,49.0,175.0,36.0,140.0,178.0,33.0,74.0,58.0,73.0,155.0,126.0,186.0,22.0,52.0,176.0,96.0,70.0,187.0,140.0,177.0,35.0,147.0,17.0,13.0,145.0,89.0,113.0,116.0,8.0,159.0,26.0,134.0,141.0,64.0,121.0,53.0,123.0,173.0,191.0,172.0,65.0,127.0,167.0,92.0,44.0,23.0,171.0,104.0,172.0,133.0,77.0,180.0,96.0,174.0,41.0,185.0,131.0,25.0,164.0,17.0,90.0,144.0,164.0,129.0,88.0,147.0,11.0,101.0,89.0,189.0,190.0,169.0,43.0,49.0,174.0,178.0,33.0,83.0,113.0,127.0,155.0,108.0,19.0,35.0
,,,,,,,,,,,,,,,,,,,,,,,,,,,,,,,,,,,,,,,,,,,,,,,,,,,,,,,,,,,,,,,,,,,,,,66.0,38.0,53.0,141.0,151.0,72.0,100.0,60.0,168.0,49.0,43.0,176.0,165.0,19.0,95.0,31.0,23.0,64.0,41.0,65.0,81.0,162.0,43.0,55.0,79.0,89.0,87.0,150.0,79.0,140.0,152.0,63.0,166.0,43.0,132.0,42.0,30.0,45.0,58.0,186.0,185.0,151.0,49.0,13.0,175.0,101.0,21.0,187.0,99.0,4.0,15.0,108.0,170.0,142.0,28.0,66.0,29.0,116.0,183.0,85.0,144.0,84.0,157.0,174.0,106.0,160.0,71.0,37.0,181.0,124.0,74.0,31.0,99.0,53.0,143.0,42.0,120.0,169.0,189.0,35.0,23.0,66.0,85.0,150.0,69.0,110.0,146.0,114.0,72.0,4.0,167.0,23.0,8.0,40.0,174.0,88.0,157.0,9.0,137.0,87.0,142.0,63.0,130.0,19.0,13.0,39.0,85.0,20.0,32.0,148.0,127.0,105.0,9.0,127.0,163.0,138.0,63.0,161.0,71.0,7.0,149.0,182.0,175.0,155.0,37.0,148.0,74.0,106.0,27.0,150.0,30.0,180.0,121.0,151.0,42.0,24.0,187.0,171.0,23.0,174.0,117.0,64.0,2.0,78.0,2.0,154.0,60.0,85.0,76.0,112.0,152.0,122.0,133.0,163.0,97.0,172.0,70.0,1.0,91.0,55.0,150.0,12.0,44.0,106.0,72.0,100.0,79.0,160.0,87.0,59.0,110.0,97.0,135.0,77.0,127.0,124.0,187.0,170.0,22.0,157.0,91.0,19.0,150.0,122.0,23.0,103.0,129.0,86.0,168.0,51.0,135.0,104.0,96.0,45.0,16.0,45.0,116.0,180.0,29.0,109.0,25.0,76.0,28.0,90.0,37.0,107.0,115.0,66.0,144.0,162.0,20.0,169.0,47.0,55.0,148.0,103.0,162.0,46.0,52.0,188.0,73.0,99.0,77.0,49.0,44.0,133.0,23.0,97.0,37.0,12.0,157.0,84.0,53.0,96.0,57.0,94.0,76.0,28.0,188.0,112.0,3.0,189.0,77.0,170.0,11.0,47.0,178.0,186.0,26.0,188.0,0.0,111.0,50.0,163.0,182.0,96.0,164.0,65.0,162.0,20.0,183.0,95.0,71.0,84.0,8.0,105.0,99.0,74.0,161.0,83.0,5.0,123.0,152.0,168.0,142.0,79.0,161.0,151.0,75.0,157.0,58.0,80.0,78.0,115.0,33.0,9.0,164.0,19.0,126.0,32.0,122.0,157.0,168.0,60.0,168.0,40.0,98.0,175.0,182.0,64.0,144.0,154.0,87.0,121.0,80.0,22.0,67.0,65.0,54.0,88.0,109.0,85.0,107.0,90.0,167.0,124.0,161.0,128.0,104.0,53.0,63.0,149.0,9.0,159.0,155.0,91.0,36.0,89.0,25.0,168.0,141.0,95.0,176.0,52.0,156.0,37.0,67.0,17.0,69.0,64.0,93.0,112.0,112.0,49.0,97.0,95.0,13.0,167.0,4.0,9.0,29.0,5.0,169.0,103.0,137.0,179.0,110.0,48.0,54.0,91.0,31.0,79.0,147.0,34.0,58.0,18.0,175.0,11.0,180.0,167.0,24.0,71.0,61.0,99.0,46.0,183.0,169.0,142.0,29.0,59.0,56.0,72.0,5.0,58.0,91.0,2.0,40.0,90.0,156.0,190.0,105.0,58.0,39.0,36.0,158.0,40.0,56.0,9.0,13.0,187.0,43.0,19.0,136.0,117.0,133.0,106.0,122.0,123.0,79.0,145.0,97.0,101.0,129.0,77.0,86.0,184.0,1.0,18.0,121.0,146.0,24.0,100.0,31.0,35.0,140.0,113.0,14.0,94.0,68.0,69.0,23.0,77.0,182.0,162.0,30.0,0.0,51.0,156.0,88.0,131.0
,,,,,,,,,,,,,,,,,,,,,,,,,,,,,,,,,,,,,,,,,,,,,,,,,,,,,,,,,,,,,,,,,,,,,,,,,,,,,,,,37.0,24.0,132.0,12.0,80.0,115.0,44.0,127.0,102.0,32.0,14.0,147.0,69.0,51.0,134.0,30.0,141.0,2.0,126.0,52.0,186.0,52.0,80.0,87.0,116.0,46.0,41.0,169.0,71.0,27.0,56.0,132.0,167.0,181.0,132.0,34.0,129.0,81.0,38.0,11.0,30.0,156.0,157.0,119.0,78.0,181.0,76.0,57.0,4.0,106.0,148.0,54.0,45.0,97.0,133.0,65.0,61.0,147.0,164.0,59.0,4.0,191.0,37.0,143.0,156.0,78.0,115.0,125.0,134.0,74.0,159.0,112.0,101.0,160.0,30.0,164.0,101.0,70.0,6.0,13.0,62.0,5.0,171.0,185.0,37.0,13.0,100.0,37.0,130.0,157.0,1.0,72.0,116.0,156.0,128.0,138.0,171.0,128.0,7.0,121.0,109.0,124.0,60.0,171.0,45.0,114.0,73.0,68.0,160.0,188.0,47.0,170.0,126.0,39.0,117.0,110.0,77.0,20.0,10.0,20.0,66.0,71.0,24.0,92.0,149.0,170.0,141.0,33.0,146.0,81.0,11.0,77.0,138.0,8.0,112.0,50.0,42.0,53.0,26.0,84.0,63.0,140.0,72.0,39.0,129.0,34.0,87.0,100.0,50.0,12.0,116.0,130.0,98.0,140.0,70.0,60.0,107.0,117.0,48.0,100.0,166.0,170.0,46.0,119.0,97.0,135.0,2.0,168.0,150.0,8.0,93.0,24.0,81.0,103.0,28.0,133.0,108.0,47.0,148.0,71.0,40.0,161.0,46.0,174.0,57.0,148.0,164.0,31.0,155.0,178.0,130.0,58.0,168.0,92.0,57.0,67.0,151.0,110.0,183.0,9.0,172.0,98.0,10.0,94.0,81.0,127.0,72.0,123.0,154.0,112.0,140.0,155.0,151.0,161.0,162.0,114.0,33.0,1.0,186.0,173.0,56.0,150.0,28.0,111.0,174.0,175.0,180.0,187.0,80.0,95.0,109.0,33.0,151.0,77.0,118.0,72.0,148.0,138.0,23.0,80.0,67.0,119.0,0.0,40.0,71.0,37.0,181.0,99.0,97.0,182.0,69.0,68.0,70.0,114.0,73.0,114.0,133.0,14.0,167.0,82.0,13.0,117.0,142.0,35.0,54.0,13.0,36.0,98.0,179.0,49.0,162.0,22.0,147.0,69.0,103.0,173.0,12.0,127.0,85.0,137.0,54.0,146.0,13.0,190.0,38.0,110.0,183.0,20.0,18.0,88.0,182.0,147.0,9.0,139.0,154.0,122.0,55.0,102.0,179.0,163.0,102.0,41.0,79.0,179.0,73.0,79.0,83.0,89.0,103.0,135.0,30.0,56.0,114.0,176.0,96.0,143.0,142.0,99.0,184.0,21.0,135.0,127.0,26.0,156.0,180.0,20.0,109.0,83.0,37.0,130.0,137.0,31.0,48.0,57.0,176.0,190.0,117.0,69.0,133.0,154.0,3.0,112.0,27.0,19.0,18.0,137.0,20.0,43.0,70.0,116.0,42.0,71.0,101.0,52.0,20.0,40.0,74.0,6.0,187.0,148.0,31.0,83.0,174.0,175.0,187.0,159.0,2.0,126.0,61.0,173.0,115.0,28.0,139.0,111.0,127.0,91.0,49.0,73.0,5.0,182.0,130.0,69.0,109.0,154.0,165.0,109.0,118.0,98.0,8.0,6.0,159.0,180.0,56.0,141.0,54.0,135.0,66.0,107.0,120.0,115.0,79.0,63.0,70.0,108.0,39.0,49.0,65.0,99.0,173.0,38.0,140.0,24.0,160.0,6.0,184.0,34.0,147.0,76.0,44.0,190.0,136.0,4.0,146.0,27.0,181.0,96.0,148.0,32.0,157.0,162.0
,,,,,,,,,,,,,,,,,,,,,,,,,,,,,,,,,,,,,,,,,,,,,,,,,,,,,,,,,,,,,,,,,,,,,,,,,,,,,,,,,,,,,,,,,,127.0,97.0,110.0,14.0,28.0,96.0,143.0,85.0,96.0,162.0,116.0,145.0,135.0,72.0,16.0,53.0,180.0,163.0,91.0,72.0,17.0,154.0,138.0,71.0,92.0,36.0,99.0,166.0,95.0,95.0,144.0,149.0,169.0,146.0,92.0,11.0,3.0,171.0,54.0,76.0,117.0,96.0,190.0,179.0,28.0,17.0,167.0,156.0,93.0,171.0,91.0,46.0,47.0,109.0,43.0,41.0,30.0,164.0,96.0,6.0,146.0,82.0,123.0,102.0,132.0,41.0,73.0,94.0,138.0,107.0,31.0,88.0,58.0,104.0,182.0,159.0,31.0,54.0,72.0,50.0,84.0,50.0,79.0,33.0,35.0,189.0,112.0,186.0,17.0,85.0,135.0,135.0,66.0,8.0,54.0,34.0,2.0,103.0,31.0,179.0,79.0,96.0,162.0,106.0,127.0,102.0,164.0,36.0,17.0,59.0,48.0,112.0,92.0,133.0,163.0,94.0,52.0,8.0,40.0,35.0,68.0,47.0,148.0,33.0,111.0,92.0,1.0,141.0,92.0,49.0,126.0,88.0,121.0,110.0,62.0,177.0,7.0,62.0,53.0,33.0,67.0,180.0,160.0,119.0,26.0,179.0,13.0,6.0,13.0,99.0,133.0,35.0,27.0,144.0,62.0,182.0,154.0,158.0,37.0,190.0,173.0,7.0,101.0,189.0,130.0,115.0,181.0,130.0,173.0,118.0,169.0,19.0,108.0,41.0,122.0,56.0,97.0,167.0,71.0,42.0,73.0,23.0,52.0,80.0,76.0,23.0,95.0,125.0,136.0,135.0,106.0,178.0,127.0,175.0,164.0,95.0,145.0,7.0,117.0,111.0,111.0,41.0,167.0,45.0,11.0,36.0,110.0,96.0,138.0,49.0,154.0,173.0,191.0,7.0,10.0,60.0,128.0,95.0,121.0,111.0,29.0,18.0,143.0,52.0,153.0,135.0,138.0,115.0,45.0,47.0,44.0,178.0,72.0,174.0,140.0,62.0,41.0,155.0,59.0,166.0,53.0,23.0,121.0,100.0,17.0,173.0,60.0,65.0,6.0,86.0,117.0,56.0,9.0,39.0,166.0,98.0,176.0,61.0,2.0,93.0,147.0,13.0,175.0,136.0,21.0,87.0,6.0,59.0,76.0,165.0,20.0,76.0,189.0,106.0,45.0,128.0,180.0,57.0,186.0,19.0,48.0,12.0,73.0,130.0,60.0,127.0,188.0,148.0,43.0,74.0,158.0,88.0,166.0,129.0,95.0,108.0,59.0,166.0,174.0,114.0,38.0,16.0,18.0,90.0,151.0,179.0,86.0,180.0,41.0,142.0,184.0,32.0,110.0,160.0,161.0,119.0,0.0,176.0,14.0,150.0,163.0,142.0,111.0,116.0,59.0,77.0,189.0,160.0,83.0,66.0,65.0,40.0,183.0,149.0,20.0,186.0,14.0,52.0,56.0,101.0,84.0,157.0,56.0,47.0,166.0,9.0,104.0,101.0,160.0,86.0,35.0,60.0,81.0,82.0,153.0,71.0,45.0,55.0,136.0,110.0,27.0,13.0,77.0,162.0,182.0,24.0,124.0,32.0,117.0,132.0,65.0,4.0,47.0,16.0,124.0,175.0,159.0,80.0,91.0,172.0,168.0,175.0,173.0,9.0,13.0,163.0,103.0,126.0,67.0,97.0,191.0,78.0,78.0,7.0,1.0,22.0,138.0,91.0,48.0,25.0,55.0,162.0,139.0,158.0,11.0,10.0,73.0,165.0,124.0,170.0,98.0,11.0,140.0,45.0,122.0,149.0,151.0,56.0,87.0,16.0
,,,,,,,,,,,,,,,,,,,,,,,,,,,,,,,,,,,,,,,,,,,,,,,,,,,,,,,,,,,,,,,,,,,,,,,,,,,,,,,,,,,,,,,,,,,,,,,,,,,,95.0,23.0,66.0,1.0,45.0,155.0,76.0,85.0,142.0,2.0,178.0,127.0,125.0,150.0,127.0,181.0,26.0,41.0,4.0,84.0,39.0,121.0,12.0,190.0,187.0,155.0,7.0,63.0,137.0,149.0,10.0,58.0,60.0,151.0,88.0,21.0,140.0,130.0,121.0,28.0,83.0,4.0,146.0,87.0,155.0,185.0,68.0,160.0,82.0,127.0,42.0,85.0,141.0,110.0,54.0,22.0,36.0,187.0,119.0,100.0,6.0,161.0,41.0,19.0,54.0,164.0,169.0,14.0,47.0,101.0,114.0,92.0,73.0,172.0,95.0,89.0,187.0,102.0,49.0,31.0,58.0,14.0,125.0,119.0,7.0,60.0,14.0,143.0,180.0,43.0,99.0,52.0,43.0,65.0,68.0,36.0,51.0,99.0,115.0,28.0,12.0,144.0,137.0,33.0,52.0,139.0,113.0,55.0,147.0,157.0,101.0,189.0,51.0,75.0,147.0,130.0,12.0,33.0,35.0,124.0,146.0,131.0,16.0,75.0,169.0,148.0,45.0,85.0,134.0,16.0,128.0,60.0,110.0,67.0,11.0,0.0,113.0,129.0,107.0,144.0,69.0,98.0,33.0,70.0,34.0,156.0,43.0,177.0,79.0,103.0,57.0,0.0,102.0,178.0,76.0,64.0,165.0,60.0,70.0,46.0,109.0,29.0,121.0,120.0,74.0,44.0,83.0,124.0,189.0,131.0,1.0,47.0,34.0,136.0,0.0,33.0,79.0,164.0,46.0,29.0,17.0,118.0,136.0,61.0,110.0,33.0,175.0,125.0,38.0,103.0,61.0,129.0,119.0,103.0,78.0,120.0,146.0,72.0,141.0,84.0,38.0,25.0,47.0,57.0,72.0,57.0,68.0,40.0,72.0,158.0,12.0,140.0,63.0,64.0,15.0,166.0,121.0,10.0,65.0,92.0,17.0,8.0,134.0,62.0,65.0,167.0,183.0,147.0,15.0,34.0,38.0,29.0,105.0,116.0,120.0,102.0,8.0,70.0,59.0,19.0,58.0,42.0,107.0,91.0,127.0,19.0,153.0,41.0,69.0,74.0,7.0,143.0,60.0,124.0,4.0,137.0,27.0,74.0,89.0,138.0,154.0,120.0,114.0,135.0,128.0,106.0,4.0,30.0,145.0,125.0,167.0,89.0,78.0,97.0,165.0,94.0,69.0,74.0,150.0,131.0,129.0,160.0,0.0,124.0,135.0,146.0,123.0,125.0,48.0,70.0,27.0,164.0,46.0,16.0,16.0,181.0,136.0,72.0,104.0,75.0,68.0,138.0,138.0,71.0,182.0,87.0,180.0,28.0,189.0,88.0,170.0,145.0,87.0,90.0,68.0,66.0,112.0,168.0,50.0,145.0,138.0,138.0,42.0,51.0,16.0,64.0,143.0,1.0,108.0,102.0,180.0,24.0,114.0,26.0,151.0,61.0,162.0,22.0,132.0,30.0,27.0,56.0,1.0,69.0,57.0,164.0,29.0,128.0,6.0,47.0,89.0,175.0,70.0,158.0,130.0,102.0,174.0,147.0,114.0,83.0,159.0,137.0,156.0,53.0,69.0,18.0,115.0,43.0,25.0,170.0,110.0,44.0,43.0,78.0,103.0,42.0,15.0,167.0,100.0,30.0,110.0,4.0,47.0,46.0,40.0,116.0,140.0,175.0,168.0,132.0,104.0,97.0,153.0,49.0,164.0,130.0,119.0,109.0,152.0,115.0,176.0,110.0,21.0,118.0,139.0,177.0,29.0,124.0,82.0,108.0
,,,,,,,,,,,,,,,,,,,,,,,,,,,,,,,,,,,,,,,,,,,,,,,,,,,,,,,,,,,,,,,,,,,,,,,,,,,,,,,,,,,,,,,,,,,,,,,,,,,,,,,,,,,,,,102.0,48.0,174.0,98.0,7.0,59.0,1.0,132.0,134.0,121.0,83.0,117.0,82.0,53.0,180.0,138.0,80.0,129.0,98.0,6.0,69.0,26.0,97.0,58.0,66.0,32.0,157.0,178.0,40.0,186.0,148.0,167.0,149.0,22.0,134.0,166.0,69.0,167.0,124.0,18.0,35.0,64.0,54.0,109.0,143.0,144.0,7.0,60.0,25.0,59.0,54.0,89.0,136.0,141.0,106.0,84.0,40.0,26.0,15.0,180.0,67.0,51.0,47.0,88.0,124.0,68.0,97.0,17.0,188.0,91.0,22.0,116.0,29.0,176.0,21.0,10.0,96.0,122.0,66.0,20.0,139.0,145.0,34.0,149.0,189.0,64.0,184.0,122.0,33.0,173.0,141.0,98.0,148.0,147.0,148.0,168.0,188.0,159.0,92.0,42.0,119.0,85.0,177.0,73.0,186.0,165.0,18.0,136.0,181.0,103.0,156.0,133.0,92.0,165.0,50.0,90.0,179.0,66.0,87.0,38.0,178.0,146.0,118.0,7.0,137.0,29.0,191.0,91.0,137.0,166.0,138.0,108.0,141.0,71.0,187.0,102.0,12.0,91.0,33.0,6.0,167.0,112.0,48.0,17.0,156.0,84.0,97.0,103.0,55.0,5.0,108.0,9.0,129.0,154.0,170.0,181.0,0.0,72.0,19.0,74.0,79.0,131.0,172.0,93.0,138.0,143.0,41.0,92.0,74.0,80.0,12.0,71.0,140.0,136.0,37.0,180.0,171.0,33.0,70.0,20.0,24.0,148.0,146.0,139.0,184.0,27.0,55.0,100.0,179.0,149.0,60.0,69.0,184.0,151.0,133.0,157.0,162.0,9.0,20.0,180.0,168.0,3.0,49.0,94.0,32.0,115.0,12.0,156.0,42.0,12.0,89.0,102.0,187.0,98.0,186.0,80.0,75.0,86.0,128.0,11.0,141.0,170.0,95.0,143.0,175.0,171.0,97.0,82.0,146.0,105.0,126.0,62.0,109.0,191.0,174.0,32.0,63.0,39.0,38.0,92.0,22.0,134.0,135.0,21.0,124.0,41.0,23.0,125.0,6.0,97.0,55.0,35.0,181.0,95.0,18.0,117.0,3.0,50.0,170.0,170.0,145.0,38.0,29.0,82.0,61.0,105.0,44.0,24.0,116.0,120.0,85.0,76.0,99.0,151.0,77.0,177.0,181.0,146.0,180.0,56.0,8.0,41.0,100.0,10.0,35.0,54.0,100.0,125.0,83.0,37.0,164.0,171.0,63.0,29.0,26.0,64.0,165.0,5.0,59.0,178.0,133.0,70.0,14.0,110.0,162.0,186.0,86.0,45.0,17.0,115.0,133.0,118.0,158.0,74.0,49.0,104.0,120.0,67.0,34.0,113.0,40.0,76.0,99.0,154.0,3.0,152.0,100.0,16.0,0.0,147.0,13.0,10.0,137.0,157.0,38.0,169.0,19.0,125.0,42.0,169.0,13.0,2.0,102.0,85.0,179.0,44.0,64.0,22.0,108.0,23.0,173.0,163.0,31.0,92.0,16.0,63.0,182.0,75.0,150.0,102.0,143.0,191.0,88.0,75.0,80.0,105.0,92.0,139.0,71.0,51.0,126.0,152.0,53.0,11.0,50.0,122.0,64.0,111.0,136.0,121.0,45.0,66.0,7.0,78.0,182.0,172.0,64.0,170.0,149.0,56.0,29.0,121.0,87.0,67.0,86.0,74.0,84.0,96.0,94.0,142.0
,,,,,,,,,,,,,,,,,,,,,,,,,,,,,,,,,,,,,,,,,,,,,,,,,,,,,,,,,,,,,,,,,,,,,,,,,,,,,,,,,,,,,,,,,,,,,,,,,,,,,,,,,,,,,,,,,,,,,,,,62.0,133.0,3.0,138.0,57.0,34.0,70.0,77.0,168.0,13.0,169.0,87.0,79.0,168.0,179.0,13.0,139.0,154.0,108.0,100.0,38.0,129.0,3.0,139.0,18.0,23.0,39.0,66.0,45.0,130.0,102.0,32.0,120.0,94.0,59.0,113.0,167.0,25.0,191.0,11.0,9.0,176.0,52.0,100.0,59.0,134.0,120.0,162.0,144.0,34.0,50.0,158.0,117.0,146.0,83.0,186.0,158.0,34.0,84.0,177.0,148.0,18.0,5.0,188.0,24.0,165.0,127.0,57.0,156.0,69.0,111.0,125.0,115.0,136.0,8.0,116.0,41.0,33.0,41.0,43.0,146.0,154.0,76.0,86.0,36.0,51.0,150.0,5.0,186.0,9.0,74.0,37.0,181.0,183.0,65.0,171.0,178.0,137.0,16.0,101.0,79.0,27.0,114.0,159.0,122.0,78.0,131.0,14.0,181.0,11.0,110.0,150.0,6.0,135.0,161.0,142.0,20.0,59.0,138.0,184.0,29.0,133.0,32.0,111.0,10.0,72.0,117.0,92.0,24.0,26.0,119.0,26.0,47.0,1.0,19.0,59.0,174.0,114.0,150.0,182.0,181.0,117.0,169.0,77.0,186.0,26.0,10.0,37.0,62.0,145.0,166.0,160.0,170.0,170.0,105.0,105.0,53.0,185.0,19.0,84.0,37.0,114.0,103.0,149.0,173.0,109.0,110.0,166.0,20.0,169.0,154.0,146.0,130.0,160.0,90.0,141.0,181.0,147.0,167.0,131.0,46.0,143.0,112.0,0.0,165.0,145.0,28.0,184.0,132.0,12.0,141.0,111.0,38.0,33.0,56.0,127.0,81.0,190.0,35.0,38.0,81.0,76.0,153.0,117.0,133.0,30.0,4.0,106.0,172.0,24.0,166.0,116.0,142.0,158.0,166.0,155.0,30.0,10.0,39.0,5.0,169.0,106.0,114.0,111.0,41.0,184.0,127.0,57.0,146.0,114.0,4.0,8.0,183.0,101.0,40.0,121.0,51.0,28.0,154.0,114.0,52.0,13.0,161.0,125.0,76.0,13.0,141.0,79.0,98.0,176.0,185.0,141.0,26.0,93.0,185.0,113.0,43.0,41.0,63.0,85.0,11.0,107.0,123.0,176.0,182.0,156.0,66.0,129.0,186.0,136.0,167.0,102.0,126.0,180.0,122.0,45.0,189.0,67.0,6.0,54.0,147.0,149.0,163.0,9.0,139.0,146.0,32.0,80.0,174.0,143.0,69.0,173.0,160.0,93.0,72.0,99.0,139.0,4.0,129.0,76.0,100.0,148.0,191.0,5.0,120.0,39.0,165.0,74.0,111.0,97.0,54.0,137.0,156.0,149.0,83.0,44.0,52.0,124.0,124.0,118.0,163.0,77.0,149.0,119.0,112.0,7.0,182.0,32.0,102.0,158.0,97.0,156.0,184.0,169.0,164.0,144.0,87.0,168.0,47.0,42.0,71.0,89.0,33.0,13.0,113.0,24.0,153.0,111.0,74.0,142.0,161.0,61.0,45.0,127.0,188.0,34.0,135.0,41.0,59.0,19.0,174.0,43.0,88.0,9.0,145.0,104.0,68.0,70.0,150.0,0.0,47.0,88.0,149.0,82.0,6.0,185.0,176.0,108.0,52.0,47.0,5.0,190.0,129.0,123.0,153.0,55.0,70.0,8.0,153.0,3.0
,,,,,,,,,,,,,,,,,,,,,,,,,,,,,,,,,,,,,,,,,,,,,,,,,,,,,,,,,,,,,,,,,,,,,,,,,,,,,,,,,,,,,,,,,,,,,,,,,,,,,,,,,,,,,,,,,,,,,,,,,,,,,,,,,,90.0,91.0,61.0,14.0,62.0,109.0,79.0,133.0,20.0,107.0,97.0,92.0,63.0,127.0,73.0,100.0,0.0,52.0,29.0,141.0,95.0,141.0,190.0,36.0,185.0,90.0,186.0,167.0,56.0,66.0,132.0,55.0,143.0,71.0,168.0,179.0,162.0,151.0,10.0,156.0,89.0,42.0,119.0,105.0,26.0,116.0,151.0,42.0,87.0,115.0,114.0,39.0,45.0,94.0,188.0,25.0,80.0,102.0,129.0,146.0,83.0,176.0,104.0,80.0,139.0,13.0,149.0,55.0,43.0,187.0,26.0,54.0,13.0,71.0,185.0,167.0,178.0,4.0,139.0,46.0,126.0,6.0,1.0,142.0,86.0,93.0,144.0,4.0,51.0,64.0,89.0,19.0,21.0,121.0,43.0,171.0,162.0,68.0,89.0,123.0,145.0,177.0,70.0,156.0,88.0,178.0,144.0,146.0,125.0,87.0,35.0,101.0,172.0,134.0,46.0,18.0,98.0,52.0,191.0,172.0,75.0,1.0,111.0,42.0,149.0,31.0,17.0,123.0,62.0,66.0,7.0,32.0,78.0,102.0,10.0,124.0,175.0,70.0,169.0,130.0,11.0,123.0,157.0,137.0,79.0,179.0,139.0,149.0,64.0,45.0,62.0,68.0,112.0,53.0,49.0,184.0,29.0,85.0,162.0,17.0,8.0,81.0,135.0,91.0,167.0,115.0,140.0,9.0,84.0,33.0,117.0,151.0,17.0,78.0,18.0,103.0,163.0,183.0,152.0,9.0,60.0,102.0,6.0,84.0,61.0,172.0,21.0,64.0,72.0,98.0,78.0,123.0,169.0,122.0,12.0,65.0,100.0,47.0,1.0,190.0,13.0,35.0,184.0,170.0,159.0,133.0,79.0,184.0,36.0,78.0,147.0,111.0,138.0,9.0,146.0,14.0,52.0,18.0,1.0,181.0,117.0,189.0,162.0,50.0,92.0,31.0,133.0,16.0,101.0,120.0,128.0,127.0,158.0,71.0,111.0,12.0,96.0,72.0,91.0,82.0,114.0,103.0,95.0,23.0,17.0,133.0,169.0,51.0,85.0,12.0,68.0,101.0,38.0,17.0,29.0,161.0,61.0,94.0,142.0,97.0,136.0,26.0,37.0,81.0,114.0,128.0,190.0,73.0,37.0,151.0,177.0,174.0,144.0,53.0,147.0,65.0,149.0,155.0,33.0,68.0,95.0,134.0,158.0,78.0,63.0,22.0,107.0,67.0,24.0,127.0,79.0,136.0,140.0,53.0,48.0,128.0,104.0,89.0,51.0,190.0,16.0,187.0,79.0,75.0,188.0,5.0,66.0,147.0,81.0,50.0,139.0,35.0,107.0,38.0,32.0,62.0,107.0,51.0,165.0,96.0,178.0,172.0,54.0,189.0,111.0,101.0,156.0,114.0,38.0,98.0,125.0,159.0,172.0,63.0,177.0,177.0,12.0,116.0,190.0,174.0,148.0,132.0,53.0,80.0,140.0,149.0,24.0,85.0,92.0,125.0,81.0,134.0,170.0,47.0,136.0,38.0,6.0,41.0,73.0,43.0,157.0,94.0,55.0,0.0,85.0,57.0,3.0,8.0,69.0,58.0,168.0,2.0,107.0,85.0,11.0,83.0,77.0,145.0,135.0,94.0
,,,,,,,,,,,,,,,,,,,,,,,,,,,,,,,,,,,,,,,,,,,,,,,,,,,,,,,,,,,,,,,,,,,,,,,,,,,,,,,,,,,,,,,,,,,,,,,,,,,,,,,,,,,,,,,,,,,,,,,,,,,,,,,,,,,,,,,,,,,,161.0,123.0,179.0,36.0,0.0,57.0,54.0,9.0,11.0,83.0,126.0,184.0,71.0,0.0,173.0,142.0,21.0,118.0,3.0,115.0,44.0,68.0,47.0,51.0,55.0,105.0,68.0,2.0,91.0,166.0,180.0,174.0,93.0,178.0,182.0,29.0,148.0,15.0,113.0,174.0,180.0,191.0,81.0,71.0,36.0,29.0,93.0,6.0,183.0,76.0,91.0,92.0,27.0,134.0,152.0,122.0,117.0,169.0,103.0,131.0,3.0,69.0,116.0,40.0,18.0,163.0,133.0,185.0,63.0,146.0,89.0,51.0,145.0,133.0,177.0,181.0,133.0,45.0,128.0,176.0,141.0,118.0,10.0,174.0,23.0,140.0,4.0,92.0,112.0,1.0,173.0,56.0,85.0,113.0,64.0,50.0,0.0,168.0,173.0,187.0,59.0,56.0,2.0,3.0,142.0,55.0,90.0,142.0,53.0,185.0,106.0,48.0,131.0,62.0,106.0,89.0,11.0,121.0,123.0,65.0,102.0,35.0,17.0,185.0,105.0,154.0,155.0,52.0,12.0,26.0,15.0,72.0,111.0,70.0,158.0,82.0,124.0,134.0,93.0,63.0,154.0,90.0,169.0,15.0,121.0,42.0,19.0,72.0,90.0,36.0,48.0,107.0,16.0,142.0,27.0,65.0,81.0,144.0,62.0,118.0,83.0,43.0,16.0,134.0,128.0,75.0,75.0,155.0,185.0,188.0,19.0,13.0,36.0,88.0,187.0,94.0,114.0,165.0,152.0,173.0,161.0,14.0,108.0,158.0,113.0,130.0,106.0,175.0,154.0,70.0,125.0,149.0,159.0,171.0,144.0,65.0,54.0,103.0,42.0,7.0,11.0,112.0,160.0,182.0,169.0,157.0,187.0,16.0,174.0,79.0,40.0,81.0,107.0,51.0,56.0,28.0,99.0,13.0,151.0,143.0,35.0,21.0,122.0,109.0,10.0,138.0,73.0,128.0,120.0,146.0,82.0,84.0,160.0,10.0,101.0,90.0,149.0,140.0,28.0,140.0,23.0,176.0,182.0,180.0,30.0,172.0,17.0,57.0,5.0,30.0,164.0,12.0,155.0,121.0,111.0,90.0,70.0,96.0,94.0,127.0,122.0,48.0,102.0,128.0,33.0,108.0,61.0,150.0,103.0,52.0,101.0,183.0,58.0,115.0,129.0,92.0,59.0,5.0,189.0,67.0,174.0,65.0,109.0,12.0,182.0,140.0,117.0,95.0,149.0,41.0,183.0,125.0,44.0,92.0,179.0,27.0,155.0,130.0,109.0,128.0,69.0,47.0,118.0,55.0,73.0,188.0,118.0,116.0,44.0,82.0,191.0,44.0,121.0,27.0,100.0,51.0,171.0,152.0,159.0,69.0,24.0,166.0,2.0,66.0,67.0,168.0,120.0,125.0,64.0,34.0,132.0,174.0,96.0,38.0,1.0,162.0,81.0,46.0,189.0,159.0,77.0,112.0,48.0,64.0,4.0,20.0,188.0,65.0,158.0,50.0,51.0,181.0,184.0,153.0,119.0,84.0,146.0,86.0,133.0,157.0,40.0,125.0,92.0,91.0,74.0,161.0,49.0,190.0,76.0,115.0
,,,,,,,,,,,,,,,,,,,,,,,,,,,,,,,,,,,,,,,,,,,,,,,,,,,,,,,,,,,,,,,,,,,,,,,,,,,,,,,,,,,,,,,,,,,,,,,,,,,,,,,,,,,,,,,,,,,,,,,,,,,,,,,,,,,,,,,,,,,,,,,,,,,,,,75.0,30.0,82.0,178.0,125.0,112.0,1.0,159.0,123.0,125.0,55.0,132.0,55.0,113.0,131.0,67.0,149.0,66.0,109.0,185.0,191.0,165.0,60.0,20.0,85.0,149.0,23.0,81.0,108.0,168.0,137.0,127.0,3.0,47.0,17.0,59.0,49.0,159.0,182.0,97.0,42.0,105.0,138.0,137.0,191.0,141.0,179.0,162.0,117.0,183.0,6.0,63.0,78.0,2.0,119.0,144.0,4.0,126.0,71.0,64.0,75.0,98.0,75.0,123.0,60.0,134.0,138.0,8.0,3.0,29.0,158.0,185.0,125.0,52.0,111.0,14.0,124.0,9.0,19.0,2.0,32.0,152.0,76.0,162.0,174.0,83.0,115.0,85.0,67.0,45.0,2.0,186.0,185.0,69.0,109.0,22.0,167.0,135.0,38.0,89.0,182.0,175.0,115.0,59.0,120.0,145.0,125.0,44.0,125.0,183.0,186.0,105.0,60.0,134.0,108.0,118.0,3.0,170.0,118.0,105.0,83.0,155.0,106.0,106.0,92.0,2.0,152.0,173.0,146.0,89.0,181.0,152.0,185.0,10.0,79.0,75.0,57.0,10.0,50.0,76.0,186.0,18.0,9.0,101.0,123.0,156.0,180.0,49.0,119.0,161.0,170.0,185.0,136.0,179.0,55.0,35.0,131.0,110.0,99.0,104.0,69.0,130.0,183.0,105.0,44.0,187.0,169.0,80.0,190.0,85.0,7.0,168.0,120.0,140.0,190.0,82.0,2.0,24.0,41.0,67.0,11.0,14.0,1.0,22.0,91.0,64.0,17.0,113.0,32.0,146.0,62.0,171.0,104.0,156.0,164.0,15.0,151.0,74.0,54.0,147.0,48.0,39.0,119.0,158.0,53.0,112.0,190.0,1.0,189.0,101.0,63.0,3.0,186.0,19.0,114.0,55.0,111.0,42.0,9.0,148.0,68.0,129.0,105.0,184.0,81.0,13.0,140.0,166.0,117.0,38.0,67.0,170.0,75.0,171.0,67.0,33.0,89.0,71.0,171.0,13.0,87.0,150.0,68.0,123.0,58.0,137.0,82.0,63.0,188.0,166.0,148.0,156.0,25.0,23.0,37.0,3.0,17.0,86.0,43.0,50.0,32.0,80.0,145.0,128.0,50.0,165.0,131.0,118.0,76.0,146.0,61.0,144.0,175.0,102.0,36.0,34.0,61.0,25.0,88.0,3.0,147.0,181.0,189.0,62.0,150.0,136.0,179.0,3.0,70.0,37.0,52.0,125.0,168.0,125.0,20.0,162.0,1.0,156.0,159.0,34.0,153.0,75.0,103.0,50.0,136.0,21.0,54.0,87.0,80.0,81.0,177.0,143.0,51.0,109.0,60.0,3.0,55.0,57.0,56.0,45.0,170.0,169.0,92.0,187.0,121.0,159.0,141.0,163.0,141.0,126.0,161.0,129.0,84.0,126.0,31.0,85.0,112.0,124.0,58.0,108.0,141.0,191.0,97.0,122.0,110.0,93.0,114.0,61.0,122.0,63.0,78.0,42.0,128.0,80.0,97.0,155.0,185.0,111.0,117.0,159.0
,,,,,,,,,,,,,,,,,,,,,,,,,,,,,,,,,,,,,,,,,,,,,,,,,,,,,,,,,,,,,,,,,,,,,,,,,,,,,,,,,,,,,,,,,,,,,,,,,,,,,,,,,,,,,,,,,,,,,,,,,,,,,,,,,,,,,,,,,,,,,,,,,,,,,,,,,,,,,,,,74.0,153.0,174.0,166.0,157.0,108.0,71.0,94.0,168.0,118.0,150.0,124.0,30.0,75.0,190.0,124.0,99.0,90.0,66.0,26.0,149.0,62.0,41.0,90.0,130.0,149.0,65.0,165.0,10.0,25.0,95.0,116.0,181.0,92.0,64.0,135.0,91.0,59.0,155.0,91.0,49.0,173.0,64.0,66.0,3.0,181.0,140.0,143.0,75.0,50.0,23.0,56.0,32.0,93.0,29.0,52.0,188.0,21.0,118.0,126.0,162.0,15.0,101.0,26.0,128.0,0.0,134.0,123.0,24.0,8.0,134.0,111.0,142.0,138.0,122.0,41.0,142.0,133.0,143.0,121.0,122.0,1.0,36.0,7.0,33.0,95.0,164.0,18.0,109.0,46.0,23.0,60.0,168.0,129.0,26.0,117.0,16.0,187.0,141.0,114.0,139.0,191.0,179.0,133.0,38.0,86.0,56.0,94.0,143.0,15.0,53.0,187.0,158.0,108.0,35.0,129.0,57.0,108.0,12.0,140.0,55.0,143.0,187.0,77.0,53.0,172.0,106.0,70.0,27.0,63.0,115.0,185.0,115.0,155.0,65.0,46.0,71.0,112.0,72.0,72.0,28.0,175.0,14.0,132.0,34.0,120.0,78.0,87.0,34.0,82.0,57.0,10.0,83.0,137.0,101.0,13.0,50.0,45.0,6.0,19.0,34.0,91.0,87.0,28.0,156.0,76.0,110.0,36.0,160.0,74.0,116.0,74.0,13.0,187.0,135.0,43.0,68.0,59.0,131.0,166.0,35.0,15.0,92.0,106.0,75.0,81.0,48.0,133.0,44.0,39.0,19.0,90.0,148.0,191.0,85.0,89.0,119.0,188.0,44.0,124.0,176.0,105.0,120.0,151.0,99.0,69.0,161.0,170.0,6.0,156.0,173.0,87.0,25.0,66.0,68.0,171.0,174.0,1.0,55.0,134.0,28.0,140.0,72.0,104.0,137.0,157.0,102.0,101.0,51.0,126.0,60.0,108.0,48.0,84.0,1.0,191.0,23.0,75.0,135.0,150.0,188.0,1.0,118.0,174.0,44.0,75.0,128.0,184.0,45.0,164.0,140.0,113.0,131.0,35.0,118.0,13.0,33.0,79.0,88.0,43.0,54.0,54.0,55.0,182.0,155.0,118.0,119.0,2.0,115.0,96.0,135.0,85.0,140.0,167.0,81.0,101.0,14.0,163.0,4.0,142.0,169.0,39.0,80.0,101.0,65.0,70.0,156.0,111.0,116.0,151.0,2.0,117.0,112.0,175.0,27.0,83.0,149.0,19.0,176.0,154.0,133.0,97.0,78.0,9.0,178.0,0.0,17.0,46.0,159.0,62.0,19.0,164.0,33.0,63.0,181.0,36.0,94.0,185.0,17.0,81.0,168.0,48.0,102.0,153.0,169.0,43.0,189.0,174.0,149.0,42.0,13.0,176.0,145.0,137.0,40.0,87.0,46.0,81.0,38.0,85.0,84.0,112.0,29.0,69.0,169.0,66.0,7.0,191.0,70.0,38.0
,,,,,,,,,,,,,,,,,,,,,,,,,,,,,,,,,,,,,,,,,,,,,,,,,,,,,,,,,,,,,,,,,,,,,,,,,,,,,,,,,,,,,,,,,,,,,,,,,,,,,,,,,,,,,,,,,,,,,,,,,,,,,,,,,,,,,,,,,,,,,,,,,,,,,,,,,,,,,,,,,,,,,,,,,,151.0,34.0,105.0,133.0,169.0,47.0,104.0,116.0,44.0,176.0,71.0,119.0,152.0,14.0,138.0,102.0,105.0,75.0,65.0,80.0,156.0,118.0,144.0,133.0,108.0,12.0,1.0,154.0,129.0,127.0,142.0,59.0,128.0,142.0,151.0,145.0,13.0,169.0,170.0,102.0,79.0,147.0,42.0,17.0,170.0,47.0,38.0,92.0,116.0,189.0,172.0,54.0,127.0,65.0,49.0,133.0,52.0,157.0,155.0,78.0,55.0,174.0,89.0,122.0,10.0,3.0,187.0,94.0,108.0,156.0,31.0,47.0,130.0,135.0,188.0,2.0,136.0,3.0,60.0,132.0,176.0,41.0,58.0,2.0,66.0,135.0,88.0,5.0,124.0,185.0,185.0,24.0,41.0,3.0,30.0,0.0,1.0,178.0,33.0,32.0,42.0,38.0,72.0,184.0,126.0,5.0,179.0,50.0,121.0,128.0,118.0,70.0,40.0,39.0,112.0,105.0,52.0,25.0,87.0,42.0,91.0,52.0,60.0,152.0,76.0,23.0,178.0,103.0,55.0,43.0,112.0,50.0,124.0,160.0,145.0,163.0,89.0,160.0,84.0,11.0,153.0,148.0,94.0,174.0,31.0,150.0,36.0,178.0,99.0,185.0,4.0,12.0,89.0,170.0,175.0,83.0,79.0,91.0,101.0,126.0,110.0,183.0,50.0,172.0,100.0,11.0,178.0,101.0,105.0,128.0,59.0,149.0,51.0,118.0,80.0,108.0,60.0,117.0,162.0,150.0,186.0,14.0,63.0,38.0,48.0,107.0,90.0,12.0,15.0,156.0,189.0,78.0,5.0,183.0,20.0,115.0,88.0,122.0,25.0,91.0,139.0,80.0,167.0,183.0,146.0,1.0,93.0,110.0,163.0,181.0,161.0,8.0,10.0,56.0,91.0,61.0,174.0,171.0,15.0,150.0,190.0,140.0,6.0,40.0,179.0,58.0,126.0,111.0,12.0,169.0,144.0,155.0,103.0,13.0,90.0,121.0,15.0,3.0,161.0,47.0,10.0,72.0,125.0,92.0,10.0,1.0,88.0,98.0,93.0,53.0,109.0,179.0,46.0,4.0,178.0,69.0,51.0,92.0,63.0,100.0,44.0,161.0,135.0,120.0,191.0,85.0,160.0,122.0,131.0,168.0,7.0,159.0,191.0,62.0,113.0,152.0,77.0,138.0,155.0,70.0,47.0,133.0,174.0,165.0,163.0,180.0,45.0,11.0,187.0,16.0,4.0,91.0,25.0,98.0,33.0,143.0,53.0,3.0,92.0,177.0,127.0,81.0,11.0,122.0,143.0,173.0,91.0,162.0,0.0,52.0,115.0,47.0,20.0,95.0,155.0,112.0,30.0,158.0,175.0,113.0,101.0,138.0,176.0,132.0,83.0,108.0,0.0,71.0,100.0,103.0,117.0,179.0,84.0,12.0,81.0,49.0,132.0,45.0,25.0,90.0
,,,,,,,,,,,,,,,,,,,,,,,,,,,,,,,,,,,,,,,,,,,,,,,,,,,,,,,,,,,,,,,,,,,,,,,,,,,,,,,,,,,,,,,,,,,,,,,,,,,,,,,,,,,,,,,,,,,,,,,,,,,,,,,,,,,,,,,,,,,,,,,,,,,,,,,,,,,,,,,,,,,,,,,,,,,,,,,,,,,,39.0,80.0,105.0,42.0,178.0,62.0,189.0,163.0,155.0,11.0,69.0,3.0,22.0,147.0,112.0,70.0,66.0,109.0,143.0,51.0,93.0,36.0,44.0,170.0,46.0,109.0,43.0,91.0,69.0,7.0,40.0,116.0,188.0,109.0,125.0,138.0,76.0,189.0,173.0,35.0,25.0,137.0,85.0,42.0,78.0,115.0,21.0,161.0,137.0,35.0,21.0,90.0,109.0,52.0,156.0,98.0,40.0,17.0,70.0,191.0,160.0,7.0,131.0,97.0,116.0,114.0,185.0,95.0,92.0,127.0,40.0,20.0,103.0,95.0,123.0,8.0,100.0,185.0,181.0,44.0,11.0,81.0,3.0,97.0,143.0,117.0,136.0,97.0,101.0,38.0,22.0,52.0,160.0,51.0,124.0,39.0,14.0,175.0,53.0,164.0,5.0,129.0,144.0,132.0,165.0,96.0,166.0,5.0,158.0,110.0,47.0,62.0,17.0,17.0,161.0,165.0,185.0,95.0,120.0,30.0,149.0,126.0,94.0,39.0,184.0,59.0,10.0,76.0,44.0,191.0,110.0,163.0,62.0,111.0,63.0,45.0,94.0,168.0,78.0,177.0,84.0,122.0,161.0,119.0,176.0,92.0,18.0,144.0,61.0,68.0,91.0,36.0,182.0,56.0,156.0,17.0,57.0,177.0,3.0,89.0,132.0,41.0,89.0,2.0,97.0,134.0,184.0,173.0,9.0,1.0,84.0,129.0,87.0,32.0,80.0,15.0,191.0,152.0,46.0,37.0,60.0,189.0,175.0,66.0,166.0,57.0,42.0,113.0,57.0,143.0,122.0,153.0,62.0,27.0,131.0,173.0,45.0,0.0,108.0,58.0,76.0,5.0,164.0,135.0,105.0,153.0,148.0,178.0,151.0,144.0,174.0,159.0,182.0,157.0,135.0,37.0,130.0,115.0,173.0,23.0,39.0,41.0,186.0,153.0,118.0,97.0,137.0,94.0,153.0,85.0,111.0,4.0,12.0,129.0,56.0,86.0,106.0,163.0,111.0,34.0,190.0,81.0,34.0,101.0,67.0,187.0,3.0,110.0,13.0,117.0,138.0,163.0,164.0,29.0,152.0,181.0,135.0,189.0,189.0,83.0,46.0,65.0,21.0,100.0,107.0,13.0,141.0,115.0,23.0,164.0,117.0,111.0,161.0,159.0,143.0,27.0,182.0,82.0,95.0,9.0,116.0,62.0,69.0,71.0,89.0,45.0,19.0,89.0,27.0,119.0,150.0,152.0,121.0,168.0,110.0,119.0,63.0,125.0,38.0,61.0,148.0,29.0,142.0,145.0,111.0,42.0,24.0,52.0,179.0,79.0,68.0,58.0,71.0,11.0,100.0,76.0,70.0,92.0,41.0,92.0,48.0,10.0,101.0,16.0,166.0,25.0,95.0,148.0,191.0,127.0
,,,,,,,,,,,,,,,,,,,,,,,,,,,,,,,,,,,,,,,,,,,,,,,,,,,,,,,,,,,,,,,,,,,,,,,,,,,,,,,,,,,,,,,,,,,,,,,,,,,,,,,,,,,,,,,,,,,,,,,,,,,,,,,,,,,,,,,,,,,,,,,,,,,,,,,,,,,,,,,,,,,,,,,,,,,,,,,,,,,,,,,,,,,,,,25.0,171.0,131.0,139.0,161.0,21.0,87.0,136.0,102.0,105.0,0.0,15.0,46.0,154.0,135.0,130.0,158.0,93.0,161.0,30.0,98.0,22.0,135.0,65.0,15.0,5.0,81.0,180.0,12.0,34.0,109.0,163.0,162.0,133.0,34.0,37.0,81.0,52.0,180.0,127.0,121.0,167.0,181.0,104.0,191.0,93.0,138.0,73.0,42.0,188.0,8.0,93.0,126.0,162.0,139.0,152.0,108.0,159.0,35.0,68.0,34.0,191.0,82.0,96.0,73.0,7.0,12.0,150.0,147.0,62.0,81.0,47.0,188.0,32.0,142.0,20.0,109.0,62.0,161.0,121.0,165.0,159.0,43.0,32.0,2.0,3.0,120.0,26.0,49.0,61.0,162.0,149.0,24.0,158.0,191.0,149.0,96.0,167.0,157.0,10.0,128.0,158.0,168.0,31.0,66.0,136.0,27.0,125.0,32.0,18.0,171.0,20.0,135.0,80.0,52.0,11.0,112.0,100.0,112.0,159.0,115.0,115.0,140.0,45.0,10.0,177.0,61.0,0.0,83.0,73.0,5.0,72.0,20.0,155.0,4.0,175.0,169.0,110.0,179.0,72.0,127.0,168.0,81.0,31.0,23.0,67.0,91.0,178.0,67.0,190.0,131.0,98.0,128.0,96.0,10.0,151.0,90.0,44.0,149.0,82.0,158.0,7.0,157.0,22.0,30.0,77.0,65.0,64.0,91.0,152.0,23.0,58.0,75.0,33.0,80.0,99.0,188.0,27.0,36.0,107.0,149.0,69.0,110.0,77.0,168.0,98.0,164.0,42.0,47.0,184.0,34.0,158.0,136.0,81.0,86.0,174.0,164.0,185.0,126.0,75.0,77.0,85.0,164.0,43.0,19.0,77.0,8.0,182.0,56.0,184.0,127.0,49.0,152.0,129.0,107.0,59.0,105.0,119.0,106.0,118.0,8.0,8.0,74.0,77.0,121.0,101.0,170.0,42.0,159.0,169.0,56.0,129.0,123.0,29.0,86.0,49.0,114.0,87.0,152.0,108.0,127.0,108.0,6.0,45.0,48.0,96.0,180.0,68.0,35.0,172.0,99.0,103.0,23.0,173.0,88.0,153.0,93.0,124.0,94.0,64.0,55.0,60.0,187.0,7.0,48.0,104.0,133.0,128.0,165.0,146.0,93.0,104.0,58.0,177.0,159.0,105.0,30.0,91.0,176.0,151.0,129.0,144.0,103.0,156.0,175.0,33.0,118.0,161.0,162.0,101.0,68.0,102.0,182.0,58.0,140.0,47.0,8.0,55.0,63.0,186.0,125.0,83.0,166.0,19.0,157.0,163.0,4.0,31.0,39.0,54.0,43.0,90.0,103.0,117.0,63.0,35.0,159.0,174.0,152.0,161.0
,,,,,,,,,,,,,,,,,,,,,,,,,,,,,,,,,,,,,,,,,,,,,,,,,,,,,,,,,,,,,,,,,,,,,,,,,,,,,,,,,,,,,,,,,,,,,,,,,,,,,,,,,,,,,,,,,,,,,,,,,,,,,,,,,,,,,,,,,,,,,,,,,,,,,,,,,,,,,,,,,,,,,,,,,,,,,,,,,,,,,,,,,,,,,,,,,,,,,,,,77.0,129.0,107.0,155.0,100.0,23.0,117.0,132.0,131.0,140.0,36.0,26.0,28.0,31.0,77.0,41.0,162.0,142.0,58.0,2.0,151.0,23.0,77.0,139.0,110.0,179.0,152.0,112.0,130.0,93.0,83.0,19.0,164.0,30.0,0.0,149.0,93.0,161.0,134.0,20.0,177.0,23.0,183.0,58.0,23.0,191.0,148.0,134.0,11.0,179.0,8.0,167.0,20.0,141.0,21.0,77.0,149.0,163.0,64.0,74.0,69.0,46.0,176.0,147.0,87.0,155.0,111.0,162.0,34.0,161.0,120.0,78.0,0.0,126.0,93.0,90.0,85.0,130.0,41.0,125.0,73.0,105.0,36.0,108.0,14.0,45.0,99.0,26.0,97.0,128.0,64.0,34.0,107.0,62.0,153.0,167.0,109.0,116.0,103.0,17.0,64.0,75.0,64.0,40.0,87.0,185.0,54.0,103.0,29.0,0.0,75.0,41.0,2.0,95.0,108.0,21.0,173.0,139.0,129.0,130.0,101.0,55.0,28.0,179.0,7.0,64.0,71.0,120.0,16.0,59.0,28.0,153.0,48.0,42.0,184.0,73.0,61.0,79.0,136.0,155.0,82.0,134.0,169.0,116.0,74.0,112.0,31.0,86.0,79.0,179.0,126.0,51.0,11.0,0.0,99.0,117.0,160.0,119.0,139.0,42.0,159.0,166.0,150.0,142.0,11.0,22.0,15.0,143.0,172.0,0.0,44.0,57.0,191.0,149.0,86.0,84.0,46.0,165.0,8.0,5.0,113.0,82.0,1.0,99.0,61.0,42.0,18.0,142.0,189.0,20.0,132.0,18.0,136.0,91.0,160.0,110.0,66.0,50.0,53.0,191.0,155.0,67.0,136.0,36.0,124.0,28.0,72.0,71.0,27.0,79.0,166.0,53.0,86.0,125.0,60.0,133.0,97.0,150.0,96.0,64.0,153.0,14.0,77.0,104.0,81.0,115.0,167.0,58.0,174.0,21.0,19.0,166.0,0.0,69.0,85.0,149.0,173.0,96.0,73.0,44.0,54.0,177.0,108.0,167.0,105.0,121.0,78.0,36.0,31.0,159.0,65.0,49.0,131.0,39.0,15.0,117.0,42.0,70.0,86.0,189.0,107.0,126.0,135.0,62.0,85.0,116.0,15.0,20.0,60.0,4.0,107.0,119.0,20.0,169.0,38.0,184.0,7.0,150.0,51.0,84.0,182.0,147.0,11.0,89.0,143.0,134.0,146.0,179.0,53.0,159.0,71.0,139.0,82.0,157.0,67.0,114.0,69.0,39.0,106.0,146.0,130.0,127.0,139.0,183.0,82.0,156.0,6.0,81.0,44.0,77.0
,,,,,,,,,,,,,,,,,,,,,,,,,,,,,,,,,,,,,,,,,,,,,,,,,,,,,,,,,,,,,,,,,,,,,,,,,,,,,,,,,,,,,,,,,,,,,,,,,,,,,,,,,,,,,,,,,,,,,,,,,,,,,,,,,,,,,,,,,,,,,,,,,,,,,,,,,,,,,,,,,,,,,,,,,,,,,,,,,,,,,,,,,,,,,,,,,,,,,,,,,,,,,,,,,,150.0,15.0,79.0,45.0,32.0,84.0,99.0,174.0,5.0,31.0,1.0,95.0,103.0,177.0,86.0,81.0,65.0,83.0,25.0,86.0,158.0,69.0,30.0,159.0,148.0,21.0,23.0,80.0,113.0,116.0,108.0,70.0,151.0,157.0,79.0,154.0,191.0,37.0,23.0,173.0,58.0,189.0,43.0,101.0,136.0,150.0,153.0,113.0,7.0,138.0,33.0,58.0,16.0,121.0,160.0,161.0,14.0,131.0,4.0,46.0,167.0,8.0,136.0,58.0,53.0,108.0,153.0,148.0,0.0,87.0,50.0,79.0,125.0,84.0,141.0,97.0,178.0,175.0,8.0,186.0,145.0,76.0,62.0,40.0,130.0,70.0,101.0,55.0,156.0,101.0,136.0,127.0,34.0,13.0,28.0,27.0,53.0,105.0,51.0,153.0,156.0,74.0,188.0,74.0,133.0,30.0,35.0,110.0,21.0,176.0,184.0,113.0,3.0,80.0,154.0,9.0,191.0,5.0,28.0,138.0,46.0,76.0,111.0,184.0,161.0,79.0,0.0,53.0,185.0,158.0,9.0,119.0,102.0,84.0,29.0,159.0,58.0,56.0,165.0,43.0,185.0,56.0,153.0,145.0,90.0,157.0,85.0,164.0,173.0,10.0,178.0,100.0,146.0,130.0,126.0,160.0,175.0,129.0,163.0,9.0,150.0,41.0,164.0,26.0,164.0,4.0,151.0,126.0,145.0,87.0,8.0,145.0,24.0,18.0,165.0,121.0,121.0,91.0,58.0,166.0,61.0,174.0,80.0,78.0,79.0,67.0,31.0,14.0,87.0,137.0,3.0,152.0,21.0,39.0,18.0,162.0,5.0,117.0,109.0,92.0,148.0,110.0,135.0,65.0,41.0,69.0,187.0,126.0,173.0,174.0,62.0,42.0,56.0,122.0,135.0,175.0,53.0,117.0,121.0,126.0,113.0,38.0,60.0,138.0,82.0,121.0,6.0,142.0,134.0,163.0,188.0,92.0,112.0,63.0,69.0,44.0,132.0,14.0,150.0,174.0,109.0,170.0,90.0,118.0,121.0,82.0,80.0,3.0,50.0,86.0,14.0,148.0,189.0,180.0,123.0,61.0,87.0,53.0,171.0,134.0,97.0,69.0,166.0,57.0,120.0,116.0,182.0,78.0,41.0,127.0,37.0,69.0,99.0,71.0,22.0,98.0,100.0,170.0,98.0,161.0,152.0,42.0,27.0,12.0,111.0,9.0,178.0,9.0,21.0,76.0,13.0,29.0,27.0,58.0,144.0,91.0,122.0,85.0,168.0,47.0
,,,,,,,,,,,,,,,,,,,,,,,,,,,,,,,,,,,,,,,,,,,,,,,,,,,,,,,,,,,,,,,,,,,,,,,,,,,,,,,,,,,,,,,,,,,,,,,,,,,,,,,,,,,,,,,,,,,,,,,,,,,,,,,,,,,,,,,,,,,,,,,,,,,,,,,,,,,,,,,,,,,,,,,,,,,,,,,,,,,,,,,,,,,,,,,,,,,,,,,,,,,,,,,,,,,,,,,,,,,,2.0,158.0,19.0,91.0,161.0,165.0,50.0,102.0,98.0,39.0,31.0,185.0,116.0,43.0,175.0,74.0,87.0,180.0,30.0,142.0,115.0,8.0,168.0,167.0,144.0,158.0,45.0,161.0,44.0,37.0,55.0,11.0,124.0,154.0,32.0,142.0,147.0,63.0,163.0,89.0,34.0,89.0,19.0,168.0,124.0,68.0,77.0,138.0,119.0,51.0,125.0,138.0,33.0,55.0,181.0,155.0,181.0,30.0,132.0,46.0,52.0,7.0,39.0,13.0,154.0,17.0,58.0,139.0,179.0,31.0,51.0,122.0,49.0,54.0,131.0,11.0,4.0,136.0,150.0,68.0,30.0,177.0,12.0,83.0,149.0,14.0,33.0,118.0,142.0,128.0,190.0,123.0,35.0,73.0,1.0,92.0,183.0,20.0,54.0,33.0,6.0,68.0,45.0,99.0,24.0,184.0,98.0,19.0,147.0,22.0,111.0,18.0,21.0,101.0,92.0,109.0,171.0,161.0,89.0,41.0,72.0,71.0,66.0,5.0,30.0,111.0,99.0,140.0,99.0,113.0,164.0,144.0,48.0,172.0,156.0,101.0,49.0,6.0,158.0,183.0,129.0,33.0,19.0,179.0,189.0,5.0,120.0,65.0,54.0,102.0,58.0,54.0,99.0,143.0,99.0,56.0,127.0,99.0,30.0,106.0,52.0,111.0,51.0,188.0,13.0,107.0,9.0,95.0,136.0,94.0,103.0,62.0,159.0,175.0,6.0,2.0,166.0,70.0,59.0,56.0,12.0,82.0,157.0,150.0,141.0,11.0,85.0,49.0,40.0,110.0,60.0,180.0,90.0,174.0,157.0,175.0,175.0,107.0,7.0,189.0,25.0,164.0,128.0,175.0,37.0,67.0,55.0,170.0,189.0,161.0,111.0,44.0,185.0,174.0,47.0,117.0,159.0,10.0,191.0,17.0,136.0,95.0,45.0,15.0,95.0,69.0,41.0,84.0,107.0,21.0,132.0,58.0,11.0,136.0,183.0,182.0,48.0,25.0,124.0,101.0,69.0,64.0,166.0,54.0,52.0,4.0,39.0,153.0,87.0,38.0,131.0,67.0,145.0,53.0,137.0,147.0,32.0,91.0,105.0,18.0,74.0,173.0,37.0,103.0,100.0,91.0,29.0,90.0,92.0,164.0,58.0,145.0,156.0,13.0,70.0,96.0,9.0,73.0,156.0,81.0,119.0,117.0,178.0,96.0,136.0,145.0,31.0,34.0,23.0,97.0
,,,,,,,,,,,,,,,,,,,,,,,,,,,,,,,,,,,,,,,,,,,,,,,,,,,,,,,,,,,,,,,,,,,,,,,,,,,,,,,,,,,,,,,,,,,,,,,,,,,,,,,,,,,,,,,,,,,,,,,,,,,,,,,,,,,,,,,,,,,,,,,,,,,,,,,,,,,,,,,,,,,,,,,,,,,,,,,,,,,,,,,,,,,,,,,,,,,,,,,,,,,,,,,,,,,,,,,,,,,,,,,,,,,,,,79.0,181.0,152.0,190.0,118.0,18.0,45.0,191.0,189.0,84.0,91.0,71.0,184.0,91.0,36.0,76.0,141.0,73.0,13.0,86.0,164.0,184.0,91.0,98.0,15.0,98.0,175.0,94.0,180.0,175.0,130.0,144.0,158.0,190.0,97.0,126.0,60.0,49.0,138.0,94.0,68.0,54.0,164.0,33.0,73.0,63.0,113.0,100.0,56.0,136.0,47.0,174.0,48.0,54.0,66.0,5.0,89.0,110.0,47.0,60.0,141.0,142.0,128.0,21.0,170.0,76.0,122.0,17.0,30.0,79.0,72.0,19.0,55.0,94.0,103.0,182.0,167.0,48.0,67.0,162.0,128.0,179.0,43.0,133.0,107.0,161.0,26.0,119.0,139.0,90.0,144.0,65.0,25.0,181.0,90.0,145.0,182.0,119.0,10.0,71.0,79.0,65.0,31.0,180.0,68.0,20.0,131.0,165.0,49.0,185.0,26.0,184.0,81.0,159.0,4.0,150.0,110.0,158.0,85.0,23.0,85.0,12.0,66.0,87.0,164.0,98.0,118.0,93.0,56.0,71.0,88.0,123.0,35.0,4.0,28.0,191.0,40.0,181.0,40.0,145.0,164.0,180.0,89.0,174.0,0.0,29.0,62.0,164.0,29.0,127.0,95.0,12.0,92.0,147.0,75.0,163.0,27.0,183.0,156.0,41.0,25.0,136.0,27.0,177.0,112.0,53.0,99.0,156.0,121.0,81.0,5.0,9.0,5.0,15.0,183.0,179.0,125.0,157.0,149.0,174.0,185.0,29.0,20.0,32.0,42.0,58.0,168.0,125.0,64.0,139.0,175.0,87.0,173.0,168.0,69.0,178.0,95.0,72.0,128.0,62.0,5.0,3.0,18.0,172.0,15.0,157.0,8.0,58.0,37.0,76.0,74.0,114.0,60.0,122.0,90.0,96.0,160.0,46.0,71.0,19.0,79.0,66.0,83.0,78.0,85.0,160.0,98.0,181.0,60.0,184.0,153.0,125.0,61.0,58.0,37.0,55.0,144.0,124.0,45.0,100.0,173.0,56.0,83.0,142.0,69.0,136.0,144.0,14.0,81.0,39.0,84.0,74.0,10.0,34.0,91.0,186.0,168.0,115.0,137.0,180.0,109.0,180.0,138.0,179.0,178.0,156.0,12.0,77.0,35.0,71.0,156.0,76.0,190.0,99.0,165.0,73.0,89.0,80.0,154.0,189.0
,,,,,,,,,,,,,,,,,,,,,,,,,,,,,,,,,,,,,,,,,,,,,,,,,,,,,,,,,,,,,,,,,,,,,,,,,,,,,,,,,,,,,,,,,,,,,,,,,,,,,,,,,,,,,,,,,,,,,,,,,,,,,,,,,,,,,,,,,,,,,,,,,,,,,,,,,,,,,,,,,,,,,,,,,,,,,,,,,,,,,,,,,,,,,,,,,,,,,,,,,,,,,,,,,,,,,,,,,,,,,,,,,,,,,,,,,,,,,,,,168.0,131.0,157.0,121.0,119.0,163.0,46.0,5.0,97.0,78.0,144.0,170.0,95.0,174.0,18.0,166.0,90.0,51.0,137.0,94.0,123.0,52.0,113.0,112.0,24.0,187.0,99.0,38.0,122.0,190.0,62.0,77.0,142.0,110.0,113.0,113.0,52.0,165.0,174.0,182.0,103.0,155.0,9.0,159.0,87.0,86.0,100.0,133.0,53.0,46.0,122.0,147.0,123.0,128.0,28.0,93.0,165.0,79.0,133.0,65.0,137.0,41.0,147.0,42.0,17.0,3.0,58.0,8.0,160.0,34.0,21.0,9.0,121.0,183.0,7.0,146.0,154.0,96.0,88.0,9.0,13.0,82.0,65.0,26.0,32.0,170.0,67.0,12.0,45.0,96.0,180.0,138.0,82.0,80.0,188.0,101.0,156.0,134.0,160.0,54.0,90.0,146.0,105.0,52.0,187.0,18.0,82.0,15.0,8.0,80.0,107.0,96.0,123.0,132.0,14.0,94.0,113.0,14.0,94.0,151.0,168.0,173.0,83.0,163.0,66.0,47.0,70.0,173.0,190.0,172.0,181.0,19.0,163.0,40.0,67.0,125.0,88.0,103.0,106.0,107.0,63.0,40.0,2.0,123.0,127.0,60.0,86.0,68.0,145.0,5.0,39.0,24.0,98.0,114.0,70.0,152.0,169.0,88.0,187.0,116.0,4.0,191.0,67.0,97.0,77.0,155.0,172.0,64.0,159.0,166.0,107.0,26.0,67.0,68.0,177.0,78.0,118.0,51.0,118.0,118.0,145.0,12.0,122.0,189.0,25.0,88.0,89.0,39.0,20.0,79.0,32.0,99.0,30.0,148.0,182.0,36.0,86.0,60.0,5.0,34.0,100.0,164.0,126.0,172.0,176.0,12.0,14.0,152.0,90.0,152.0,144.0,87.0,173.0,60.0,150.0,1.0,187.0,180.0,22.0,131.0,178.0,63.0,160.0,89.0,30.0,119.0,138.0,40.0,26.0,43.0,46.0,66.0,106.0,79.0,102.0,182.0,73.0,42.0,113.0,107.0,142.0,126.0,156.0,23.0,41.0,12.0,167.0,1.0,134.0,136.0,85.0,21.0,5.0,188.0,139.0,125.0,134.0,159.0,84.0,140.0,151.0,177.0,191.0,59.0,5.0,140.0,16.0,20.0,100.0,152.0
,,,,,,,,,,,,,,,,,,,,,,,,,,,,,,,,,,,,,,,,,,,,,,,,,,,,,,,,,,,,,,,,,,,,,,,,,,,,,,,,,,,,,,,,,,,,,,,,,,,,,,,,,,,,,,,,,,,,,,,,,,,,,,,,,,,,,,,,,,,,,,,,,,,,,,,,,,,,,,,,,,,,,,,,,,,,,,,,,,,,,,,,,,,,,,,,,,,,,,,,,,,,,,,,,,,,,,,,,,,,,,,,,,,,,,,,,,,,,,,,,,,,,,,,,,68.0,89.0,153.0,19.0,10.0,52.0,138.0,27.0,24.0,75.0,128.0,147.0,31.0,172.0,8.0,94.0,22.0,140.0,67.0,153.0,184.0,33.0,76.0,98.0,165.0,64.0,136.0,113.0,81.0,147.0,171.0,148.0,99.0,144.0,68.0,165.0,123.0,174.0,78.0,50.0,183.0,170.0,46.0,39.0,55.0,57.0,34.0,30.0,139.0,87.0,122.0,0.0,29.0,64.0,144.0,138.0,127.0,136.0,17.0,103.0,155.0,85.0,187.0,156.0,138.0,54.0,27.0,137.0,9.0,6.0,110.0,173.0,183.0,106.0,26.0,41.0,84.0,35.0,90.0,80.0,58.0,123.0,10.0,19.0,13.0,53.0,154.0,116.0,182.0,180.0,135.0,188.0,72.0,64.0,38.0,106.0,27.0,14.0,154.0,65.0,94.0,85.0,47.0,67.0,135.0,125.0,171.0,107.0,2.0,13.0,46.0,38.0,138.0,0.0,57.0,168.0,19.0,46.0,137.0,178.0,11.0,0.0,183.0,169.0,187.0,6.0,38.0,155.0,45.0,183.0,97.0,135.0,61.0,1.0,98.0,100.0,29.0,69.0,68.0,85.0,89.0,189.0,178.0,139.0,62.0,95.0,162.0,9.0,38.0,28.0,29.0,92.0,19.0,89.0,101.0,158.0,42.0,21.0,0.0,40.0,161.0,164.0,122.0,144.0,170.0,67.0,179.0,137.0,67.0,188.0,20.0,115.0,124.0,13.0,181.0,10.0,105.0,86.0,113.0,125.0,10.0,29.0,130.0,38.0,75.0,158.0,3.0,178.0,34.0,180.0,120.0,51.0,145.0,103.0,170.0,4.0,82.0,17.0,88.0,102.0,36.0,30.0,108.0,105.0,94.0,98.0,94.0,21.0,66.0,161.0,53.0,51.0,176.0,110.0,19.0,117.0,101.0,66.0,18.0,79.0,152.0,86.0,8.0,115.0,72.0,145.0,166.0,75.0,89.0,129.0,18.0,54.0,154.0,50.0,184.0,55.0,19.0,113.0,155.0,151.0,183.0,144.0,168.0,63.0,10.0,60.0,45.0,55.0,73.0,33.0,72.0,100.0,68.0,78.0,146.0,108.0,117.0,113.0,155.0,66.0
,,,,,,,,,,,,,,,,,,,,,,,,,,,,,,,,,,,,,,,,,,,,,,,,,,,,,,,,,,,,,,,,,,,,,,,,,,,,,,,,,,,,,,,,,,,,,,,,,,,,,,,,,,,,,,,,,,,,,,,,,,,,,,,,,,,,,,,,,,,,,,,,,,,,,,,,,,,,,,,,,,,,,,,,,,,,,,,,,,,,,,,,,,,,,,,,,,,,,,,,,,,,,,,,,,,,,,,,,,,,,,,,,,,,,,,,,,,,,,,,,,,,,,,,,,,,,,,,,,,,129.0,72.0,154.0,142.0,107.0,139.0,29.0,176.0,30.0,168.0,177.0,118.0,114.0,39.0,103.0,164.0,32.0,24.0,142.0,28.0,21.0,99.0,35.0,70.0,143.0,64.0,190.0,129.0,178.0,18.0,2.0,29.0,8.0,153.0,149.0,155.0,50.0,70.0,40.0,150.0,125.0,53.0,86.0,88.0,61.0,173.0,177.0,138.0,182.0,16.0,89.0,11.0,136.0,67.0,129.0,155.0,9.0,97.0,115.0,75.0,42.0,175.0,67.0,32.0,58.0,6.0,43.0,153.0,112.0,73.0,171.0,126.0,127.0,94.0,133.0,87.0,149.0,100.0,170.0,174.0,57.0,66.0,183.0,146.0,147.0,166.0,136.0,51.0,191.0,58.0,130.0,166.0,165.0,70.0,168.0,58.0,14.0,30.0,143.0,31.0,165.0,36.0,174.0,174.0,50.0,108.0,151.0,97.0,48.0,18.0,137.0,27.0,10.0,56.0,180.0,85.0,26.0,35.0,107.0,45.0,131.0,66.0,149.0,130.0,32.0,0.0,82.0,27.0,93.0,42.0,52.0,63.0,85.0,133.0,162.0,18.0,182.0,166.0,80.0,66.0,153.0,184.0,123.0,49.0,57.0,165.0,73.0,0.0,122.0,63.0,175.0,28.0,147.0,43.0,123.0,130.0,145.0,109.0,148.0,15.0,30.0,26.0,104.0,124.0,47.0,170.0,73.0,46.0,124.0,160.0,119.0,183.0,71.0,15.0,50.0,130.0,152.0,146.0,107.0,150.0,129.0,183.0,36.0,191.0,64.0,160.0,25.0,42.0,16.0,44.0,22.0,125.0,175.0,91.0,155.0,123.0,153.0,123.0,155.0,149.0,137.0,72.0,15.0,72.0,186.0,146.0,63.0,165.0,124.0,59.0,146.0,95.0,135.0,190.0,7.0,49.0,74.0,8.0,10.0,6.0,173.0,82.0,135.0,84.0,82.0,132.0,105.0,185.0,157.0,15.0,110.0,157.0,91.0,156.0,42.0,90.0,102.0,140.0,129.0,162.0,24.0,162.0,132.0,149.0,84.0,93.0,55.0,65.0,115.0,107.0
,,,,,,,,,,,,,,,,,,,,,,,,,,,,,,,,,,,,,,,,,,,,,,,,,,,,,,,,,,,,,,,,,,,,,,,,,,,,,,,,,,,,,,,,,,,,,,,,,,,,,,,,,,,,,,,,,,,,,,,,,,,,,,,,,,,,,,,,,,,,,,,,,,,,,,,,,,,,,,,,,,,,,,,,,,,,,,,,,,,,,,,,,,,,,,,,,,,,,,,,,,,,,,,,,,,,,,,,,,,,,,,,,,,,,,,,,,,,,,,,,,,,,,,,,,,,,,,,,,,,,,,,,,,,,,118.0,157.0,18.0,84.0,34.0,161.0,65.0,4.0,65.0,149.0,60.0,60.0,132.0,153.0,140.0,158.0,94.0,187.0,172.0,147.0,100.0,66.0,133.0,28.0,142.0,153.0,7.0,68.0,3.0,124.0,159.0,124.0,40.0,79.0,187.0,40.0,140.0,23.0,105.0,102.0,24.0,72.0,125.0,158.0,142.0,43.0,186.0,87.0,167.0,56.0,40.0,87.0,133.0,57.0,115.0,172.0,19.0,4.0,144.0,88.0,159.0,182.0,161.0,102.0,61.0,29.0,42.0,98.0,135.0,118.0,65.0,19.0,117.0,80.0,186.0,101.0,157.0,78.0,96.0,123.0,177.0,77.0,62.0,176.0,32.0,47.0,144.0,131.0,187.0,173.0,109.0,91.0,43.0,176.0,46.0,56.0,53.0,35.0,95.0,83.0,129.0,55.0,45.0,46.0,38.0,42.0,77.0,128.0,131.0,111.0,4.0,29.0,32.0,96.0,48.0,78.0,145.0,113.0,19.0,101.0,16.0,13.0,156.0,148.0,2.0,162.0,64.0,128.0,23.0,1.0,57.0,103.0,122.0,34.0,56.0,70.0,95.0,34.0,168.0,46.0,138.0,190.0,100.0,45.0,84.0,90.0,98.0,157.0,68.0,151.0,110.0,143.0,81.0,185.0,185.0,51.0,100.0,111.0,181.0,179.0,59.0,25.0,91.0,56.0,121.0,176.0,170.0,185.0,104.0,158.0,109.0,6.0,95.0,46.0,53.0,128.0,180.0,160.0,123.0,88.0,123.0,129.0,120.0,117.0,76.0,93.0,102.0,183.0,147.0,71.0,111.0,177.0,34.0,38.0,134.0,30.0,116.0,145.0,117.0,8.0,104.0,60.0,17.0,183.0,109.0,25.0,168.0,25.0,75.0,133.0,88.0,98.0,176.0,123.0,120.0,125.0,94.0,92.0,188.0,152.0,30.0,37.0,99.0,72.0,87.0,151.0,15.0,157.0,80.0,127.0,36.0,31.0,168.0,32.0,35.0,20.0,65.0,106.0,36.0,55.0
,,,,,,,,,,,,,,,,,,,,,,,,,,,,,,,,,,,,,,,,,,,,,,,,,,,,,,,,,,,,,,,,,,,,,,,,,,,,,,,,,,,,,,,,,,,,,,,,,,,,,,,,,,,,,,,,,,,,,,,,,,,,,,,,,,,,,,,,,,,,,,,,,,,,,,,,,,,,,,,,,,,,,,,,,,,,,,,,,,,,,,,,,,,,,,,,,,,,,,,,,,,,,,,,,,,,,,,,,,,,,,,,,,,,,,,,,,,,,,,,,,,,,,,,,,,,,,,,,,,,,,,,,,,,,,,,,,,,,,,,105.0,159.0,55.0,128.0,125.0,191.0,38.0,43.0,30.0,29.0,117.0,134.0,101.0,4.0,85.0,22.0,10.0,172.0,64.0,129.0,144.0,9.0,10.0,21.0,115.0,127.0,124.0,137.0,45.0,118.0,154.0,173.0,22.0,42.0,150.0,95.0,185.0,55.0,180.0,18.0,191.0,108.0,147.0,95.0,137.0,189.0,48.0,112.0,182.0,69.0,186.0,13.0,22.0,4.0,84.0,110.0,147.0,166.0,113.0,109.0,103.0,87.0,61.0,25.0,145.0,122.0,100.0,91.0,63.0,14.0,184.0,53.0,44.0,148.0,3.0,10.0,5.0,8.0,98.0,87.0,32.0,112.0,123.0,136.0,16.0,177.0,106.0,60.0,96.0,129.0,83.0,68.0,88.0,83.0,189.0,172.0,28.0,58.0,136.0,54.0,92.0,169.0,125.0,132.0,69.0,136.0,40.0,49.0,173.0,28.0,13.0,137.0,116.0,33.0,117.0,16.0,101.0,142.0,69.0,92.0,86.0,63.0,112.0,148.0,10.0,140.0,126.0,14.0,34.0,13.0,59.0,111.0,146.0,109.0,80.0,138.0,60.0,87.0,92.0,180.0,112.0,56.0,139.0,89.0,129.0,182.0,10.0,178.0,171.0,85.0,150.0,139.0,4.0,136.0,138.0,78.0,127.0,71.0,39.0,103.0,157.0,153.0,49.0,132.0,66.0,172.0,62.0,161.0,14.0,12.0,103.0,65.0,107.0,22.0,4.0,139.0,50.0,35.0,31.0,33.0,76.0,15.0,121.0,160.0,154.0,139.0,48.0,21.0,11.0,0.0,181.0,91.0,101.0,173.0,129.0,55.0,58.0,124.0,8.0,160.0,175.0,36.0,34.0,152.0,0.0,115.0,117.0,150.0,2.0,163.0,49.0,64.0,148.0,21.0,98.0,148.0,89.0,33.0,82.0,153.0,160.0,37.0,161.0,131.0,150.0,168.0,11.0,129.0,93.0,92.0
,,,,,,,,,,,,,,,,,,,,,,,,,,,,,,,,,,,,,,,,,,,,,,,,,,,,,,,,,,,,,,,,,,,,,,,,,,,,,,,,,,,,,,,,,,,,,,,,,,,,,,,,,,,,,,,,,,,,,,,,,,,,,,,,,,,,,,,,,,,,,,,,,,,,,,,,,,,,,,,,,,,,,,,,,,,,,,,,,,,,,,,,,,,,,,,,,,,,,,,,,,,,,,,,,,,,,,,,,,,,,,,,,,,,,,,,,,,,,,,,,,,,,,,,,,,,,,,,,,,,,,,,,,,,,,,,,,,,,,,,,,,,,,,,,,98.0,4.0,185.0,90.0,114.0,32.0,119.0,73.0,45.0,8.0,5.0,16.0,19.0,102.0,127.0,46.0,150.0,5.0,26.0,54.0,82.0,28.0,37.0,28.0,29.0,106.0,176.0,143.0,121.0,15.0,159.0,131.0,167.0,121.0,80.0,46.0,168.0,162.0,76.0,180.0,89.0,133.0,147.0,139.0,55.0,136.0,44.0,191.0,48.0,184.0,49.0,61.0,52.0,33.0,66.0,148.0,67.0,132.0,89.0,8.0,14.0,109.0,3.0,179.0,121.0,66.0,18.0,89.0,90.0,181.0,147.0,22.0,183.0,164.0,0.0,109.0,109.0,37.0,153.0,137.0,1.0,146.0,71.0,57.0,39.0,135.0,41.0,8.0,64.0,130.0,99.0,43.0,77.0,115.0,159.0,39.0,103.0,34.0,16.0,63.0,156.0,107.0,1.0,12.0,175.0,109.0,35.0,17.0,141.0,143.0,167.0,147.0,185.0,175.0,185.0,167.0,103.0,103.0,152.0,32.0,188.0,13.0,129.0,132.0,53.0,28.0,62.0,104.0,34.0,125.0,66.0,27.0,154.0,8.0,51.0,102.0,72.0,100.0,165.0,95.0,73.0,127.0,21.0,117.0,168.0,148.0,189.0,180.0,76.0,49.0,94.0,29.0,31.0,105.0,177.0,25.0,124.0,2.0,89.0,182.0,148.0,17.0,172.0,23.0,45.0,90.0,95.0,94.0,29.0,17.0,149.0,59.0,6.0,88.0,168.0,67.0,84.0,92.0,170.0,167.0,117.0,156.0,104.0,91.0,35.0,144.0,35.0,58.0,74.0,188.0,145.0,172.0,112.0,173.0,85.0,150.0,142.0,112.0,76.0,60.0,165.0,68.0,36.0,169.0,149.0,190.0,136.0,142.0,53.0,65.0,177.0,55.0,82.0,68.0,68.0,6.0,48.0,163.0,38.0,22.0
,,,,,,,,,,,,,,,,,,,,,,,,,,,,,,,,,,,,,,,,,,,,,,,,,,,,,,,,,,,,,,,,,,,,,,,,,,,,,,,,,,,,,,,,,,,,,,,,,,,,,,,,,,,,,,,,,,,,,,,,,,,,,,,,,,,,,,,,,,,,,,,,,,,,,,,,,,,,,,,,,,,,,,,,,,,,,,,,,,,,,,,,,,,,,,,,,,,,,,,,,,,,,,,,,,,,,,,,,,,,,,,,,,,,,,,,,,,,,,,,,,,,,,,,,,,,,,,,,,,,,,,,,,,,,,,,,,,,,,,,,,,,,,,,,,,,,,,,,,,,67.0,57.0,117.0,2.0,53.0,104.0,55.0,52.0,40.0,21.0,92.0,94.0,186.0,43.0,36.0,44.0,126.0,75.0,106.0,22.0,143.0,189.0,17.0,131.0,50.0,101.0,39.0,31.0,106.0,135.0,148.0,90.0,113.0,126.0,153.0,122.0,161.0,48.0,107.0,169.0,173.0,176.0,33.0,108.0,15.0,165.0,15.0,22.0,83.0,76.0,95.0,158.0,13.0,121.0,51.0,134.0,35.0,41.0,70.0,146.0,15.0,44.0,134.0,143.0,180.0,152.0,116.0,11.0,28.0,182.0,119.0,126.0,100.0,122.0,150.0,92.0,175.0,95.0,101.0,66.0,191.0,36.0,94.0,51.0,148.0,30.0,124.0,48.0,20.0,146.0,32.0,103.0,58.0,108.0,80.0,0.0,117.0,161.0,93.0,39.0,59.0,8.0,59.0,11.0,177.0,79.0,70.0,162.0,93.0,106.0,104.0,109.0,27.0,98.0,182.0,182.0,50.0,159.0,102.0,65.0,185.0,85.0,180.0,114.0,58.0,6.0,28.0,136.0,118.0,67.0,107.0,27.0,41.0,185.0,104.0,168.0,183.0,179.0,150.0,132.0,110.0,115.0,98.0,150.0,185.0,150.0,57.0,77.0,104.0,0.0,170.0,14.0,165.0,167.0,53.0,153.0,78.0,84.0,188.0,37.0,30.0,40.0,167.0,165.0,9.0,183.0,36.0,178.0,115.0,117.0,59.0,20.0,51.0,178.0,14.0,134.0,173.0,176.0,128.0,130.0,189.0,13.0,94.0,102.0,33.0,53.0,141.0,69.0,20.0,148.0,137.0,120.0,6.0,174.0,170.0,61.0,26.0,42.0,180.0,158.0,86.0,60.0,189.0,147.0,4.0,89.0,19.0,136.0,130.0,143.0
,,,,,,,,,,,,,,,,,,,,,,,,,,,,,,,,,,,,,,,,,,,,,,,,,,,,,,,,,,,,,,,,,,,,,,,,,,,,,,,,,,,,,,,,,,,,,,,,,,,,,,,,,,,,,,,,,,,,,,,,,,,,,,,,,,,,,,,,,,,,,,,,,,,,,,,,,,,,,,,,,,,,,,,,,,,,,,,,,,,,,,,,,,,,,,,,,,,,,,,,,,,,,,,,,,,,,,,,,,,,,,,,,,,,,,,,,,,,,,,,,,,,,,,,,,,,,,,,,,,,,,,,,,,,,,,,,,,,,,,,,,,,,,,,,,,,,,,,,,,,,,,,,,,,,,191.0,47.0,12.0,92.0,14.0,159.0,37.0,159.0,15.0,50.0,147.0,127.0,114.0,152.0,43.0,47.0,175.0,139.0,157.0,163.0,22.0,81.0,78.0,44.0,88.0,98.0,191.0,57.0,175.0,168.0,116.0,130.0,132.0,114.0,49.0,40.0,25.0,62.0,56.0,52.0,80.0,160.0,7.0,33.0,60.0,181.0,92.0,49.0,12.0,46.0,28.0,181.0,0.0,156.0,184.0,162.0,25.0,151.0,68.0,12.0,140.0,25.0,52.0,180.0,57.0,7.0,1.0,27.0,111.0,144.0,16.0,65.0,115.0,114.0,111.0,117.0,65.0,35.0,178.0,133.0,40.0,163.0,65.0,125.0,108.0,117.0,68.0,55.0,89.0,80.0,94.0,151.0,34.0,43.0,63.0,150.0,11.0,41.0,111.0,108.0,113.0,191.0,101.0,67.0,148.0,93.0,180.0,19.0,55.0,159.0,108.0,25.0,166.0,32.0,143.0,27.0,7.0,166.0,2.0,157.0,184.0,77.0,89.0,67.0,170.0,54.0,119.0,184.0,78.0,110.0,87.0,7.0,38.0,13.0,55.0,175.0,68.0,41.0,52.0,181.0,177.0,11.0,185.0,48.0,12.0,67.0,93.0,104.0,138.0,165.0,117.0,71.0,48.0,127.0,80.0,190.0,190.0,58.0,187.0,122.0,99.0,102.0,100.0,182.0,152.0,22.0,120.0,62.0,32.0,121.0,120.0,40.0,183.0,139.0,177.0,185.0,95.0,177.0,130.0,97.0,136.0,132.0,162.0,106.0,145.0,134.0,36.0,85.0,167.0,14.0,191.0,105.0,112.0,73.0,64.0,9.0,85.0,23.0,85.0,37.0
,,,,,,,,,,,,,,,,,,,,,,,,,,,,,,,,,,,,,,,,,,,,,,,,,,,,,,,,,,,,,,,,,,,,,,,,,,,,,,,,,,,,,,,,,,,,,,,,,,,,,,,,,,,,,,,,,,,,,,,,,,,,,,,,,,,,,,,,,,,,,,,,,,,,,,,,,,,,,,,,,,,,,,,,,,,,,,,,,,,,,,,,,,,,,,,,,,,,,,,,,,,,,,,,,,,,,,,,,,,,,,,,,,,,,,,,,,,,,,,,,,,,,,,,,,,,,,,,,,,,,,,,,,,,,,,,,,,,,,,,,,,,,,,,,,,,,,,,,,,,,,,,,,,,,,,,,,,,,,,,171.0,39.0,71.0,153.0,153.0,113.0,96.0,169.0,71.0,23.0,165.0,134.0,67.0,99.0,160.0,35.0,23.0,122.0,174.0,149.0,52.0,113.0,57.0,74.0,98.0,1.0,30.0,70.0,66.0,176.0,27.0,28.0,145.0,157.0,108.0,114.0,157.0,134.0,162.0,51.0,85.0,96.0,14.0,147.0,134.0,104.0,36.0,144.0,154.0,30.0,143.0,64.0,159.0,42.0,94.0,160.0,122.0,130.0,89.0,170.0,190.0,48.0,124.0,153.0,144.0,22.0,84.0,26.0,158.0,188.0,189.0,74.0,124.0,35.0,144.0,85.0,165.0,43.0,129.0,134.0,139.0,165.0,119.0,126.0,133.0,93.0,131.0,20.0,108.0,163.0,141.0,105.0,182.0,140.0,155.0,10.0,41.0,95.0,2.0,83.0,51.0,89.0,187.0,24.0,106.0,11.0,124.0,101.0,9.0,55.0,25.0,30.0,120.0,19.0,165.0,12.0,128.0,152.0,32.0,43.0,186.0,76.0,13.0,83.0,115.0,92.0,127.0,113.0,85.0,188.0,112.0,86.0,166.0,124.0,66.0,47.0,140.0,161.0,164.0,113.0,18.0,155.0,72.0,151.0,97.0,104.0,139.0,187.0,133.0,114.0,123.0,74.0,102.0,107.0,18.0,165.0,149.0,174.0,114.0,2.0,108.0,50.0,107.0,158.0,96.0,189.0,110.0,72.0,5.0,36.0,123.0,13.0,182.0,28.0,48.0,65.0,85.0,100.0,17.0,165.0,150.0,39.0,50.0,176.0,186.0,99.0,176.0,61.0,184.0,164.0
,,,,,,,,,,,,,,,,,,,,,,,,,,,,,,,,,,,,,,,,,,,,,,,,,,,,,,,,,,,,,,,,,,,,,,,,,,,,,,,,,,,,,,,,,,,,,,,,,,,,,,,,,,,,,,,,,,,,,,,,,,,,,,,,,,,,,,,,,,,,,,,,,,,,,,,,,,,,,,,,,,,,,,,,,,,,,,,,,,,,,,,,,,,,,,,,,,,,,,,,,,,,,,,,,,,,,,,,,,,,,,,,,,,,,,,,,,,,,,,,,,,,,,,,,,,,,,,,,,,,,,,,,,,,,,,,,,,,,,,,,,,,,,,,,,,,,,,,,,,,,,,,,,,,,,,,,,,,,,,,,,,,,,,,,,133.0,124.0,165.0,136.0,49.0,16.0,33.0,80.0,155.0,160.0,181.0,152.0,17.0,40.0,183.0,167.0,19.0,79.0,190.0,44.0,123.0,4.0,101.0,168.0,70.0,54.0,120.0,62.0,186.0,69.0,112.0,179.0,31.0,69.0,12.0,95.0,164.0,13.0,146.0,33.0,6.0,183.0,148.0,11.0,135.0,83.0,13.0,105.0,76.0,167.0,40.0,34.0,42.0,159.0,52.0,137.0,162.0,148.0,112.0,47.0,45.0,30.0,38.0,126.0,23.0,163.0,90.0,164.0,177.0,130.0,146.0,38.0,74.0,63.0,73.0,95.0,118.0,31.0,12.0,59.0,152.0,162.0,37.0,149.0,55.0,32.0,91.0,57.0,120.0,63.0,9.0,30.0,189.0,81.0,179.0,139.0,148.0,172.0,107.0,172.0,168.0,132.0,118.0,103.0,137.0,104.0,186.0,107.0,143.0,82.0,73.0,136.0,166.0,190.0,30.0,3.0,100.0,146.0,112.0,14.0,182.0,168.0,4.0,9.0,32.0,58.0,178.0,4.0,14.0,24.0,187.0,55.0,98.0,103.0,188.0,160.0,43.0,41.0,165.0,158.0,87.0,55.0,9.0,113.0,127.0,100.0,98.0,172.0,156.0,124.0,179.0,59.0,83.0,160.0,75.0,35.0,97.0,98.0,129.0,91.0,25.0,82.0,178.0,152.0,187.0,11.0,68.0,41.0,175.0,1.0,47.0,120.0,110.0,137.0,133.0,8.0,14.0,79.0,6.0,18.0
,,,,,,,,,,,,,,,,,,,,,,,,,,,,,,,,,,,,,,,,,,,,,,,,,,,,,,,,,,,,,,,,,,,,,,,,,,,,,,,,,,,,,,,,,,,,,,,,,,,,,,,,,,,,,,,,,,,,,,,,,,,,,,,,,,,,,,,,,,,,,,,,,,,,,,,,,,,,,,,,,,,,,,,,,,,,,,,,,,,,,,,,,,,,,,,,,,,,,,,,,,,,,,,,,,,,,,,,,,,,,,,,,,,,,,,,,,,,,,,,,,,,,,,,,,,,,,,,,,,,,,,,,,,,,,,,,,,,,,,,,,,,,,,,,,,,,,,,,,,,,,,,,,,,,,,,,,,,,,,,,,,,,,,,,,,,,,,,,,,,54.0,53.0,29.0,150.0,138.0,72.0,7.0,104.0,74.0,164.0,12.0,44.0,111.0,40.0,186.0,38.0,102.0,174.0,8.0,172.0,121.0,39.0,85.0,78.0,51.0,37.0,126.0,55.0,38.0,72.0,66.0,160.0,180.0,22.0,36.0,166.0,59.0,134.0,177.0,149.0,144.0,185.0,55.0,2.0,96.0,7.0,45.0,105.0,44.0,171.0,5.0,182.0,165.0,49.0,140.0,83.0,155.0,100.0,2.0,73.0,47.0,143.0,0.0,60.0,76.0,88.0,153.0,109.0,16.0,87.0,156.0,119.0,72.0,168.0,106.0,178.0,28.0,39.0,166.0,54.0,170.0,29.0,110.0,106.0,142.0,22.0,116.0,36.0,25.0,103.0,55.0,90.0,178.0,146.0,126.0,25.0,25.0,106.0,69.0,27.0,190.0,37.0,15.0,91.0,130.0,32.0,135.0,169.0,56.0,6.0,76.0,4.0,58.0,107.0,110.0,97.0,66.0,138.0,153.0,102.0,64.0,95.0,12.0,113.0,87.0,100.0,128.0,118.0,95.0,24.0,157.0,183.0,7.0,87.0,106.0,57.0,104.0,45.0,191.0,36.0,190.0,86.0,181.0,117.0,156.0,109.0,101.0,0.0,30.0,162.0,108.0,174.0,32.0,84.0,177.0,132.0,55.0,97.0,94.0,99.0,145.0,53.0,88.0,38.0,119.0,113.0,102.0,30.0,105.0,21.0
,,,,,,,,,,,,,,,,,,,,,,,,,,,,,,,,,,,,,,,,,,,,,,,,,,,,,,,,,,,,,,,,,,,,,,,,,,,,,,,,,,,,,,,,,,,,,,,,,,,,,,,,,,,,,,,,,,,,,,,,,,,,,,,,,,,,,,,,,,,,,,,,,,,,,,,,,,,,,,,,,,,,,,,,,,,,,,,,,,,,,,,,,,,,,,,,,,,,,,,,,,,,,,,,,,,,,,,,,,,,,,,,,,,,,,,,,,,,,,,,,,,,,,,,,,,,,,,,,,,,,,,,,,,,,,,,,,,,,,,,,,,,,,,,,,,,,,,,,,,,,,,,,,,,,,,,,,,,,,,,,,,,,,,,,,,,,,,,,,,,,,,,,,,,,,13.0,97.0,38.0,106.0,9.0,123.0,48.0,26.0,119.0,176.0,40.0,31.0,93.0,170.0,98.0,6.0,190.0,136.0,109.0,138.0,120.0,187.0,20.0,190.0,177.0,154.0,144.0,123.0,91.0,75.0,181.0,157.0,167.0,131.0,183.0,11.0,150.0,76.0,135.0,110.0,127.0,184.0,105.0,28.0,148.0,185.0,0.0,27.0,111.0,61.0,145.0,114.0,48.0,33.0,32.0,137.0,34.0,74.0,167.0,67.0,6.0,152.0,30.0,76.0,163.0,55.0,31.0,175.0,59.0,21.0,47.0,9.0,93.0,62.0,124.0,124.0,140.0,21.0,158.0,164.0,72.0,48.0,36.0,126.0,87.0,89.0,174.0,65.0,44.0,109.0,88.0,160.0,135.0,14.0,60.0,43.0,91.0,178.0,95.0,4.0,185.0,24.0,23.0,55.0,83.0,157.0,24.0,26.0,172.0,118.0,186.0,27.0,175.0,34.0,79.0,189.0,0.0,59.0,154.0,163.0,8.0,38.0,185.0,46.0,151.0,61.0,18.0,90.0,103.0,66.0,21.0,27.0,125.0,177.0,56.0,0.0,130.0,108.0,84.0,6.0,92.0,52.0,121.0,136.0,134.0,70.0,105.0,88.0,191.0,106.0,90.0,149.0,18.0,155.0,170.0,3.0,74.0,164.0,108.0,44.0
,,,,,,,,,,,,,,,,,,,,,,,,,,,,,,,,,,,,,,,,,,,,,,,,,,,,,,,,,,,,,,,,,,,,,,,,,,,,,,,,,,,,,,,,,,,,,,,,,,,,,,,,,,,,,,,,,,,,,,,,,,,,,,,,,,,,,,,,,,,,,,,,,,,,,,,,,,,,,,,,,,,,,,,,,,,,,,,,,,,,,,,,,,,,,,,,,,,,,,,,,,,,,,,,,,,,,,,,,,,,,,,,,,,,,,,,,,,,,,,,,,,,,,,,,,,,,,,,,,,,,,,,,,,,,,,,,,,,,,,,,,,,,,,,,,,,,,,,,,,,,,,,,,,,,,,,,,,,,,,,,,,,,,,,,,,,,,,,,,,,,,,,,,,,,,,,,,,,,,,,80.0,53.0,151.0,65.0,61.0,27.0,154.0,5.0,149.0,153.0,71.0,18.0,55.0,160.0,188.0,16.0,60.0,88.0,18.0,20.0,81.0,105.0,98.0,97.0,161.0,1.0,183.0,25.0,184.0,120.0,183.0,112.0,106.0,107.0,156.0,129.0,107.0,42.0,160.0,45.0,175.0,60.0,171.0,117.0,162.0,15.0,163.0,134.0,74.0,104.0,122.0,0.0,77.0,156.0,95.0,60.0,77.0,132.0,10.0,79.0,177.0,1.0,188.0,126.0,64.0,164.0,45.0,158.0,5.0,43.0,188.0,61.0,167.0,190.0,32.0,141.0,13.0,143.0,172.0,61.0,53.0,52.0,22.0,53.0,110.0,11.0,22.0,186.0,18.0,55.0,187.0,1.0,28.0,129.0,14.0,158.0,3.0,86.0,132.0,142.0,20.0,12.0,93.0,49.0,18.0,108.0,163.0,86.0,42.0,50.0,27.0,3.0,139.0,72.0,36.0,46.0,175.0,3.0,9.0,151.0,124.0,177.0,168.0,125.0,14.0,86.0,96.0,61.0,78.0,8.0,26.0,103.0,189.0,44.0,56.0,16.0,61.0,11.0,123.0,75.0,76.0,104.0,46.0,93.0,8.0,12.0,25.0,91.0,1.0,155.0
,,,,,,,,,,,,,,,,,,,,,,,,,,,,,,,,,,,,,,,,,,,,,,,,,,,,,,,,,,,,,,,,,,,,,,,,,,,,,,,,,,,,,,,,,,,,,,,,,,,,,,,,,,,,,,,,,,,,,,,,,,,,,,,,,,,,,,,,,,,,,,,,,,,,,,,,,,,,,,,,,,,,,,,,,,,,,,,,,,,,,,,,,,,,,,,,,,,,,,,,,,,,,,,,,,,,,,,,,,,,,,,,,,,,,,,,,,,,,,,,,,,,,,,,,,,,,,,,,,,,,,,,,,,,,,,,,,,,,,,,,,,,,,,,,,,,,,,,,,,,,,,,,,,,,,,,,,,,,,,,,,,,,,,,,,,,,,,,,,,,,,,,,,,,,,,,,,,,,,,,,,,,,,,,,,33.0,62.0,2.0,171.0,55.0,130.0,6.0,92.0,161.0,122.0,177.0,134.0,114.0,191.0,162.0,26.0,115.0,52.0,144.0,148.0,24.0,7.0,71.0,171.0,147.0,27.0,98.0,37.0,21.0,89.0,72.0,186.0,190.0,58.0,163.0,42.0,56.0,52.0,87.0,81.0,50.0,95.0,10.0,178.0,30.0,173.0,38.0,96.0,31.0,45.0,73.0,140.0,10.0,113.0,23.0,144.0,27.0,145.0,161.0,120.0,101.0,107.0,73.0,2.0,174.0,74.0,115.0,76.0,9.0,33.0,3.0,14.0,9.0,19.0,79.0,0.0,31.0,43.0,173.0,33.0,12.0,45.0,136.0,17.0,106.0,169.0,167.0,45.0,11.0,36.0,8.0,149.0,28.0,76.0,120.0,23.0,136.0,172.0,33.0,58.0,76.0,16.0,117.0,42.0,135.0,5.0,82.0,36.0,139.0,105.0,19.0,72.0,80.0,99.0,26.0,117.0,98.0,145.0,186.0,33.0,61.0,189.0,77.0,39.0,106.0,12.0,118.0,49.0,34.0,79.0,142.0,160.0,37.0,65.0,3.0,170.0,139.0,64.0,178.0,84.0
,,,,,,,,,,,,,,,,,,,,,,,,,,,,,,,,,,,,,,,,,,,,,,,,,,,,,,,,,,,,,,,,,,,,,,,,,,,,,,,,,,,,,,,,,,,,,,,,,,,,,,,,,,,,,,,,,,,,,,,,,,,,,,,,,,,,,,,,,,,,,,,,,,,,,,,,,,,,,,,,,,,,,,,,,,,,,,,,,,,,,,,,,,,,,,,,,,,,,,,,,,,,,,,,,,,,,,,,,,,,,,,,,,,,,,,,,,,,,,,,,,,,,,,,,,,,,,,,,,,,,,,,,,,,,,,,,,,,,,,,,,,,,,,,,,,,,,,,,,,,,,,,,,,,,,,,,,,,,,,,,,,,,,,,,,,,,,,,,,,,,,,,,,,,,,,,,,,,,,,,,,,,,,,,,,,,,,,,,,,,151.0,187.0,27.0,7.0,47.0,105.0,153.0,133.0,172.0,151.0,49.0,23.0,90.0,62.0,82.0,118.0,191.0,26.0,113.0,19.0,116.0,185.0,18.0,146.0,72.0,102.0,46.0,82.0,175.0,55.0,35.0,5.0,22.0,60.0,86.0,131.0,30.0,25.0,156.0,88.0,148.0,107.0,84.0,98.0,35.0,166.0,138.0,144.0,23.0,13.0,27.0,124.0,174.0,51.0,0.0,126.0,37.0,56.0,52.0,25.0,61.0,54.0,140.0,34.0,106.0,54.0,86.0,149.0,115.0,161.0,50.0,120.0,154.0,19.0,0.0,137.0,36.0,150.0,41.0,111.0,181.0,48.0,46.0,28.0,25.0,62.0,127.0,140.0,30.0,80.0,156.0,93.0,94.0,50.0,85.0,171.0,12.0,129.0,19.0,48.0,116.0,164.0,21.0,2.0,115.0,37.0,52.0,104.0,166.0,78.0,191.0,119.0,57.0,160.0,122.0,15.0,111.0,93.0,150.0,107.0,169.0,54.0,48.0,90.0,142.0,68.0,112.0,62.0,71.0,46.0
,,,,,,,,,,,,,,,,,,,,,,,,,,,,,,,,,,,,,,,,,,,,,,,,,,,,,,,,,,,,,,,,,,,,,,,,,,,,,,,,,,,,,,,,,,,,,,,,,,,,,,,,,,,,,,,,,,,,,,,,,,,,,,,,,,,,,,,,,,,,,,,,,,,,,,,,,,,,,,,,,,,,,,,,,,,,,,,,,,,,,,,,,,,,,,,,,,,,,,,,,,,,,,,,,,,,,,,,,,,,,,,,,,,,,,,,,,,,,,,,,,,,,,,,,,,,,,,,,,,,,,,,,,,,,,,,,,,,,,,,,,,,,,,,,,,,,,,,,,,,,,,,,,,,,,,,,,,,,,,,,,,,,,,,,,,,,,,,,,,,,,,,,,,,,,,,,,,,,,,,,,,,,,,,,,,,,,,,,,,,,,,,,,,,,,128.0,68.0,89.0,14.0,76.0,135.0,46.0,29.0,103.0,62.0,34.0,137.0,8.0,25.0,186.0,129.0,175.0,186.0,141.0,101.0,16.0,163.0,95.0,70.0,46.0,137.0,5.0,6.0,146.0,3.0,67.0,91.0,163.0,134.0,160.0,168.0,156.0,165.0,22.0,129.0,46.0,75.0,84.0,128.0,100.0,175.0,71.0,46.0,164.0,78.0,25.0,123.0,117.0,47.0,36.0,20.0,55.0,89.0,169.0,133.0,173.0,115.0,180.0,3.0,17.0,161.0,139.0,162.0,139.0,129.0,66.0,127.0,148.0,19.0,151.0,60.0,102.0,169.0,181.0,121.0,172.0,154.0,74.0,21.0,150.0,167.0,67.0,96.0,185.0,180.0,140.0,19.0,64.0,130.0,63.0,45.0,129.0,66.0,45.0,107.0,171.0,61.0,190.0,104.0,108.0,47.0,166.0,47.0,177.0,10.0,52.0,134.0,71.0,105.0,77.0,29.0,62.0,54.0,96.0,67.0
,,,,,,,,,,,,,,,,,,,,,,,,,,,,,,,,,,,,,,,,,,,,,,,,,,,,,,,,,,,,,,,,,,,,,,,,,,,,,,,,,,,,,,,,,,,,,,,,,,,,,,,,,,,,,,,,,,,,,,,,,,,,,,,,,,,,,,,,,,,,,,,,,,,,,,,,,,,,,,,,,,,,,,,,,,,,,,,,,,,,,,,,,,,,,,,,,,,,,,,,,,,,,,,,,,,,,,,,,,,,,,,,,,,,,,,,,,,,,,,,,,,,,,,,,,,,,,,,,,,,,,,,,,,,,,,,,,,,,,,,,,,,,,,,,,,,,,,,,,,,,,,,,,,,,,,,,,,,,,,,,,,,,,,,,,,,,,,,,,,,,,,,,,,,,,,,,,,,,,,,,,,,,,,,,,,,,,,,,,,,,,,,,,,,,,,,,,,,,,,,131.0,157.0,10.0,66.0,149.0,41.0,162.0,42.0,116.0,82.0,14.0,99.0,126.0,64.0,160.0,76.0,140.0,40.0,109.0,190.0,134.0,17.0,98.0,99.0,74.0,38.0,107.0,181.0,147.0,173.0,97.0,13.0,39.0,115.0,123.0,164.0,148.0,139.0,2.0,67.0,86.0,1.0,185.0,111.0,101.0,166.0,128.0,22.0,60.0,148.0,168.0,47.0,159.0,70.0,86.0,46.0,141.0,0.0,149.0,45.0,103.0,178.0,66.0,7.0,111.0,56.0,94.0,136.0,77.0,57.0,142.0,101.0,69.0,40.0,165.0,110.0,44.0,171.0,77.0,116.0,59.0,18.0,146.0,90.0,35.0,33.0,13.0,191.0,100.0,51.0,64.0,164.0,8.0,113.0,189.0,138.0,187.0,173.0,128.0,108.0,152.0,36.0,166.0,112.0,52.0,109.0,57.0,13.0,166.0,191.0
,,,,,,,,,,,,,,,,,,,,,,,,,,,,,,,,,,,,,,,,,,,,,,,,,,,,,,,,,,,,,,,,,,,,,,,,,,,,,,,,,,,,,,,,,,,,,,,,,,,,,,,,,,,,,,,,,,,,,,,,,,,,,,,,,,,,,,,,,,,,,,,,,,,,,,,,,,,,,,,,,,,,,,,,,,,,,,,,,,,,,,,,,,,,,,,,,,,,,,,,,,,,,,,,,,,,,,,,,,,,,,,,,,,,,,,,,,,,,,,,,,,,,,,,,,,,,,,,,,,,,,,,,,,,,,,,,,,,,,,,,,,,,,,,,,,,,,,,,,,,,,,,,,,,,,,,,,,,,,,,,,,,,,,,,,,,,,,,,,,,,,,,,,,,,,,,,,,,,,,,,,,,,,,,,,,,,,,,,,,,,,,,,,,,,,,,,,,,,,,,,,,,,,,,,,151.0,139.0,96.0,142.0,125.0,63.0,24.0,102.0,13.0,98.0,101.0,113.0,86.0,150.0,17.0,12.0,9.0,4.0,138.0,112.0,105.0,101.0,138.0,8.0,113.0,49.0,125.0,57.0,176.0,130.0,68.0,90.0,40.0,97.0,41.0,106.0,15.0,174.0,62.0,186.0,67.0,185.0,97.0,113.0,191.0,131.0,172.0,1.0,118.0,67.0,146.0,180.0,85.0,122.0,2.0,110.0,52.0,0.0,69.0,107.0,147.0,189.0,22.0,44.0,168.0,187.0,150.0,21.0,84.0,186.0,82.0,146.0,189.0,107.0,67.0,46.0,125.0,38.0,123.0,93.0,182.0,163.0,109.0,3.0,99.0,88.0,16.0,74.0,96.0,51.0,108.0,27.0,54.0,115.0,40.0,190.0,150.0,94.0,0.0,40.0
,,,,,,,,,,,,,,,,,,,,,,,,,,,,,,,,,,,,,,,,,,,,,,,,,,,,,,,,,,,,,,,,,,,,,,,,,,,,,,,,,,,,,,,,,,,,,,,,,,,,,,,,,,,,,,,,,,,,,,,,,,,,,,,,,,,,,,,,,,,,,,,,,,,,,,,,,,,,,,,,,,,,,,,,,,,,,,,,,,,,,,,,,,,,,,,,,,,,,,,,,,,,,,,,,,,,,,,,,,,,,,,,,,,,,,,,,,,,,,,,,,,,,,,,,,,,,,,,,,,,,,,,,,,,,,,,,,,,,,,,,,,,,,,,,,,,,,,,,,,,,,,,,,,,,,,,,,,,,,,,,,,,,,,,,,,,,,,,,,,,,,,,,,,,,,,,,,,,,,,,,,,,,,,,,,,,,,,,,,,,,,,,,,,,,,,,,,,,,,,,,,,,,,,,,,,,,,,,,,,,111.0,172.0,76.0,37.0,150.0,141.0,171.0,171.0,59.0,105.0,137.0,113.0,88.0,60.0,163.0,51.0,91.0,137.0,62.0,117.0,28.0,130.0,177.0,36.0,12.0,135.0,178.0,87.0,153.0,183.0,188.0,76.0,47.0,1.0,154.0,32.0,85.0,122.0,21.0,126.0,94.0,151.0,79.0,81.0,173.0,25.0,109.0,155.0,53.0,91.0,21.0,12.0,29.0,121.0,148.0,9.0,147.0,55.0,149.0,77.0,144.0,97.0,91.0,138.0,112.0,159.0,9.0,34.0,17.0,84.0,67.0,81.0,74.0,96.0,123.0,102.0,41.0,144.0,170.0,133.0,96.0,93.0,89.0,168.0,105.0,56.0,3.0,90.0,110.0,86.0
,,,,,,,,,,,,,,,,,,,,,,,,,,,,,,,,,,,,,,,,,,,,,,,,,,,,,,,,,,,,,,,,,,,,,,,,,,,,,,,,,,,,,,,,,,,,,,,,,,,,,,,,,,,,,,,,,,,,,,,,,,,,,,,,,,,,,,,,,,,,,,,,,,,,,,,,,,,,,,,,,,,,,,,,,,,,,,,,,,,,,,,,,,,,,,,,,,,,,,,,,,,,,,,,,,,,,,,,,,,,,,,,,,,,,,,,,,,,,,,,,,,,,,,,,,,,,,,,,,,,,,,,,,,,,,,,,,,,,,,,,,,,,,,,,,,,,,,,,,,,,,,,,,,,,,,,,,,,,,,,,,,,,,,,,,,,,,,,,,,,,,,,,,,,,,,,,,,,,,,,,,,,,,,,,,,,,,,,,,,,,,,,,,,,,,,,,,,,,,,,,,,,,,,,,,,,,,,,,,,,,,,,,,,,,,157.0,45.0,116.0,11.0,145.0,76.0,82.0,99.0,72.0,11.0,82.0,178.0,75.0,137.0,164.0,125.0,153.0,88.0,24.0,26.0,73.0,138.0,24.0,28.0,189.0,5.0,11.0,188.0,70.0,72.0,96.0,60.0,129.0,50.0,93.0,97.0,44.0,107.0,58.0,74.0,190.0,187.0,157.0,172.0,153.0,12.0,140.0,190.0,66.0,184.0,56.0,187.0,119.0,60.0,126.0,52.0,118.0,100.0,125.0,111.0,16.0,38.0,67.0,100.0,103.0,7.0,173.0,65.0,168.0,32.0,75.0,133.0,79.0,43.0,83.0,82.0,69.0,97.0,4.0,28.0
,,,,,,,,,,,,,,,,,,,,,,,,,,,,,,,,,,,,,,,,,,,,,,,,,,,,,,,,,,,,,,,,,,,,,,,,,,,,,,,,,,,,,,,,,,,,,,,,,,,,,,,,,,,,,,,,,,,,,,,,,,,,,,,,,,,,,,,,,,,,,,,,,,,,,,,,,,,,,,,,,,,,,,,,,,,,,,,,,,,,,,,,,,,,,,,,,,,,,,,,,,,,,,,,,,,,,,,,,,,,,,,,,,,,,,,,,,,,,,,,,,,,,,,,,,,,,,,,,,,,,,,,,,,,,,,,,,,,,,,,,,,,,,,,,,,,,,,,,,,,,,,,,,,,,,,,,,,,,,,,,,,,,,,,,,,,,,,,,,,,,,,,,,,,,,,,,,,,,,,,,,,,,,,,,,,,,,,,,,,,,,,,,,,,,,,,,,,,,,,,,,,,,,,,,,,,,,,,,,,,,,,,,,,,,,,,,,,,,,,,150.0,102.0,143.0,9.0,186.0,97.0,136.0,81.0,114.0,81.0,127.0,163.0,186.0,102.0,55.0,14.0,53.0,160.0,83.0,26.0,113.0,6.0,26.0,100.0,91.0,122.0,10.0,36.0,151.0,185.0,101.0,159.0,148.0,86.0,125.0,101.0,110.0,186.0,60.0,87.0,46.0,12.0,160.0,74.0,21.0,174.0,10.0,11.0,26.0,58.0,31.0,87.0,172.0,110.0,146.0,25.0,172.0,83.0,0.0,30.0,126.0,147.0,38.0,188.0,55.0,53.0,13.0,127.0,58.0,54.0
,,,,,,,,,,,,,,,,,,,,,,,,,,,,,,,,,,,,,,,,,,,,,,,,,,,,,,,,,,,,,,,,,,,,,,,,,,,,,,,,,,,,,,,,,,,,,,,,,,,,,,,,,,,,,,,,,,,,,,,,,,,,,,,,,,,,,,,,,,,,,,,,,,,,,,,,,,,,,,,,,,,,,,,,,,,,,,,,,,,,,,,,,,,,,,,,,,,,,,,,,,,,,,,,,,,,,,,,,,,,,,,,,,,,,,,,,,,,,,,,,,,,,,,,,,,,,,,,,,,,,,,,,,,,,,,,,,,,,,,,,,,,,,,,,,,,,,,,,,,,,,,,,,,,,,,,,,,,,,,,,,,,,,,,,,,,,,,,,,,,,,,,,,,,,,,,,,,,,,,,,,,,,,,,,,,,,,,,,,,,,,,,,,,,,,,,,,,,,,,,,,,,,,,,,,,,,,,,,,,,,,,,,,,,,,,,,,,,,,,,,,,,,,,,,,21.0,63.0,128.0,4.0,64.0,20.0,51.0,64.0,59.0,185.0,37.0,128.0,157.0,57.0,74.0,50.0,133.0,182.0,2.0,88.0,31.0,14.0,61.0,147.0,51.0,48.0,183.0,12.0,43.0,47.0,131.0,41.0,139.0,28.0,168.0,13.0,187.0,37.0,99.0,123.0,173.0,55.0,0.0,125.0,152.0,161.0,17.0,135.0,90.0,125.0,12.0,146.0,175.0,76.0,123.0,112.0,189.0,83.0,147.0,50.0
,,,,,,,,,,,,,,,,,,,,,,,,,,,,,,,,,,,,,,,,,,,,,,,,,,,,,,,,,,,,,,,,,,,,,,,,,,,,,,,,,,,,,,,,,,,,,,,,,,,,,,,,,,,,,,,,,,,,,,,,,,,,,,,,,,,,,,,,,,,,,,,,,,,,,,,,,,,,,,,,,,,,,,,,,,,,,,,,,,,,,,,,,,,,,,,,,,,,,,,,,,,,,,,,,,,,,,,,,,,,,,,,,,,,,,,,,,,,,,,,,,,,,,,,,,,,,,,,,,,,,,,,,,,,,,,,,,,,,,,,,,,,,,,,,,,,,,,,,,,,,,,,,,,,,,,,,,,,,,,,,,,,,,,,,,,,,,,,,,,,,,,,,,,,,,,,,,,,,,,,,,,,,,,,,,,,,,,,,,,,,,,,,,,,,,,,,,,,,,,,,,,,,,,,,,,,,,,,,,,,,,,,,,,,,,,,,,,,,,,,,,,,,,,,,,,,,,,,,,,,34.0,182.0,73.0,143.0,21.0,37.0,42.0,156.0,108.0,39.0,9.0,167.0,81.0,188.0,45.0,84.0,154.0,31.0,157.0,79.0,38.0,16.0,29.0,94.0,185.0,170.0,163.0,169.0,39.0,34.0,143.0,148.0,112.0,141.0,71.0,183.0,56.0,48.0,85.0,119.0,157.0,19.0,35.0,51.0,179.0,189.0,41.0,159.0,158.0,74.0
,,,,,,,,,,,,,,,,,,,,,,,,,,,,,,,,,,,,,,,,,,,,,,,,,,,,,,,,,,,,,,,,,,,,,,,,,,,,,,,,,,,,,,,,,,,,,,,,,,,,,,,,,,,,,,,,,,,,,,,,,,,,,,,,,,,,,,,,,,,,,,,,,,,,,,,,,,,,,,,,,,,,,,,,,,,,,,,,,,,,,,,,,,,,,,,,,,,,,,,,,,,,,,,,,,,,,,,,,,,,,,,,,,,,,,,,,,,,,,,,,,,,,,,,,,,,,,,,,,,,,,,,,,,,,,,,,,,,,,,,,,,,,,,,,,,,,,,,,,,,,,,,,,,,,,,,,,,,,,,,,,,,,,,,,,,,,,,,,,,,,,,,,,,,,,,,,,,,,,,,,,,,,,,,,,,,,,,,,,,,,,,,,,,,,,,,,,,,,,,,,,,,,,,,,,,,,,,,,,,,,,,,,,,,,,,,,,,,,,,,,,,,,,,,,,,,,,,,,,,,,,,,,,,,,,184.0,177.0,95.0,154.0,75.0,107.0,2.0,179.0,97.0,172.0,91.0,145.0,93.0,151.0,163.0,81.0,34.0,157.0,23.0,12.0,75.0,173.0,94.0,89.0,61.0,178.0,184.0,15.0,188.0,44.0,89.0,45.0,60.0,121.0,110.0,57.0,171.0,187.0,84.0,19.0
,,,,,,,,,,,,,,,,,,,,,,,,,,,,,,,,,,,,,,,,,,,,,,,,,,,,,,,,,,,,,,,,,,,,,,,,,,,,,,,,,,,,,,,,,,,,,,,,,,,,,,,,,,,,,,,,,,,,,,,,,,,,,,,,,,,,,,,,,,,,,,,,,,,,,,,,,,,,,,,,,,,,,,,,,,,,,,,,,,,,,,,,,,,,,,,,,,,,,,,,,,,,,,,,,,,,,,,,,,,,,,,,,,,,,,,,,,,,,,,,,,,,,,,,,,,,,,,,,,,,,,,,,,,,,,,,,,,,,,,,,,,,,,,,,,,,,,,,,,,,,,,,,,,,,,,,,,,,,,,,,,,,,,,,,,,,,,,,,,,,,,,,,,,,,,,,,,,,,,,,,,,,,,,,,,,,,,,,,,,,,,,,,,,,,,,,,,,,,,,,,,,,,,,,,,,,,,,,,,,,,,,,,,,,,,,,,,,,,,,,,,,,,,,,,,,,,,,,,,,,,,,,,,,,,,,,,,,,,,,,76.0,5.0,169.0,33.0,129.0,95.0,92.0,190.0,115.0,71.0,66.0,140.0,175.0,2.0,4.0,94.0,109.0,133.0,18.0,91.0,50.0,71.0,7.0,153.0,128.0,105.0,61.0,114.0,150.0,173.0
,,,,,,,,,,,,,,,,,,,,,,,,,,,,,,,,,,,,,,,,,,,,,,,,,,,,,,,,,,,,,,,,,,,,,,,,,,,,,,,,,,,,,,,,,,,,,,,,,,,,,,,,,,,,,,,,,,,,,,,,,,,,,,,,,,,,,,,,,,,,,,,,,,,,,,,,,,,,,,,,,,,,,,,,,,,,,,,,,,,,,,,,,,,,,,,,,,,,,,,,,,,,,,,,,,,,,,,,,,,,,,,,,,,,,,,,,,,,,,,,,,,,,,,,,,,,,,,,,,,,,,,,,,,,,,,,,,,,,,,,,,,,,,,,,,,,,,,,,,,,,,,,,,,,,,,,,,,,,,,,,,,,,,,,,,,,,,,,,,,,,,,,,,,,,,,,,,,,,,,,,,,,,,,,,,,,,,,,,,,,,,,,,,,,,,,,,,,,,,,,,,,,,,,,,,,,,,,,,,,,,,,,,,,,,,,,,,,,,,,,,,,,,,,,,,,,,,,,,,,,,,,,,,,,,,,,,,,,,,,,,,,,,,,,,,148.0,27.0,9.0,167.0,1.0,188.0,21.0,23.0,104.0,25.0,118.0,148.0,26.0,57.0,2.0,119.0,17.0,72.0,65.0,34.0
,,,,,,,,,,,,,,,,,,,,,,,,,,,,,,,,,,,,,,,,,,,,,,,,,,,,,,,,,,,,,,,,,,,,,,,,,,,,,,,,,,,,,,,,,,,,,,,,,,,,,,,,,,,,,,,,,,,,,,,,,,,,,,,,,,,,,,,,,,,,,,,,,,,,,,,,,,,,,,,,,,,,,,,,,,,,,,,,,,,,,,,,,,,,,,,,,,,,,,,,,,,,,,,,,,,,,,,,,,,,,,,,,,,,,,,,,,,,,,,,,,,,,,,,,,,,,,,,,,,,,,,,,,,,,,,,,,,,,,,,,,,,,,,,,,,,,,,,,,,,,,,,,,,,,,,,,,,,,,,,,,,,,,,,,,,,,,,,,,,,,,,,,,,,,,,,,,,,,,,,,,,,,,,,,,,,,,,,,,,,,,,,,,,,,,,,,,,,,,,,,,,,,,,,,,,,,,,,,,,,,,,,,,,,,,,,,,,,,,,,,,,,,,,,,,,,,,,,,,,,,,,,,,,,,,,,,,,,,,,,,,,,,,,,,,,,,,,,,,,,22.0,182.0,111.0,29.0,26.0,17.0,59.0,40.0,129.0,130.0
