R3HDM2,LARP4B,CNOT9,MKRN2,NCBP2,PARN,ETF1,CPSF1,PDCD4,PATL1,TDRD3,DAZL,FUBP3,PARN,UBAP2L,STRAP,ALG13,LSM14A,PAIP2,HDLBP,LZTS2,ALG13,SMG6,LSM1,STAU1,CSDE1,LSM4,DDX20,PUM1,PRRC2A,MEX3B,PARN,LARP4B,CNOT1,LZTS2,LSM12,PAIP1,ILF3,LZTS2,FAM120C,EIF4A1,PRRC2B,RNF219,RBMS1,SAMD4B,GLE1,IGF2BP1,STRAP,NXF1,TIA1,DDX3X,CNOT7,FAM120C,CNOT2,RBMS1,PAIP1,GRSF1,ETF1,RNF214,UNK,USP10,RC3H1,ILF3,IGF2BP1,CTIF,IGF2BP1,IGF2BP2,LZTS2,PATL1,RNGTT,FAM120C,PRPF19,ZFP36,SUPT5H,ZC3H7A,ELAVL1,ALG13,DCP1A,SDCCAG3,SMAP2,MCRIP2,DCP1A,CNOT2,STRAP,RNF219,PDCD4,FAM120C,CNOT7,NUFIP2,ZFP36,ZCCHC11,NCBP2,MCRIP2,ANKRD17,LSM14A,TOP3B,FXR1,R3HDM2,IGF2BP1,STAU1,PRPF19,CTIF,TIA1,ZCCHC11,ILF3,DAZL,EDC3,TNRC6B,IBTK,SAMD4B,PARN,TNRC6B,ANKRD17,UNK,PATL1,SYMPK,PAIP1,RNF214,ETF1,GTPBP1,CNOT7,FXR2,LSM12,TNRC6A,LSM4,GTPBP1,THOC1,FXR2,GTPBP1,SMAP2,ATXN2,FMR1,FXR2,MCRIP2,CSDE1,LARP4B,MOV10,NCBP2,PRRC2B,FXR1,UBAP2L,EIF4A1,RNGTT,RBMS1,OTUD4,EIF4A1,ZC3HAV1,FUBP3,PABPC1,YTHDF2,FXR2,ELAVL1,FUBP3,EIF4A2,CPEB4,PAIP2,FAM120C,CPSF1,ZCCHC11,TDRD3,CPEB4,ETF1,ST7,EIF4A2,CNOT7,GLE1,MKRN2,CNOT7,R3HDM2,NXF1,YTHDF1,AGO2,CDC5L,TBK1,GTPBP1,DDX3X,RNF214,LSM2,G3BP1,TRIM56,IGF2BP2,TRIM56,TRIM25,ANKRD17,DDX1,LSM4,PRRC2B,RBM47,TNRC6A,SDCCAG3,EIF4ENIF1,PRRC2A,STAU1,TNRC6B,RC3H2,LSM14A,USP10,YTHDF1,SMG7,LSM2,LSM12,CPEB4,DDX3X,EXOSC10,CNOT9,XRN2,SDCCAG3,IGF2BP1,LSM14A,HELZ,LZTS2,HDLBP,SAMD4B,ALG13,R3HDM2,GTPBP1,TDRD3,MARF1,UNK,YTHDF2,CAPRIN1,RNF219,EIF4ENIF1,RBMS1,PABPC1,LARP4B,IBTK,CSDE1,EIF4A3,AGO2,STRAP,PRPF19,RC3H1,ZFP36,HELZ,DDX19B,PRRC2B,TNRC6A,PUM1,CELF1,G3BP1,RC3H1,ZC3HAV1,DDX19B,SMG7,RC3H2,AGO2,UBAP2L,ELAVL1,FAM120C,MKRN2,DAZL,RNF219,CSDE1,DDX19B,PAIP1,MOV10,NUFIP2,DDX1,FXR1,TNRC6B,YTHDF1,SUPT5H,RBM47,IGF2BP1,FMR1,CDC5L,RNGTT,UBAP2L,TOP3B,PRRC2A,G3BP1,KIF1B,ZC3HAV1,MARF1,ATXN2,GTPBP1,MKRN2,TRIM25,YTHDF1,DDX20,CNOT1,KIAA1429,TRIM56,CSDE1,TNRC6A,SDCCAG3,ZC3H7A,CEP85,PRPF19,PABPC1,TBK1,CAPRIN1,ILF3,ILF3,STRAP,TOP3B,ATXN2,PRPF19,CNOT9,FXR2,TRIM56,TOP3B,LARP4B,SYNCRIP,AGO2,TOP3B,GRSF1,TNRC6C,USP10,NCBP2,YTHDF1,TOP3B,IBTK,EIF4A2,DAZL,STAU1,GTPBP1,ST7,CSDE1,IGF2BP2,DDX3X,ALG13,MARF1,SMAP2,ATXN2,TRIM56,XRN2,ATXN2,CAPRIN1,CNOT6L,RNF219,PRRC2A,SAMD4B,EIF4A2,IBTK,ILF3,LSM14A,PAIP1,LSM2,CSDE1,CNOT9,UNK,ELAVL1,SUPT5H,CDC5L,IBTK,EIF4ENIF1,LSM4,PAIP1,XRN2,LSM1,DDX19B,UNK,XRN2,SYNCRIP,SDCCAG3,HDLBP,RNF219,SUPT5H,MCRIP2,MOV10,STAU1,NCBP2,EIF4A3,YTHDF3,ZC3HAV1,XRN2,STAU1,KIAA0355,YTHDF3,CSDE1,PRRC2B,EIF4A2,IGF2BP1,TNRC6B,TDRD3,CNOT7,ILF3,EIF4A2,EIF4A1,ZC3H7A,CELF1,CNOT1,EDC3,CNOT1,SYMPK,MOV10,G3BP1,SUPT5H,SYMPK,IGF2BP1,SYMPK,KIAA0355,TNRC6B,RBM47,ZC3H7A,DDX19B,YTHDF3,G3BP1,USP10,HELZ,KIAA0355,OTUD4,RC3H1,MCRIP2,EXOSC10,LSM2,AGO2,DDX3X,MCRIP2,FAM120C,ETF1,LSM12,DDX6,ALG13,EIF4A1,PATL1,PDCD4,EIF4A1,SAMD4B,PABPC1,RBMS1,EXOSC10,XRN1,ZC3HAV1,EIF4A2,ETF1,G3BP1,PRRC2A,ZCCHC11,LSM2,ZC3HAV1,DCP1A,GTPBP1,EIF4A2,IGF2BP2,RNF214,LSM12,RNF219,DDX3X,SYMPK,SMG6,CAPRIN1,CNOT6L,CPSF1,KIAA1429,DDX20,MKRN2,GLE1,EIF4A3,EIF4A2,FXR1,HDLBP,ZC3HAV1,OTUD4,TDRD3,RNGTT,ATXN2,CNOT9,GLE1,EXOSC10,PATL1,RBM47,SMG7,RBMS1,CEP85,TNRC6B,CEP85,XRN1,G3BP1,PUM1,PABPC1,YTHDF1,YTHDF1,EDC3,CNOT9,SYNCRIP,IGF2BP2,CTIF,CAPRIN1,CDC5L,EDC3,CTIF,TRIM56,TBK1,SYNCRIP,CNOT9,MOV10,SAMD4B,RBMS1,YTHDF1,MKRN2,ZC3HAV1,EIF4ENIF1,R3HDM2,XRN2,UBAP2L,YTHDF1,DCP1A,ZCCHC11,CEP85,PUM1,YTHDF1,HDLBP,SMG6,PRPF19,ATXN2,SUPT5H,AGO2
TNRC6C,ANKRD17,TNRC6B,EIF4A3,CTIF,RNF219,DDX1,TOP3B,G3BP1,GLE1,GLE1,CSDE1,ALG13,EXOSC10,AGO2,EIF4A2,YTHDF1,GLE1,MEX3B,IGF2BP2,ZC3H7A,CNOT1,CPSF1,MEX3B,ILF3,ZFP36,ZCCHC11,IBTK,ZFP36,FXR1,CDC5L,CSDE1,TNRC6C,STRAP,FAM120A,THOC1,HELZ,IBTK,SYNCRIP,TBK1,MARF1,UNK,MKRN2,SMAP2,PARN,R3HDM2,ALG13,PDCD4,PUM1,ST7,DDX20,FAM120A,CPSF1,ALG13,MOV10,XRN2,TDRD3,XRN2,MEX3B,SMG7,LSM2,PRPF19,STRAP,RC3H2,MOV10,CAPRIN1,THOC1,ELAVL1,TNRC6A,DDX1,ILF3,RBM47,TBK1,CNOT2,GTPBP1,TNRC6C,NUFIP2,NCBP2,FXR1,CEP85,TDRD3,CNOT6L,SYNCRIP,THOC1,IGF2BP1,SMAP2,FAM120A,EIF4A2,EIF4ENIF1,KIF1B,PRPF19,ANKRD17,RNF214,ZCCHC11,PARN,ZC3HAV1,RBM47,MEX3B,TRIM56,SYNCRIP,MARF1,LSM1,ATXN2,LSM4,LSM4,IGF2BP2,PABPC1,PRPF19,MCRIP2,ALG13,CNOT6L,ETF1,XRN1,LSM14A,ALG13,NCBP2,THOC1,MARF1,IPO11,ALG13,LSM1,ZC3H7A,SAMD4B,UNK,CNOT7,PAIP1,XRN1,IPO11,PARN,FXR1,EIF4A3,ZC3H7A,CNOT6L,ILF3,NXF1,ST7,DDX20,DDX1,PAIP1,STAU1,YTHDF1,FAM120A,PAIP1,CNOT2,LSM1,IPO11,GRSF1,ZCCHC11,CNOT9,IPO11,TBK1,FAM120C,STRAP,CPEB4,NCBP2,STAU1,MEX3B,RNGTT,DDX3X,CELF1,MCRIP2,SDCCAG3,NCBP2,EIF4A1,PATL1,LSM4,MEX3B,FXR1,RNGTT,PARN,PRPF19,YTHDF1,EDC3,SUPT5H,MOV10,LZTS2,ETF1,DDX6,ELAVL1,MKRN2,HDLBP,SMAP2,CNOT9,PRRC2B,FXR1,ALG13,UBAP2L,MCRIP2,GLE1,CNOT1,DDX3X,FXR2,ZC3H7A,YTHDF3,EIF4A3,ZCCHC11,EXOSC10,LSM2,SAMD4B,TOP3B,ANKRD17,XRN2,PRPF19,ZCCHC11,IGF2BP1,PAIP2,PUM1,RNGTT,SMAP2,DDX1,SAMD4B,TOP3B,CNOT9,DDX6,CPSF1,CPEB4,FXR1,THOC1,DCP1A,XRN1,HDLBP,TNRC6B,ZCCHC11,UNK,MEX3B,CNOT7,GTPBP1,RNGTT,XRN2,RC3H1,CPEB4,DAZL,RNF214,YTHDF2,R3HDM2,PUM1,OTUD4,AGO2,UBAP2L,CPSF1,TDRD3,R3HDM2,SUPT5H,YTHDF2,EIF4A1,LSM2,LSM1,G3BP1,CEP85,SYMPK,EIF4A2,ANKRD17,HDLBP,NXF1,NCBP2,MARF1,ATXN2,DDX1,PATL1,KIAA1429,HDLBP,RNF219,EIF4A3,PRRC2B,SMAP2,EIF4A1,IGF2BP1,STRAP,EIF4ENIF1,ILF3,DDX3X,MEX3B,STAU1,PRRC2A,YTHDF3,SYNCRIP,CNOT6L,FXR2,LSM1,MEX3B,CPEB4,PATL1,RC3H2,TOP3B,ZFP36,RNGTT,OTUD4,GLE1,FXR1,ILF3,EIF4ENIF1,PRPF19,ATXN2,AGO2,MOV10,ATXN2,LSM4,TNRC6B,DCP1A,LZTS2,LARP4B,G3BP1,PRRC2B,DAZL,TIA1,NUFIP2,DDX3X,FAM120C,LSM12,FMR1,CDC5L,PRPF19,TNRC6C,FXR2,CNOT9,PATL1,IBTK,GLE1,USP10,CDC5L,GRSF1,G3BP1,ETF1,PAIP1,NUFIP2,ETF1,CNOT7,R3HDM2,SMG7,MARF1,SAMD4B,MEX3B,SMG6,IGF2BP2,UNK,FXR2,SMG6,RNGTT,EIF4ENIF1,TBK1,SYNCRIP,YTHDF1,ELAVL1,CNOT7,RNF219,MOV10,DDX3X,YTHDF2,ZC3H7A,OTUD4,ANKRD17,SAMD4B,DDX3X,CPSF1,SUPT5H,NCBP2,UBAP2L,TNRC6C,YTHDF1,TBK1,PRRC2B,DCP1A,HDLBP,RNF219,DDX1,MEX3B,PAIP2,LSM14A,TNRC6C,ATXN2,XRN2,EIF4ENIF1,KIAA0355,LARP4B,MKRN2,G3BP1,LARP4B,YTHDF1,EIF4ENIF1,FAM120C,SMG7,EIF4A1,FAM120C,RBM47,UBAP2L,SYMPK,CAPRIN1,PRRC2A,PRPF19,THOC1,ZC3H7A,CSDE1,LSM14A,NXF1,GTPBP1,MEX3B,STRAP,MOV10,LSM2,RNF219,CELF1,YTHDF1,EIF4A3,LSM4,FXR1,PUM1,NCBP2,TNRC6C,THOC1,PARN,PUM1,ZCCHC11,EIF4ENIF1,NUFIP2,GLE1,LSM14A,LSM4,PRPF19,MCRIP2,SYNCRIP,FUBP3,PRPF19,GRSF1,ZCCHC11,DDX3X,CPSF1,CNOT9,R3HDM2,PATL1,ANKRD17,SDCCAG3,SMG6,TDRD3,TIA1,STAU1,IGF2BP1,LARP4B,TIA1,EIF4A3,TOP3B,CNOT7,DDX19B,GRSF1,FMR1,SUPT5H,IGF2BP1,RBMS1,RNF214,CPEB4,STAU1,NXF1,EIF4ENIF1,PDCD4,YTHDF1,RNGTT,TDRD3,SMAP2,GLE1,ANKRD17,IGF2BP1,IGF2BP2,USP10,DDX20,PRRC2A,TRIM56,LZTS2,LSM1,AGO2,PABPC1,PATL1,FMR1,ZC3HAV1,EIF4A3,IBTK,TNRC6C,CNOT1,STAU1,CDC5L,YTHDF3,UBAP2L,NUFIP2,ZFP36,FMR1,ETF1,SMG6,AGO2,RC3H2,SMG6,LSM4,CEP85,ETF1,LZTS2,DDX1,STRAP,RBMS1,STAU1,ILF3,TNRC6A,CAPRIN1,ATXN2,NXF1,EIF4A1,LZTS2,UBAP2L,SAMD4B,PATL1,RC3H1,DDX6,CNOT2,DDX20
KIAA0355,RC3H2,SYMPK,PRRC2B,HDLBP,FMR1,DDX3X,ILF3,CSDE1,ATXN2,USP10,NUFIP2,LSM14A,RNGTT,CNOT7,TNRC6C,ZC3H7A,FUBP3,TOP3B,RBMS1,CNOT2,SDCCAG3,FAM120C,UBAP2L,UNK,TRIM25,EIF4ENIF1,UBAP2L,UBAP2L,CNOT1,SYMPK,TDRD3,GTPBP1,RNGTT,RNGTT,TDRD3,EIF4A2,ST7,MKRN2,CPSF1,UBAP2L,LSM14A,MCRIP2,XRN1,CEP85,ATXN2,FUBP3,TRIM25,SAMD4B,CPSF1,ZCCHC11,NCBP2,CPEB4,IGF2BP1,CNOT7,RC3H1,PABPC1,RNF219,RBM47,MARF1,R3HDM2,MCRIP2,FXR2,CNOT9,CPEB4,KIF1B,IBTK,TRIM56,DCP1A,ZC3HAV1,USP10,UBAP2L,ATXN2,LSM14A,FXR1,ANKRD17,DDX1,THOC1,RNF214,MARF1,ST7,CTIF,TRIM25,DDX1,AGO2,CAPRIN1,HDLBP,TBK1,EIF4A1,IGF2BP2,SMAP2,GLE1,CPEB4,TNRC6B,ST7,FAM120C,NCBP2,ALG13,DDX6,DAZL,TNRC6C,DDX1,IBTK,SAMD4B,DDX1,GTPBP1,SUPT5H,TBK1,CAPRIN1,IPO11,CNOT1,ELAVL1,EIF4ENIF1,SMAP2,FUBP3,LSM1,KIF1B,TOP3B,SAMD4B,PUM1,SMG7,EIF4A2,PRPF19,R3HDM2,TOP3B,CNOT2,KIF1B,RBMS1,FAM120C,PDCD4,RNGTT,CEP85,THOC1,HDLBP,EIF4A3,MEX3B,CSDE1,STAU1,NUFIP2,TRIM56,CPEB4,ZC3HAV1,RC3H1,YTHDF1,LZTS2,TBK1,FUBP3,FXR1,MCRIP2,DDX1,CNOT7,IGF2BP2,CNOT2,PAIP1,MEX3B,XRN1,CNOT2,PAIP2,NCBP2,TRIM25,FMR1,GLE1,FAM120A,XRN2,TDRD3,SUPT5H,SMAP2,RC3H1,LARP4B,ZC3HAV1,LZTS2,UNK,LARP4B,PATL1,TIA1,IBTK,TNRC6C,KIAA1429,ATXN2,ST7,CNOT2,USP10,MEX3B,TDRD3,ST7,SMAP2,DCP1A,CPSF1,MOV10,SAMD4B,IBTK,LSM2,LSM2,FXR2,SMG6,TBK1,ZC3HAV1,CTIF,DDX19B,LARP4B,PABPC1,PARN,DDX6,CAPRIN1,RBMS1,RNF219,PABPC1,SUPT5H,DAZL,EIF4ENIF1,GTPBP1,GTPBP1,ETF1,PARN,DDX19B,SUPT5H,EIF4A3,FAM120C,SYMPK,SYMPK,GLE1,RNF214,TBK1,KIF1B,CPEB4,PRPF19,MARF1,IGF2BP2,ZC3HAV1,FMR1,RNF219,MOV10,RC3H2,PRPF19,TNRC6A,IPO11,RNF214,DDX20,YTHDF3,PATL1,ETF1,ANKRD17,FMR1,SMG6,RNGTT,YTHDF3,HDLBP,TRIM56,THOC1,NXF1,TNRC6B,UBAP2L,DDX20,UBAP2L,EDC3,DDX3X,RNF219,CAPRIN1,TRIM25,ZC3H7A,CPSF1,OTUD4,RNF219,EIF4A2,DDX1,DCP1A,SYMPK,IGF2BP2,YTHDF2,MEX3B,RNF219,SMG6,IGF2BP2,IGF2BP2,SMAP2,LSM1,PDCD4,ZC3HAV1,NUFIP2,LSM1,GTPBP1,THOC1,PRRC2B,FMR1,ILF3,SAMD4B,CNOT2,SMG6,KIF1B,ZC3HAV1,LARP4B,CNOT1,CNOT9,ALG13,ZCCHC11,MEX3B,YTHDF2,EIF4A3,LSM2,ETF1,EIF4A3,TNRC6C,DAZL,SYMPK,KIF1B,XRN1,GRSF1,OTUD4,MOV10,LSM12,NUFIP2,CNOT7,DDX1,RBM47,TIA1,UNK,PRRC2A,TNRC6A,RBMS1,GTPBP1,TRIM56,NUFIP2,LSM12,FUBP3,CTIF,TNRC6A,RNGTT,PABPC1,PARN,TDRD3,FAM120A,EDC3,EIF4A3,PARN,FAM120C,EXOSC10,IGF2BP1,ZCCHC11,TNRC6A,KIF1B,SMAP2,RNF219,TNRC6C,SYMPK,OTUD4,PRRC2A,FAM120A,TNRC6A,LSM2,PRRC2A,GLE1,SMG6,XRN2,SMG6,OTUD4,CNOT6L,USP10,RBMS1,CPSF1,G3BP1,TRIM56,IGF2BP1,LSM14A,YTHDF2,RNF219,ZCCHC11,SDCCAG3,TNRC6A,EIF4ENIF1,MOV10,ZC3H7A,YTHDF2,CNOT6L,TIA1,CNOT6L,PARN,ETF1,ELAVL1,DDX20,RC3H2,ATXN2,THOC1,STAU1,MEX3B,MOV10,IGF2BP2,PUM1,LARP4B,MARF1,PAIP2,TOP3B,DDX20,IGF2BP1,FAM120C,SYNCRIP,HELZ,CNOT9,XRN1,PDCD4,FUBP3,ZCCHC11,PATL1,CNOT1,MARF1,RBMS1,PAIP2,PABPC1,EIF4A3,NUFIP2,TRIM25,LSM12,DDX1,CNOT6L,STRAP,GRSF1,FAM120C,MCRIP2,IPO11,OTUD4,YTHDF3,TIA1,CNOT2,EIF4ENIF1,DAZL,TDRD3,PUM1,TBK1,MKRN2,ZC3HAV1,MKRN2,MEX3B,TDRD3,R3HDM2,PARN,HDLBP,LSM14A,EIF4A1,MEX3B,PUM1,ATXN2,MKRN2,ALG13,DDX3X,PRPF19,ST7,OTUD4,CEP85,SYMPK,ATXN2,CNOT6L,EIF4A2,CPEB4,FAM120C,NUFIP2,RBM47,DAZL,G3BP1,RBMS1,ZFP36,MCRIP2,GTPBP1,RBMS1,YTHDF3,R3HDM2,FUBP3,EIF4A1,KIAA0355,USP10,PATL1,FXR1,CPEB4,YTHDF2,DAZL,SMG7,HDLBP,ALG13,GLE1,IBTK,FAM120A,LARP4B,XRN2,ZC3HAV1,TRIM56,TOP3B,TDRD3,MOV10,EXOSC10,CELF1,OTUD4,TNRC6B,RNGTT,KIAA1429,TOP3B,CEP85,HELZ,CPSF1,NCBP2,EIF4A3,PRPF19,TOP3B,LARP4B,SMG6,PDCD4,LSM14A,LSM4,STAU1,YTHDF1,RC3H2,CAPRIN1,EIF4A2
CDC5L,LSM1,CEP85,TIA1,MKRN2,TNRC6A,YTHDF2,SYMPK,DDX20,UNK,MARF1,LSM4,TNRC6C,RC3H2,SMG7,KIF1B,MEX3B,SMAP2,PATL1,PATL1,CNOT9,YTHDF1,UBAP2L,DDX20,ZFP36,MARF1,PAIP2,RBMS1,PRPF19,EXOSC10,LARP4B,ST7,IGF2BP1,DDX1,TOP3B,FXR1,AGO2,RNF219,FXR2,EIF4ENIF1,EIF4A2,DDX6,TRIM56,SUPT5H,IBTK,XRN1,HDLBP,PARN,MCRIP2,RNF214,EIF4ENIF1,CPSF1,TRIM56,PRPF19,PAIP2,SYNCRIP,TRIM56,USP10,LSM2,ELAVL1,PUM1,CSDE1,CPSF1,TNRC6B,PAIP2,YTHDF1,ANKRD17,RNF219,KIAA0355,TBK1,SMG6,YTHDF2,SDCCAG3,PRRC2B,ETF1,MARF1,FAM120C,LSM2,STAU1,SMG6,XRN2,PARN,DDX3X,EIF4A2,ANKRD17,HELZ,ILF3,R3HDM2,IGF2BP2,DDX20,CELF1,FXR1,AGO2,RNF214,LSM1,ETF1,ZCCHC11,NCBP2,UBAP2L,TIA1,LSM1,HELZ,EIF4A2,PRPF19,ZCCHC11,FXR1,LSM14A,XRN2,SMG6,FAM120C,SAMD4B,IGF2BP2,PATL1,UBAP2L,EIF4A2,ETF1,LSM12,ATXN2,YTHDF2,DDX19B,PARN,CAPRIN1,EIF4A2,LSM1,NUFIP2,GRSF1,ZC3H7A,SMG6,DDX20,LSM1,RC3H2,LSM1,ZFP36,EIF4A2,PRRC2A,LSM4,G3BP1,PUM1,PDCD4,SAMD4B,ZC3HAV1,KIAA0355,EIF4ENIF1,ELAVL1,DAZL,SUPT5H,YTHDF3,CEP85,MEX3B,TIA1,FUBP3,PRRC2A,CNOT6L,R3HDM2,TRIM25,OTUD4,RNF214,TRIM56,TRIM25,LSM1,XRN2,G3BP1,CSDE1,NCBP2,SDCCAG3,FXR2,ZC3H7A,PAIP1,TNRC6C,CNOT1,OTUD4,KIF1B,TIA1,RNGTT,TNRC6C,TNRC6A,DDX19B,EIF4A3,CAPRIN1,NUFIP2,RNF219,DDX1,TIA1,CPSF1,SMG6,STAU1,R3HDM2,ZC3H7A,TNRC6C,ETF1,NUFIP2,RNF214,MARF1,DAZL,GLE1,CEP85,GTPBP1,EXOSC10,TIA1,TRIM25,SMG7,ATXN2,FUBP3,CNOT7,SMG6,CDC5L,IGF2BP2,IGF2BP2,TDRD3,MARF1,CPSF1,MEX3B,SMG6,ANKRD17,AGO2,DDX19B,SDCCAG3,ETF1,MARF1,CNOT2,YTHDF1,ZC3H7A,PATL1,UBAP2L,G3BP1,PAIP1,TNRC6C,CNOT1,GLE1,LSM12,LSM14A,TNRC6B,SMG7,YTHDF1,IBTK,RNF219,ZCCHC11,KIAA1429,RBMS1,LZTS2,TNRC6B,TNRC6A,RNF219,SMAP2,CSDE1,HELZ,MCRIP2,CSDE1,PRRC2B,RBM47,YTHDF1,CDC5L,TNRC6B,TOP3B,MARF1,LSM14A,ST7,ST7,IBTK,CNOT7,STAU1,CNOT2,RNF214,LSM4,CPEB4,CPSF1,XRN2,YTHDF2,ATXN2,G3BP1,CAPRIN1,DDX3X,SMG6,RBMS1,PABPC1,SDCCAG3,EXOSC10,CPSF1,PABPC1,MCRIP2,HDLBP,SUPT5H,RBMS1,EIF4A1,SMG7,ZCCHC11,CEP85,USP10,LARP4B,DDX3X,CSDE1,FMR1,SMAP2,DDX1,YTHDF1,SMG7,GTPBP1,GTPBP1,G3BP1,TBK1,SYNCRIP,STAU1,ATXN2,LSM2,DDX19B,RC3H1,TBK1,EXOSC10,EIF4A2,CPEB4,ELAVL1,CNOT6L,CDC5L,DAZL,CAPRIN1,NUFIP2,PARN,NXF1,TRIM25,ZC3HAV1,RBM47,TOP3B,SAMD4B,SYNCRIP,ZC3HAV1,CNOT7,HELZ,EXOSC10,DDX3X,LSM12,PAIP1,TOP3B,RNGTT,OTUD4,USP10,DDX19B,TNRC6C,LSM1,FAM120C,CPEB4,ILF3,TBK1,YTHDF3,YTHDF3,NCBP2,TBK1,CPEB4,TIA1,PUM1,GTPBP1,RC3H2,PAIP2,R3HDM2,LSM1,EIF4A1,SMG7,DCP1A,SYMPK,SYMPK,GRSF1,PATL1,R3HDM2,THOC1,HDLBP,CEP85,SUPT5H,YTHDF3,HELZ,DDX19B,HELZ,FAM120A,TNRC6C,CPSF1,LSM14A,RNF214,EXOSC10,CNOT6L,CDC5L,MKRN2,TRIM56,FUBP3,EDC3,NXF1,GLE1,MKRN2,EIF4ENIF1,THOC1,PDCD4,CAPRIN1,PAIP1,CEP85,IGF2BP2,KIAA0355,RBMS1,OTUD4,TNRC6A,UBAP2L,TNRC6A,TNRC6B,TRIM56,R3HDM2,UBAP2L,STAU1,CSDE1,UBAP2L,STRAP,CAPRIN1,ZC3H7A,KIF1B,XRN1,HDLBP,RNF214,FXR1,RNGTT,USP10,RC3H2,MARF1,RNF219,SMG6,CNOT7,EIF4A1,CSDE1,R3HDM2,ETF1,ELAVL1,KIAA1429,KIAA1429,GLE1,ALG13,RBMS1,CPSF1,NUFIP2,PUM1,FAM120A,DDX19B,MKRN2,TIA1,LSM12,FAM120A,NUFIP2,KIF1B,ATXN2,TNRC6A,TNRC6C,R3HDM2,EIF4A3,MCRIP2,GRSF1,EIF4A1,TNRC6A,EXOSC10,DDX20,TDRD3,STRAP,LSM2,RBMS1,LSM14A,EIF4ENIF1,UBAP2L,IBTK,IGF2BP1,SUPT5H,SAMD4B,CPEB4,NXF1,IBTK,CNOT6L,IPO11,ZCCHC11,KIAA0355,PRPF19,CPEB4,CAPRIN1,USP10,CDC5L,EIF4A1,IBTK,DAZL,R3HDM2,LSM2,MKRN2,LSM12,THOC1,ZC3H7A,ETF1,STRAP,YTHDF2,DAZL,RBMS1,EXOSC10,CNOT7,EIF4A1,ANKRD17,ZC3H7A,RNF214,DAZL,KIF1B,RBMS1,PRRC2B,RNF214,GTPBP1,FXR2,MARF1,KIAA1429,CNOT2,ANKRD17,HELZ,EIF4A3,KIAA1429,CTIF
MOV10,PUM1,CNOT7,SAMD4B,TOP3B,HELZ,CELF1,EIF4A2,NCBP2,RBM47,SYMPK,SAMD4B,ZCCHC11,DDX3X,GLE1,MCRIP2,SAMD4B,ANKRD17,LZTS2,TIA1,LARP4B,SMG6,PARN,FUBP3,DAZL,RNGTT,PRPF19,DDX1,G3BP1,SUPT5H,PRRC2B,TNRC6A,NCBP2,DCP1A,SAMD4B,IPO11,FUBP3,FMR1,FXR1,NXF1,PAIP2,SYNCRIP,DDX1,DDX1,CTIF,YTHDF1,DDX6,DDX19B,PRPF19,SMG7,EDC3,KIAA0355,XRN1,UNK,MARF1,SAMD4B,CNOT6L,MCRIP2,TNRC6C,EIF4ENIF1,DDX20,CDC5L,FAM120A,XRN1,YTHDF1,SMG6,GLE1,CTIF,RBMS1,UBAP2L,ETF1,STRAP,FAM120A,RBM47,EIF4A3,THOC1,EIF4ENIF1,FXR2,KIAA1429,ZFP36,DDX20,DDX1,RC3H1,DDX20,ILF3,CNOT6L,EXOSC10,STAU1,ZCCHC11,PRRC2A,FMR1,HELZ,CTIF,SYMPK,PDCD4,STRAP,DCP1A,ST7,SAMD4B,PDCD4,IPO11,PDCD4,ZC3HAV1,LSM1,LSM14A,SUPT5H,PRPF19,MKRN2,SUPT5H,PRRC2B,CPSF1,FUBP3,PUM1,RC3H1,KIF1B,RNF219,R3HDM2,TBK1,AGO2,ANKRD17,TNRC6C,CNOT6L,UBAP2L,DAZL,PARN,LARP4B,DCP1A,ELAVL1,RC3H2,STRAP,NCBP2,PABPC1,XRN1,TIA1,SMG7,ELAVL1,LSM1,PRRC2A,DDX1,IBTK,TIA1,EDC3,CTIF,ANKRD17,IGF2BP2,LSM1,TNRC6A,ZC3H7A,DDX20,TOP3B,SDCCAG3,CAPRIN1,EIF4A3,LSM4,ZC3H7A,YTHDF3,DDX3X,XRN1,TNRC6B,CEP85,DDX20,LSM12,PARN,RC3H2,PAIP1,GTPBP1,LSM2,TBK1,CTIF,SYNCRIP,UBAP2L,DDX19B,EIF4A1,CNOT6L,IBTK,CNOT6L,LARP4B,GRSF1,KIAA1429,CNOT2,ELAVL1,KIF1B,CNOT6L,MKRN2,LSM1,MEX3B,ZC3H7A,YTHDF1,PRPF19,EIF4A2,ANKRD17,DDX3X,ALG13,YTHDF2,TOP3B,FXR2,IGF2BP2,HELZ,PRPF19,DDX20,R3HDM2,XRN1,RBM47,CNOT2,HELZ,TDRD3,RNGTT,CAPRIN1,MOV10,YTHDF2,DDX20,GLE1,USP10,ETF1,G3BP1,DDX1,PAIP1,MKRN2,TRIM56,TDRD3,UBAP2L,MARF1,TNRC6C,PUM1,FUBP3,TRIM25,MOV10,MCRIP2,STAU1,SMG7,CDC5L,ILF3,KIAA1429,KIAA0355,CEP85,DAZL,TNRC6A,XRN1,KIAA0355,GRSF1,USP10,SYMPK,RC3H2,CNOT6L,CAPRIN1,LSM1,TNRC6C,RNF214,FXR2,ATXN2,GTPBP1,PUM1,CAPRIN1,TIA1,LSM4,CAPRIN1,YTHDF1,ZCCHC11,CEP85,HELZ,LZTS2,CNOT7,SMG6,DDX19B,FXR2,KIF1B,PATL1,CNOT1,ILF3,PRRC2A,SDCCAG3,SYMPK,RNGTT,SMG6,GLE1,ELAVL1,CDC5L,TRIM25,ZFP36,GRSF1,PRPF19,DDX20,PAIP1,RNF214,LSM2,FUBP3,TBK1,HELZ,UBAP2L,MARF1,TDRD3,MOV10,TIA1,ZCCHC11,ZFP36,THOC1,FMR1,PDCD4,PATL1,TRIM56,EXOSC10,ELAVL1,GLE1,EIF4A3,HELZ,PAIP2,PRRC2A,MCRIP2,MCRIP2,IPO11,EIF4A1,HELZ,IBTK,KIF1B,KIAA0355,PUM1,IPO11,YTHDF1,MARF1,TNRC6A,XRN1,HDLBP,AGO2,FXR2,TOP3B,MKRN2,CNOT1,SMG6,CELF1,SAMD4B,CEP85,RNF214,IBTK,MARF1,FAM120A,CTIF,YTHDF3,EIF4A2,R3HDM2,ILF3,CPEB4,STRAP,ZCCHC11,DCP1A,PUM1,LSM12,DAZL,PRRC2A,SAMD4B,SYMPK,RNGTT,ST7,YTHDF1,SMG7,EDC3,HDLBP,LARP4B,RNF214,LSM12,PAIP1,MARF1,EIF4A1,CNOT6L,FMR1,TNRC6B,G3BP1,CSDE1,PAIP2,MKRN2,PAIP2,TOP3B,ZC3HAV1,DAZL,PRRC2B,ALG13,NUFIP2,IBTK,EXOSC10,CEP85,EIF4A3,UNK,YTHDF3,UBAP2L,R3HDM2,KIAA1429,SYNCRIP,MEX3B,ZC3HAV1,KIAA1429,DDX20,EIF4A2,HDLBP,UNK,IBTK,KIAA0355,XRN2,NCBP2,UNK,MCRIP2,PRPF19,PATL1,G3BP1,ANKRD17,CNOT7,RC3H2,PABPC1,SUPT5H,ZFP36,RNF214,RNF214,CPSF1,RNF219,YTHDF1,CDC5L,FXR1,CNOT7,RC3H2,PUM1,CNOT1,ELAVL1,MARF1,EIF4A2,ST7,SUPT5H,RNGTT,PRPF19,ZC3H7A,EIF4A1,EIF4A2,DDX20,SMG6,DDX6,ILF3,EIF4A2,IBTK,DDX3X,TNRC6A,FAM120C,PARN,DCP1A,PDCD4,EXOSC10,RC3H1,GLE1,SDCCAG3,TRIM25,HELZ,ATXN2,R3HDM2,LZTS2,LARP4B,CNOT1,MARF1,PAIP2,DDX19B,LZTS2,MOV10,RNF219,GRSF1,ZCCHC11,PABPC1,SMG6,CTIF,FXR2,FMR1,TNRC6A,RBMS1,LARP4B,PDCD4,NUFIP2,LSM12,HDLBP,SAMD4B,CPEB4,LSM4,ZFP36,KIF1B,MKRN2,SMG6,CELF1,CPSF1,RBMS1,NCBP2,TRIM56,R3HDM2,ALG13,RBMS1,RNGTT,THOC1,G3BP1,DDX20,PDCD4,LARP4B,CAPRIN1,CNOT1,LZTS2,PARN,CNOT7,DDX6,MEX3B,RNGTT,MCRIP2,SAMD4B,HDLBP,CNOT6L,CAPRIN1,PARN,CPSF1,KIAA0355,PUM1
SMG7,STRAP,SUPT5H,UNK,ZC3HAV1,PRPF19,MEX3B,EIF4A1,CELF1,PRRC2B,LARP4B,XRN2,RBMS1,TRIM56,ST7,RBM47,EXOSC10,IGF2BP1,CNOT7,FAM120C,G3BP1,FUBP3,DCP1A,CNOT9,SAMD4B,PAIP1,R3HDM2,FMR1,CPEB4,LZTS2,AGO2,DAZL,FAM120A,CAPRIN1,NUFIP2,G3BP1,PAIP2,PAIP1,CEP85,SYNCRIP,YTHDF1,UBAP2L,EIF4ENIF1,UBAP2L,SYNCRIP,SMG7,FMR1,SMG7,RNGTT,ZC3H7A,GRSF1,PAIP2,MOV10,NCBP2,EXOSC10,EIF4A1,PARN,TNRC6B,IPO11,ZFP36,CAPRIN1,SAMD4B,LSM4,ZFP36,CAPRIN1,YTHDF2,ATXN2,GTPBP1,AGO2,LZTS2,DDX19B,MARF1,RNGTT,KIAA1429,MARF1,G3BP1,TNRC6A,PUM1,IPO11,RC3H2,DDX1,PRRC2B,PRRC2B,RNF214,HELZ,CNOT9,THOC1,RC3H1,TNRC6B,DCP1A,RC3H2,CTIF,ALG13,FXR1,ZC3HAV1,PRRC2B,RNF219,ATXN2,IPO11,EIF4A3,PAIP1,RBMS1,UBAP2L,ZC3HAV1,EIF4ENIF1,DCP1A,LZTS2,GTPBP1,IPO11,SYNCRIP,DDX19B,R3HDM2,ZCCHC11,ALG13,EXOSC10,TOP3B,GRSF1,NUFIP2,MOV10,CEP85,ZCCHC11,ZCCHC11,LZTS2,DDX3X,ZCCHC11,DDX1,AGO2,PATL1,PRPF19,RBM47,ILF3,R3HDM2,DDX3X,FXR1,THOC1,KIAA1429,ST7,FAM120A,AGO2,TNRC6C,RC3H2,ETF1,ANKRD17,CAPRIN1,TNRC6C,CNOT2,ZC3H7A,CELF1,CNOT2,MOV10,SYNCRIP,CNOT2,ATXN2,CNOT1,DDX20,SAMD4B,CDC5L,KIF1B,RNGTT,GLE1,ST7,TIA1,SYMPK,LSM2,FXR1,IPO11,FXR1,RBMS1,PARN,DDX20,ATXN2,SMAP2,SUPT5H,LARP4B,DDX1,PDCD4,ELAVL1,SMG7,EXOSC10,PAIP1,G3BP1,DDX20,XRN2,PRRC2A,TRIM56,DDX20,TIA1,UNK,R3HDM2,CNOT9,ELAVL1,MOV10,UNK,ST7,RBMS1,CNOT7,R3HDM2,TBK1,THOC1,SYMPK,USP10,SMAP2,THOC1,IPO11,CPEB4,LSM14A,ALG13,GRSF1,AGO2,CNOT2,EDC3,IBTK,DAZL,DCP1A,CNOT2,DAZL,MEX3B,STRAP,TNRC6A,R3HDM2,CDC5L,DAZL,FAM120A,CNOT1,PATL1,RBM47,THOC1,CNOT9,PUM1,EIF4A1,LSM4,ZC3H7A,TIA1,MARF1,MOV10,G3BP1,SMG6,ILF3,CEP85,RNGTT,DDX3X,MEX3B,CDC5L,CNOT7,KIF1B,TRIM25,GTPBP1,TRIM25,IGF2BP2,YTHDF3,LSM12,STRAP,IPO11,ETF1,CNOT9,KIF1B,GRSF1,RC3H1,ZC3HAV1,SUPT5H,PARN,LSM4,THOC1,PUM1,CPSF1,YTHDF1,RC3H1,CDC5L,CPEB4,PRPF19,ALG13,TNRC6B,LSM4,CNOT7,HDLBP,SMG6,ZC3HAV1,R3HDM2,PAIP1,CNOT7,SMAP2,CNOT6L,PARN,PABPC1,YTHDF1,ST7,CNOT1,HDLBP,LSM2,SMAP2,NUFIP2,DDX20,SMG7,RNGTT,SMG6,SMG6,LZTS2,DDX3X,MOV10,CNOT2,NUFIP2,YTHDF3,EXOSC10,HDLBP,TBK1,PUM1,LARP4B,ST7,SMG7,CNOT2,SMAP2,EIF4A3,CNOT2,EXOSC10,ILF3,RC3H2,EIF4ENIF1,ZFP36,ATXN2,TNRC6C,AGO2,STAU1,SUPT5H,XRN1,RC3H2,XRN2,FXR2,FMR1,FXR1,G3BP1,PDCD4,SUPT5H,DDX3X,ETF1,TNRC6C,CPEB4,FXR1,SUPT5H,KIAA0355,EIF4A1,SMG7,EIF4A2,MCRIP2,LSM4,TNRC6A,R3HDM2,YTHDF2,SUPT5H,LSM12,TNRC6A,CTIF,ALG13,YTHDF3,CSDE1,ALG13,PAIP2,ILF3,RNGTT,DAZL,ETF1,RC3H2,KIF1B,DDX20,CNOT7,FAM120A,XRN1,XRN2,ILF3,THOC1,DDX3X,MCRIP2,DCP1A,NXF1,TBK1,LZTS2,LSM4,IGF2BP2,RC3H1,ZCCHC11,RBM47,TNRC6A,RC3H1,PAIP2,ETF1,SMG6,G3BP1,ST7,DDX1,IGF2BP1,FAM120A,PAIP2,LZTS2,USP10,THOC1,R3HDM2,SUPT5H,HDLBP,NXF1,DAZL,IPO11,PRRC2A,TNRC6B,FAM120A,PAIP2,MEX3B,NUFIP2,FAM120C,ST7,MEX3B,PDCD4,IPO11,CEP85,LSM4,RNF219,IGF2BP1,USP10,LSM14A,EIF4ENIF1,EIF4A3,CSDE1,PRRC2B,SDCCAG3,FXR1,KIAA1429,KIAA0355,LSM12,GTPBP1,PABPC1,PAIP2,RBM47,STAU1,HELZ,THOC1,TNRC6A,SYMPK,XRN2,TRIM56,IGF2BP1,NCBP2,EIF4ENIF1,DDX1,TDRD3,CDC5L,RNF219,FXR2,CPEB4,MKRN2,EIF4A2,CSDE1,SAMD4B,YTHDF1,CNOT6L,TNRC6C,RBMS1,ELAVL1,XRN2,ELAVL1,TIA1,ZC3H7A,RNF219,PAIP2,CNOT1,THOC1,CELF1,IPO11,MEX3B,ETF1,XRN2,OTUD4,AGO2,TRIM25,DDX19B,UBAP2L,PRPF19,LZTS2,MOV10,HELZ,LARP4B,CAPRIN1,XRN1,EXOSC10,DDX20,ZC3HAV1,PRRC2A,FUBP3,YTHDF2,ELAVL1,TDRD3,ZCCHC11,LSM2,USP10,NXF1,LSM2,RC3H2,GTPBP1,RC3H2,NXF1,DCP1A,MCRIP2,RBMS1,CPEB4,CDC5L,CNOT1,ZC3HAV1,SMG7,PRRC2A,TOP3B,RNF219,CPSF1,IPO11
LSM14A,CPSF1,ZFP36,LSM1,IGF2BP2,CNOT9,DDX20,YTHDF3,KIAA0355,FAM120A,RBM47,EIF4A1,FXR1,TIA1,DCP1A,NXF1,EIF4A1,CTIF,YTHDF1,ZC3H7A,SAMD4B,SAMD4B,LSM2,KIAA1429,MOV10,EIF4A2,CSDE1,ILF3,MCRIP2,MOV10,KIAA0355,LARP4B,SMAP2,KIAA0355,CNOT2,CNOT7,EXOSC10,PATL1,SAMD4B,LSM1,STRAP,RC3H1,YTHDF3,PDCD4,RC3H2,IPO11,SUPT5H,YTHDF1,CNOT6L,UNK,FXR2,XRN1,MEX3B,EIF4ENIF1,SAMD4B,SMG7,NCBP2,SAMD4B,CTIF,LZTS2,ALG13,RBMS1,HDLBP,R3HDM2,LSM12,USP10,ZCCHC11,ALG13,DDX6,ALG13,CNOT1,TRIM25,YTHDF3,CNOT7,LSM4,ZFP36,ST7,CPSF1,RNF219,ST7,SDCCAG3,IGF2BP1,CELF1,MOV10,SYMPK,LSM14A,CPSF1,RNF219,CDC5L,CNOT1,CNOT9,TDRD3,FAM120A,KIF1B,ZFP36,EXOSC10,LSM2,NXF1,AGO2,TNRC6A,EIF4A3,GRSF1,ZCCHC11,IGF2BP1,RBMS1,FXR2,DAZL,SYNCRIP,EXOSC10,ZCCHC11,TDRD3,EIF4A2,KIF1B,LSM1,DDX1,XRN2,ZC3H7A,TRIM25,HDLBP,KIF1B,ETF1,PAIP2,ANKRD17,IGF2BP1,RC3H2,ZFP36,GRSF1,PRRC2A,ZCCHC11,RNGTT,IGF2BP2,CAPRIN1,USP10,SAMD4B,EIF4ENIF1,R3HDM2,CDC5L,LZTS2,NXF1,KIAA1429,CAPRIN1,TNRC6C,KIAA0355,YTHDF3,RNGTT,STAU1,TNRC6C,GLE1,RNGTT,CNOT9,ZCCHC11,DDX20,DDX20,MEX3B,STAU1,AGO2,CSDE1,GLE1,ALG13,TRIM56,LSM12,LSM2,R3HDM2,AGO2,LSM4,DDX20,FAM120A,KIAA0355,KIF1B,GTPBP1,CNOT6L,RBMS1,NCBP2,CDC5L,ZC3H7A,XRN1,LSM14A,IPO11,SMAP2,FMR1,PRRC2A,XRN2,KIAA1429,YTHDF1,KIAA0355,CNOT6L,PAIP2,DDX1,XRN1,TIA1,RBM47,GRSF1,TNRC6A,TOP3B,EIF4ENIF1,RNGTT,LSM1,CAPRIN1,LSM14A,SMG7,IGF2BP2,SYMPK,CDC5L,GLE1,RNF214,STAU1,GTPBP1,SAMD4B,NXF1,PUM1,TIA1,SMG6,MOV10,CAPRIN1,NCBP2,LSM1,RBM47,LZTS2,YTHDF2,KIAA0355,EIF4A2,USP10,RBM47,FAM120A,TBK1,XRN1,GLE1,PABPC1,SYNCRIP,EXOSC10,DDX1,SMG7,CNOT1,CNOT9,DCP1A,RC3H1,SDCCAG3,CDC5L,TNRC6B,MOV10,STAU1,ZC3HAV1,CSDE1,PABPC1,PRRC2A,RBM47,CNOT7,PRRC2B,NCBP2,ELAVL1,AGO2,LZTS2,IBTK,ELAVL1,FXR2,MEX3B,RNF214,DDX19B,TNRC6C,TDRD3,UNK,DDX6,FAM120C,MKRN2,PUM1,MARF1,DAZL,SDCCAG3,SDCCAG3,MARF1,EIF4A3,EIF4ENIF1,ATXN2,TBK1,GRSF1,LSM12,KIAA1429,SMG6,KIAA0355,CNOT1,ZCCHC11,PABPC1,CNOT1,CPEB4,LARP4B,SYMPK,GLE1,DDX20,ZC3HAV1,ZFP36,G3BP1,YTHDF1,LARP4B,EIF4A1,CDC5L,PUM1,KIAA0355,MARF1,ZFP36,FMR1,CSDE1,RNF219,KIF1B,DDX6,ZC3H7A,LSM4,SDCCAG3,RNGTT,KIAA0355,KIF1B,PABPC1,PUM1,THOC1,FMR1,G3BP1,KIAA1429,IGF2BP1,PUM1,TNRC6A,YTHDF3,TNRC6C,DDX19B,TBK1,MKRN2,CPSF1,PATL1,ZCCHC11,NXF1,XRN2,TOP3B,TRIM56,CAPRIN1,SYNCRIP,EDC3,FXR1,GLE1,STAU1,GTPBP1,MEX3B,ANKRD17,RC3H2,DDX3X,KIF1B,FUBP3,PABPC1,AGO2,PRRC2B,ZC3H7A,CNOT7,HDLBP,CNOT6L,YTHDF2,ATXN2,CNOT7,RC3H1,KIAA1429,SMG7,GRSF1,GTPBP1,CAPRIN1,RBM47,DDX20,FXR2,ZC3H7A,EIF4A1,FXR2,ATXN2,DDX6,CNOT7,NXF1,LZTS2,MOV10,UBAP2L,DDX6,NUFIP2,FUBP3,SMG6,SAMD4B,YTHDF1,CPSF1,DDX19B,ELAVL1,ALG13,FMR1,RBM47,GTPBP1,NCBP2,GRSF1,ETF1,IGF2BP1,TDRD3,TOP3B,EIF4ENIF1,CNOT6L,CAPRIN1,PRRC2B,ZFP36,STAU1,DDX1,ZCCHC11,FUBP3,MARF1,DDX6,MOV10,FXR2,MOV10,RNGTT,SDCCAG3,TRIM25,DDX1,ST7,ZFP36,KIAA1429,CNOT9,ST7,FXR1,KIAA0355,THOC1,SYNCRIP,KIAA0355,CNOT9,KIAA1429,SYMPK,TIA1,RC3H2,AGO2,LSM4,LZTS2,UNK,CDC5L,ALG13,PRRC2A,RNGTT,YTHDF1,PARN,DCP1A,CSDE1,PRRC2B,MCRIP2,FXR2,DDX20,OTUD4,DDX20,SYMPK,FUBP3,DDX6,FAM120C,TNRC6B,RNGTT,THOC1,IPO11,KIAA0355,PABPC1,RBM47,IGF2BP2,CNOT2,SAMD4B,NXF1,PAIP2,RNF214,LSM2,CTIF,HDLBP,G3BP1,LSM4,RNF214,LZTS2,STAU1,CNOT1,STRAP,EIF4A1,ETF1,MKRN2,DDX19B,GTPBP1,RNGTT,PRRC2B,PATL1,ST7,ZFP36,DDX1,ST7,TOP3B,UNK,RBMS1,LSM1,FAM120A,TNRC6C,PABPC1,LARP4B,CPEB4,SAMD4B,ATXN2,SMG7,SYNCRIP,ATXN2,ELAVL1,RBM47,CNOT7,LSM4,SMG7,ELAVL1,MOV10,SUPT5H,ATXN2,LZTS2,PAIP1,GRSF1,MEX3B,EXOSC10
EIF4A3,SYMPK,UBAP2L,PARN,STRAP,SYNCRIP,DAZL,TRIM25,MKRN2,CPSF1,MKRN2,CNOT9,MOV10,STRAP,RBMS1,SUPT5H,ETF1,KIAA0355,LARP4B,MARF1,LSM4,MARF1,ELAVL1,NCBP2,CNOT9,ZC3HAV1,ZFP36,IPO11,MOV10,XRN1,ZC3H7A,ATXN2,CNOT9,ZC3HAV1,PATL1,YTHDF3,TOP3B,TNRC6A,MEX3B,SMG6,GLE1,TNRC6C,GLE1,EDC3,MKRN2,PRRC2B,TRIM25,CTIF,KIF1B,ZFP36,PUM1,LSM2,DDX20,SDCCAG3,RC3H1,SMAP2,THOC1,PARN,ST7,AGO2,DDX3X,G3BP1,LSM14A,UNK,TNRC6B,ZCCHC11,LSM4,PABPC1,ANKRD17,EIF4ENIF1,LSM12,CNOT2,R3HDM2,GRSF1,RBM47,SAMD4B,DCP1A,PAIP2,ATXN2,CSDE1,HELZ,ZCCHC11,IPO11,TNRC6B,ELAVL1,YTHDF1,GLE1,YTHDF3,LARP4B,CTIF,MCRIP2,CNOT7,RNF219,RBM47,FXR1,TNRC6C,KIF1B,PAIP1,CNOT1,LSM2,PABPC1,RNGTT,CNOT9,SUPT5H,MARF1,CNOT6L,STAU1,PABPC1,MKRN2,SDCCAG3,DDX20,PRRC2A,CDC5L,PRRC2B,DAZL,CNOT1,YTHDF2,UBAP2L,ILF3,TOP3B,EIF4A3,CNOT9,EIF4A1,CTIF,GRSF1,CNOT7,NCBP2,YTHDF3,FAM120A,NUFIP2,UBAP2L,DDX6,PAIP1,UBAP2L,MARF1,OTUD4,EIF4ENIF1,TNRC6A,GTPBP1,IGF2BP2,MOV10,DDX20,LZTS2,PRPF19,PUM1,SMG6,IGF2BP1,USP10,SUPT5H,FAM120A,ZFP36,RBMS1,GRSF1,G3BP1,MARF1,EXOSC10,STRAP,TRIM25,CNOT9,ATXN2,GLE1,ALG13,TOP3B,HDLBP,THOC1,NUFIP2,NUFIP2,UBAP2L,PRRC2A,HELZ,ZC3HAV1,STRAP,CEP85,TDRD3,SMG6,USP10,CNOT7,YTHDF1,SYNCRIP,USP10,TNRC6A,R3HDM2,ILF3,FAM120C,IBTK,PAIP1,RNF219,PATL1,CEP85,CNOT7,RNF214,XRN2,GLE1,CNOT1,MEX3B,FXR1,EIF4A3,TRIM25,CNOT6L,CNOT7,TDRD3,IBTK,IBTK,FUBP3,EIF4A1,RC3H1,MEX3B,RC3H2,PDCD4,FUBP3,PATL1,LSM12,RNGTT,CTIF,RNF214,CPSF1,LSM14A,PAIP1,FXR1,MKRN2,TDRD3,EDC3,CDC5L,TDRD3,LSM14A,STAU1,EIF4A3,CELF1,G3BP1,CNOT2,SMG6,TNRC6C,G3BP1,UNK,RC3H1,CELF1,XRN1,RBMS1,IGF2BP2,ZFP36,TRIM56,LZTS2,EIF4ENIF1,LZTS2,EIF4ENIF1,CSDE1,TIA1,STAU1,CDC5L,RC3H1,ZC3HAV1,LSM4,FXR1,SMG6,PATL1,DDX6,FAM120C,TBK1,PARN,EXOSC10,RBMS1,CPSF1,FAM120A,PAIP2,CEP85,STRAP,MKRN2,TIA1,XRN2,XRN1,FAM120C,ILF3,HDLBP,EDC3,CNOT6L,DDX6,IGF2BP2,DDX3X,EIF4A2,ILF3,PAIP1,LSM4,SUPT5H,FXR1,RNF219,XRN1,TIA1,MEX3B,R3HDM2,MCRIP2,TNRC6A,LSM4,XRN1,HDLBP,MARF1,LSM4,TNRC6A,UBAP2L,EIF4A2,EXOSC10,SDCCAG3,LSM4,EIF4A1,MCRIP2,GTPBP1,DDX1,CDC5L,XRN1,DCP1A,YTHDF1,AGO2,RNF214,DDX6,RNF214,DDX1,PAIP2,GRSF1,KIF1B,MCRIP2,TOP3B,ILF3,ILF3,CNOT9,RNF214,MARF1,KIAA0355,TIA1,TBK1,CNOT6L,GLE1,CNOT1,CNOT9,PUM1,CNOT7,IPO11,PATL1,ZC3H7A,ZFP36,LSM2,TRIM56,FUBP3,IGF2BP1,LZTS2,LSM14A,DDX3X,RC3H1,MARF1,DDX1,PATL1,SDCCAG3,EIF4ENIF1,CAPRIN1,TDRD3,XRN2,LSM12,DDX1,GTPBP1,FUBP3,NUFIP2,RC3H1,LSM4,DAZL,EXOSC10,SMG6,ILF3,AGO2,RNGTT,THOC1,SMG6,KIAA1429,LSM1,EIF4A2,ZC3HAV1,PUM1,KIAA0355,LZTS2,EIF4ENIF1,TOP3B,ZFP36,NXF1,FXR2,CAPRIN1,R3HDM2,TNRC6B,TRIM25,ST7,HELZ,TRIM25,MKRN2,CPSF1,YTHDF1,STRAP,KIAA1429,ZFP36,PRRC2A,RC3H2,CNOT1,USP10,PABPC1,TNRC6B,TRIM25,YTHDF2,OTUD4,CNOT9,PDCD4,HELZ,CELF1,STRAP,CPSF1,PAIP2,TIA1,DDX3X,ZC3HAV1,TNRC6B,AGO2,CEP85,YTHDF1,SAMD4B,YTHDF1,TRIM25,ANKRD17,CPSF1,CNOT1,KIAA0355,LSM4,TNRC6B,RC3H2,CNOT2,YTHDF3,THOC1,FUBP3,PAIP1,RC3H2,PAIP1,NUFIP2,CNOT7,LSM2,OTUD4,ZFP36,EXOSC10,FAM120A,MEX3B,SYNCRIP,DDX3X,CAPRIN1,ZCCHC11,ZC3H7A,LSM12,CEP85,IBTK,LSM2,GTPBP1,EIF4ENIF1,STAU1,MARF1,STRAP,ETF1,THOC1,SDCCAG3,UNK,CNOT1,ATXN2,TNRC6B,EIF4A1,MOV10,TNRC6B,SMAP2,LSM12,EXOSC10,CNOT6L,MOV10,YTHDF3,PRPF19,ZCCHC11,PAIP1,PAIP1,DDX19B,KIAA0355,PATL1,GTPBP1,LSM14A,KIF1B,CNOT9,LSM14A,EIF4A3,XRN1,CDC5L,LZTS2,ZC3H7A,ANKRD17,RC3H1,SYMPK,SMG7,TBK1,PRRC2A,DDX20,SMG7,STRAP,SDCCAG3,ZC3H7A,STRAP,CNOT1,IGF2BP1,TNRC6C,TBK1,MCRIP2,RNF214,THOC1,PRPF19,LSM2
RNF214,PDCD4,STAU1,DDX3X,XRN2,EIF4A1,KIAA0355,SMAP2,ANKRD17,R3HDM2,IGF2BP2,EXOSC10,CTIF,TOP3B,XRN1,CPSF1,PAIP1,OTUD4,OTUD4,KIAA0355,FMR1,RBMS1,THOC1,FAM120C,ST7,DDX1,USP10,TRIM56,GRSF1,DDX19B,RC3H2,YTHDF3,TNRC6A,GRSF1,CPEB4,IBTK,TBK1,G3BP1,RBMS1,RBMS1,IPO11,TIA1,SYNCRIP,TRIM25,PABPC1,MCRIP2,DAZL,CPEB4,OTUD4,PUM1,KIAA0355,CAPRIN1,DDX19B,IGF2BP2,FMR1,TIA1,YTHDF3,FMR1,IGF2BP2,SMG6,GTPBP1,UBAP2L,MOV10,MKRN2,CEP85,CELF1,ZFP36,XRN2,LSM14A,ST7,CAPRIN1,RNF219,CSDE1,PAIP2,TNRC6C,ATXN2,IBTK,MEX3B,GTPBP1,THOC1,RBM47,SUPT5H,FAM120C,RC3H2,YTHDF2,CPEB4,RNF214,ETF1,EDC3,FMR1,EIF4A2,PABPC1,LZTS2,EIF4A2,KIF1B,CAPRIN1,EIF4A2,ZC3HAV1,UNK,SMAP2,YTHDF3,TRIM25,CNOT6L,CNOT9,KIAA0355,RBMS1,CNOT7,MCRIP2,SYMPK,STRAP,FUBP3,GTPBP1,PABPC1,CNOT7,CNOT7,SMG7,TRIM25,FXR2,PAIP2,OTUD4,LSM2,TRIM25,TIA1,PUM1,CPSF1,EIF4ENIF1,SDCCAG3,YTHDF2,OTUD4,SUPT5H,CNOT1,LZTS2,SYMPK,SMG7,LSM1,ZC3HAV1,LARP4B,G3BP1,LSM14A,TBK1,EDC3,HDLBP,SYNCRIP,SYNCRIP,SMG6,ST7,MCRIP2,ATXN2,MARF1,LSM14A,IGF2BP2,TBK1,CELF1,CSDE1,CNOT2,NCBP2,CNOT9,DDX19B,RC3H2,CPSF1,ALG13,MARF1,LSM4,CNOT9,ALG13,LSM14A,UBAP2L,SUPT5H,RNF219,CDC5L,CDC5L,PUM1,SYMPK,FXR1,NUFIP2,EXOSC10,NUFIP2,IBTK,RNF214,CTIF,IGF2BP1,NCBP2,NUFIP2,LARP4B,TRIM25,TNRC6C,USP10,DDX19B,EDC3,TOP3B,CELF1,FMR1,PUM1,GRSF1,YTHDF1,PATL1,FXR1,LSM1,CNOT2,ZCCHC11,ZC3HAV1,STAU1,YTHDF3,CDC5L,CNOT2,PDCD4,AGO2,GTPBP1,MCRIP2,MOV10,EIF4A3,DCP1A,CELF1,SMG7,DDX3X,TNRC6A,LSM4,RNF219,ILF3,CDC5L,LSM14A,CNOT7,RC3H1,XRN1,LSM12,NCBP2,EIF4ENIF1,TRIM25,FAM120A,ANKRD17,KIF1B,FXR2,KIF1B,SDCCAG3,PUM1,SYNCRIP,UNK,IGF2BP1,TBK1,KIF1B,SYMPK,MOV10,LZTS2,MARF1,SAMD4B,ATXN2,SYMPK,ELAVL1,AGO2,HELZ,ST7,G3BP1,PDCD4,EIF4A2,MEX3B,SMG6,EIF4A1,PRRC2B,SDCCAG3,FUBP3,CTIF,UNK,IGF2BP1,ANKRD17,CNOT6L,ANKRD17,EIF4A2,PDCD4,PAIP1,PABPC1,DCP1A,LSM12,GTPBP1,DDX19B,ELAVL1,RC3H1,XRN2,YTHDF1,RNGTT,STAU1,FXR2,MCRIP2,RNGTT,CNOT9,SYMPK,KIAA1429,CNOT9,CNOT9,MARF1,LSM1,LSM1,MCRIP2,NXF1,PRRC2A,NXF1,RBMS1,EIF4A3,OTUD4,XRN2,CELF1,CTIF,RBM47,MKRN2,ZCCHC11,RC3H1,IGF2BP2,RBM47,DDX6,CNOT7,SAMD4B,LZTS2,IGF2BP1,RC3H1,USP10,SYNCRIP,PRPF19,FAM120C,PDCD4,IBTK,DDX6,TBK1,STRAP,TNRC6B,SMG7,DAZL,PUM1,IGF2BP2,GTPBP1,DDX6,UNK,ANKRD17,SMG7,ZC3H7A,FAM120C,LZTS2,RNF219,CELF1,TBK1,LSM14A,UBAP2L,CDC5L,PABPC1,TOP3B,PARN,MKRN2,ST7,TIA1,SMAP2,CAPRIN1,CNOT1,SAMD4B,ILF3,AGO2,CDC5L,DAZL,CNOT7,IPO11,GTPBP1,MEX3B,LSM4,KIF1B,YTHDF1,USP10,FXR2,SAMD4B,LSM14A,STRAP,ZC3HAV1,KIF1B,FMR1,RC3H1,EIF4A3,FXR1,CNOT1,MEX3B,TDRD3,PRPF19,KIF1B,NXF1,RNF214,KIF1B,LZTS2,IPO11,EDC3,ZC3HAV1,HELZ,XRN1,CNOT1,SMAP2,CSDE1,CPSF1,FXR1,LSM4,R3HDM2,PARN,DDX20,MEX3B,RC3H1,NCBP2,RNGTT,EIF4ENIF1,RNGTT,AGO2,CAPRIN1,SYMPK,ELAVL1,SMG7,PRPF19,DAZL,EIF4A3,PAIP1,GTPBP1,RNF219,PRRC2A,UNK,OTUD4,TNRC6A,EIF4A3,ANKRD17,RNGTT,YTHDF1,PAIP2,TNRC6C,RNF219,ST7,UBAP2L,PATL1,YTHDF1,RC3H1,SDCCAG3,CNOT7,SMAP2,CEP85,TDRD3,MEX3B,RNF214,XRN1,MCRIP2,G3BP1,ZCCHC11,ELAVL1,ILF3,PABPC1,IGF2BP1,MOV10,PAIP1,SMG7,YTHDF3,PRPF19,YTHDF3,ZCCHC11,IPO11,USP10,XRN2,LZTS2,PABPC1,NXF1,SYNCRIP,STAU1,NCBP2,UBAP2L,RC3H1,SMG6,LZTS2,PDCD4,CPEB4,LSM4,GLE1,LSM4,SMG6,SUPT5H,EIF4A2,PARN,RNGTT,IPO11,RBM47,ST7,CTIF,OTUD4,MCRIP2,KIAA0355,SUPT5H,USP10,IGF2BP1,YTHDF3,SMG7,KIAA0355,CTIF,LSM2,CAPRIN1,PRRC2B,GTPBP1,RBMS1,XRN1,EXOSC10,UBAP2L,SYMPK,YTHDF3,STAU1,PAIP1,G3BP1,SMG7,EIF4A3,CDC5L,SDCCAG3,FXR1,LSM12,CNOT7,IGF2BP1,RNGTT
MKRN2,USP10,ZC3HAV1,EDC3,KIAA1429,ZC3HAV1,FXR1,ZCCHC11,TOP3B,CNOT6L,FMR1,LSM2,DDX3X,OTUD4,CNOT9,TNRC6B,LZTS2,ELAVL1,MCRIP2,XRN1,ILF3,MEX3B,NCBP2,DDX3X,IGF2BP1,OTUD4,DCP1A,DAZL,SUPT5H,THOC1,PABPC1,TOP3B,ELAVL1,TRIM56,DDX1,HELZ,SMG7,FAM120A,LSM12,LSM4,HELZ,OTUD4,LZTS2,ATXN2,GTPBP1,UBAP2L,NUFIP2,RNF219,ALG13,USP10,DAZL,LARP4B,TBK1,SMG7,ILF3,PUM1,R3HDM2,HDLBP,PAIP1,OTUD4,CELF1,LSM12,CNOT9,LSM2,NXF1,CDC5L,PRPF19,TIA1,ILF3,XRN2,SMG7,EXOSC10,LSM12,TDRD3,RNGTT,MKRN2,LSM2,IBTK,PATL1,SYMPK,GRSF1,RC3H2,XRN1,SYNCRIP,PUM1,UBAP2L,IBTK,USP10,FAM120A,ST7,XRN1,XRN1,EIF4A2,EXOSC10,ALG13,STAU1,YTHDF1,GRSF1,LSM12,RNF214,IGF2BP1,OTUD4,STAU1,LSM2,SAMD4B,EIF4A1,OTUD4,KIF1B,ZC3HAV1,PAIP2,UBAP2L,CNOT7,STRAP,SYNCRIP,SMAP2,ALG13,LZTS2,IGF2BP2,RC3H1,FXR1,DDX3X,ALG13,TBK1,TOP3B,UNK,AGO2,RNF219,KIAA0355,TNRC6A,IGF2BP1,NXF1,PRRC2B,CNOT7,SYMPK,LSM4,ZFP36,CNOT7,CNOT7,CEP85,CPEB4,SYNCRIP,ANKRD17,SAMD4B,MEX3B,GTPBP1,PAIP1,MKRN2,RNF214,OTUD4,SUPT5H,CSDE1,YTHDF2,TDRD3,ST7,RC3H2,PAIP1,XRN2,LSM14A,XRN2,PRRC2B,ILF3,KIAA0355,PDCD4,RBMS1,TNRC6A,TBK1,EIF4A3,RNF219,MOV10,FAM120A,CELF1,IGF2BP2,FXR1,LZTS2,ELAVL1,TRIM56,FUBP3,YTHDF2,NUFIP2,IGF2BP1,CDC5L,MKRN2,CTIF,GRSF1,CPSF1,MARF1,UNK,LSM2,TIA1,ELAVL1,GTPBP1,LZTS2,CNOT9,DDX3X,IGF2BP1,MEX3B,CAPRIN1,CNOT2,CELF1,PAIP1,FXR2,FAM120A,YTHDF1,PABPC1,OTUD4,TNRC6B,UBAP2L,TOP3B,PRRC2A,TDRD3,EIF4A2,ZFP36,XRN2,RC3H2,DDX6,DCP1A,ZCCHC11,CPEB4,GLE1,MCRIP2,CPEB4,PAIP2,THOC1,LZTS2,EIF4A1,HDLBP,NXF1,TBK1,IGF2BP1,CEP85,YTHDF1,LARP4B,XRN1,XRN2,EDC3,PRPF19,CDC5L,LSM14A,DAZL,DDX20,NXF1,PRPF19,CNOT1,CSDE1,SMAP2,THOC1,LSM4,SYMPK,HDLBP,TNRC6A,YTHDF2,MARF1,RC3H2,FXR1,CNOT6L,MCRIP2,XRN2,UBAP2L,FAM120C,G3BP1,NCBP2,PRRC2A,ILF3,CEP85,LARP4B,PAIP1,EIF4A1,RBMS1,FXR2,LSM14A,TNRC6A,ST7,SMAP2,EIF4A1,TRIM56,KIAA0355,IBTK,RC3H1,PARN,FAM120C,XRN1,RBM47,TRIM56,ANKRD17,LSM14A,RC3H1,CNOT7,RNGTT,CDC5L,EIF4ENIF1,PDCD4,ZFP36,GRSF1,EDC3,SMG7,CNOT6L,RNF214,MEX3B,IPO11,UNK,DAZL,CTIF,YTHDF1,PATL1,RNF219,RC3H2,KIF1B,SMAP2,RC3H2,SMG6,GTPBP1,LSM1,CELF1,CPEB4,MEX3B,YTHDF1,EIF4A2,EIF4A2,SMG6,ETF1,MARF1,ALG13,SMG6,CPSF1,USP10,PARN,IGF2BP1,ATXN2,PUM1,SUPT5H,EXOSC10,KIAA0355,TRIM25,PRRC2B,FMR1,IGF2BP1,TBK1,PABPC1,RC3H1,TNRC6C,CAPRIN1,DDX19B,NCBP2,DDX20,YTHDF3,XRN2,HELZ,MEX3B,SMG7,ALG13,KIF1B,KIF1B,UBAP2L,GTPBP1,PARN,RNF219,KIF1B,EIF4ENIF1,FAM120A,EIF4A2,PUM1,SYNCRIP,RNF219,YTHDF1,GTPBP1,MCRIP2,CNOT6L,XRN1,RBM47,MCRIP2,SAMD4B,RBMS1,USP10,DDX20,GTPBP1,CELF1,PABPC1,PRRC2B,FMR1,PARN,XRN1,KIAA1429,FXR1,PRPF19,PAIP1,ZC3H7A,CPEB4,YTHDF2,GTPBP1,ANKRD17,TNRC6A,SMG6,CNOT9,LSM14A,IGF2BP2,LSM1,RC3H2,MKRN2,CPSF1,DDX3X,ZC3H7A,LSM2,RBM47,G3BP1,ZFP36,IBTK,DDX6,OTUD4,DDX1,THOC1,ANKRD17,ILF3,EXOSC10,YTHDF1,PAIP1,ST7,SMG6,STRAP,NXF1,G3BP1,SMG7,AGO2,CELF1,AGO2,CPEB4,CNOT1,HDLBP,STAU1,ILF3,EDC3,MKRN2,MKRN2,SMG6,MCRIP2,IPO11,TNRC6C,AGO2,TNRC6C,DCP1A,SDCCAG3,TRIM25,SAMD4B,ZCCHC11,ST7,CPEB4,CTIF,PRRC2A,EIF4A1,STAU1,LSM14A,PATL1,CNOT2,LSM4,GTPBP1,CEP85,STAU1,FUBP3,CNOT6L,SYNCRIP,SMAP2,TNRC6B,YTHDF1,PRPF19,SMG7,ATXN2,NXF1,PRRC2B,RC3H1,TDRD3,DDX19B,YTHDF1,PABPC1,SYMPK,DCP1A,ZCCHC11,TNRC6B,PRRC2A,RC3H1,CNOT9,PAIP2,HELZ,SMG6,GLE1,TDRD3,ILF3,KIAA1429,LSM12,STRAP,EXOSC10,PATL1,YTHDF1,EDC3,FAM120C,NXF1,ILF3,NXF1,R3HDM2,G3BP1,G3BP1,NUFIP2,CNOT1,RC3H1,FAM120C,DAZL,RC3H2,SDCCAG3,DDX19B,NUFIP2,TDRD3,PRRC2A
G3BP1,FMR1,PRRC2A,CNOT9,SMG7,DDX6,KIF1B,SMG6,UBAP2L,SMAP2,STAU1,PARN,RNF219,LZTS2,STAU1,MARF1,TRIM56,CNOT7,ST7,NCBP2,PUM1,YTHDF2,MKRN2,SYMPK,TRIM56,ATXN2,RNF219,GRSF1,FXR2,R3HDM2,USP10,ZCCHC11,RNF214,PABPC1,LSM14A,MKRN2,MEX3B,FAM120C,ZCCHC11,SMG7,CPSF1,DDX1,DDX6,HDLBP,EIF4A2,HELZ,CPSF1,CPSF1,LSM2,NUFIP2,TRIM25,CPEB4,TDRD3,HDLBP,UBAP2L,FXR2,SMAP2,EIF4A3,SAMD4B,UBAP2L,LZTS2,TIA1,SMAP2,CNOT6L,MKRN2,CNOT9,YTHDF2,NXF1,XRN2,STAU1,IGF2BP1,CNOT7,GLE1,ELAVL1,TRIM25,YTHDF1,LSM12,RNF214,ZC3HAV1,CNOT7,CNOT6L,PABPC1,PAIP1,CNOT7,PAIP2,KIAA1429,SMAP2,CPSF1,RNF219,NXF1,USP10,PRPF19,FMR1,TNRC6C,DDX6,SAMD4B,RNGTT,CEP85,CNOT6L,ZC3H7A,PARN,XRN2,SMG6,YTHDF2,SYNCRIP,FAM120A,PAIP1,DDX20,SYNCRIP,DDX19B,CEP85,TNRC6C,TDRD3,RBM47,MEX3B,DDX19B,DDX1,GTPBP1,TOP3B,YTHDF1,UNK,CSDE1,CTIF,IBTK,RC3H1,YTHDF1,OTUD4,CDC5L,PUM1,CNOT9,MEX3B,ANKRD17,PRPF19,PAIP1,OTUD4,DCP1A,ZCCHC11,PRRC2B,DAZL,EIF4A1,MKRN2,SMG7,PUM1,CPSF1,CAPRIN1,PAIP2,CEP85,FMR1,RC3H2,NCBP2,LARP4B,LSM2,YTHDF2,RNF219,FMR1,TRIM25,PDCD4,MOV10,ST7,DCP1A,CNOT2,RC3H2,PRRC2A,UNK,ANKRD17,RNF214,GTPBP1,FUBP3,PAIP1,R3HDM2,TNRC6C,FMR1,ATXN2,CSDE1,LZTS2,ZCCHC11,FXR1,RC3H2,XRN2,ZCCHC11,PAIP1,HDLBP,RC3H1,CNOT6L,CEP85,ILF3,RNF214,PAIP1,RNF214,FXR2,ILF3,DCP1A,PDCD4,RC3H1,CELF1,PAIP2,PARN,IGF2BP1,EDC3,ZC3HAV1,RBMS1,EIF4A1,FXR1,KIF1B,KIF1B,CPSF1,SMG6,CNOT6L,STAU1,ALG13,TRIM25,UNK,TOP3B,THOC1,PUM1,CTIF,TIA1,LSM4,PARN,DDX1,XRN1,RBM47,ELAVL1,AGO2,MARF1,DDX6,KIAA0355,LSM2,NXF1,YTHDF2,LARP4B,TNRC6A,ETF1,CNOT2,CELF1,SMG7,PAIP2,PRPF19,HDLBP,MKRN2,TOP3B,CAPRIN1,ANKRD17,NUFIP2,G3BP1,STRAP,EIF4ENIF1,ZFP36,CNOT9,CEP85,LSM14A,DDX3X,ETF1,LSM1,ILF3,CDC5L,SDCCAG3,SAMD4B,ELAVL1,PRRC2B,LARP4B,HELZ,GTPBP1,RNGTT,CDC5L,PAIP2,SUPT5H,MEX3B,ALG13,DDX3X,RBM47,KIAA1429,GRSF1,GLE1,RNF214,XRN1,TOP3B,ALG13,PRRC2B,LSM4,TNRC6B,RNF219,PRPF19,CAPRIN1,YTHDF3,GTPBP1,ZC3HAV1,SUPT5H,DDX3X,TBK1,RBM47,LARP4B,LSM4,STRAP,GLE1,SAMD4B,MARF1,KIAA0355,LZTS2,CDC5L,ILF3,TBK1,MCRIP2,EDC3,EIF4A1,NCBP2,DAZL,ATXN2,TBK1,IGF2BP1,HELZ,ST7,MKRN2,NXF1,CEP85,IGF2BP2,ETF1,MCRIP2,RNGTT,XRN1,XRN2,PUM1,TIA1,CNOT7,UBAP2L,IPO11,RC3H2,LSM2,TDRD3,DDX3X,YTHDF3,FXR1,MCRIP2,FUBP3,PATL1,TNRC6C,FAM120C,CNOT7,YTHDF2,ZCCHC11,EIF4A3,IPO11,LSM12,DDX19B,PAIP2,OTUD4,RC3H2,EIF4A2,ANKRD17,CNOT2,NXF1,EXOSC10,MARF1,IBTK,PABPC1,ZFP36,GRSF1,LSM14A,TNRC6C,FAM120C,TNRC6A,MCRIP2,RBMS1,PAIP1,KIF1B,R3HDM2,ZC3H7A,FUBP3,LARP4B,YTHDF1,LARP4B,USP10,NUFIP2,SDCCAG3,UNK,FXR2,TRIM25,DDX19B,KIAA0355,PRRC2B,RBM47,LSM1,CTIF,YTHDF2,DDX3X,TOP3B,MKRN2,DAZL,SDCCAG3,CEP85,TIA1,MKRN2,PAIP1,SMG6,YTHDF2,STAU1,YTHDF3,RC3H2,YTHDF1,CEP85,KIAA1429,KIAA0355,LSM2,THOC1,ZC3H7A,RNF219,ANKRD17,PATL1,USP10,LSM2,GLE1,TBK1,PRRC2B,ATXN2,YTHDF3,SYMPK,CNOT6L,DAZL,G3BP1,KIF1B,PDCD4,MCRIP2,LSM2,YTHDF2,TIA1,CPEB4,CNOT7,XRN2,FUBP3,GTPBP1,PAIP2,UNK,SAMD4B,SMG6,PRPF19,PRRC2B,NCBP2,RC3H2,ALG13,SYMPK,YTHDF1,GLE1,GLE1,XRN2,RNGTT,SMG7,PARN,PAIP2,GTPBP1,SUPT5H,R3HDM2,KIF1B,PAIP2,TIA1,XRN1,ZC3HAV1,MEX3B,TDRD3,EDC3,ATXN2,EIF4A2,PRPF19,TIA1,PRPF19,THOC1,PRRC2B,TNRC6C,ETF1,CELF1,SYMPK,FAM120A,LSM2,LSM12,KIAA1429,YTHDF2,EIF4ENIF1,LSM12,PDCD4,GRSF1,PDCD4,DDX19B,ILF3,CSDE1,EXOSC10,CNOT1,RBM47,LARP4B,IBTK,ZFP36,SYMPK,EIF4A1,EIF4A3,CNOT2,SYMPK,PDCD4,RNF214,CELF1,SAMD4B,CPEB4,EIF4A1,YTHDF2,KIF1B,EDC3,RBM47,FXR2,IGF2BP2,KIF1B,EIF4ENIF1,FUBP3,ZC3HAV1
DDX1,SMAP2,ST7,PAIP2,CPEB4,SYMPK,PRRC2A,RC3H1,SMAP2,USP10,R3HDM2,STRAP,TRIM25,CNOT7,IGF2BP1,TDRD3,LSM14A,DDX6,RC3H2,IBTK,CELF1,MOV10,ZCCHC11,CDC5L,CPSF1,IGF2BP2,HELZ,YTHDF2,STRAP,EIF4A3,EIF4A1,RNF214,CELF1,YTHDF2,ILF3,SAMD4B,SMG6,CNOT7,IBTK,TRIM25,ST7,CNOT9,CNOT7,MKRN2,CPEB4,RNF219,NXF1,TNRC6A,PARN,RBM47,LSM2,LSM12,ILF3,ZC3HAV1,CELF1,GLE1,GTPBP1,TOP3B,SDCCAG3,SYNCRIP,YTHDF2,KIF1B,THOC1,CNOT7,STRAP,FXR2,FAM120C,DDX6,GRSF1,HELZ,R3HDM2,IPO11,LARP4B,ALG13,MOV10,YTHDF2,SMG7,AGO2,USP10,RNGTT,TOP3B,UNK,ST7,SMG7,EXOSC10,TNRC6B,EIF4A3,EIF4ENIF1,G3BP1,YTHDF2,CTIF,PUM1,TNRC6A,DDX19B,RNGTT,LSM4,TRIM25,YTHDF3,ELAVL1,KIAA1429,OTUD4,YTHDF2,UNK,KIAA1429,FUBP3,CNOT2,R3HDM2,ZC3H7A,ST7,IGF2BP2,XRN2,G3BP1,CNOT6L,IGF2BP2,CELF1,FUBP3,TNRC6B,SDCCAG3,PABPC1,R3HDM2,LARP4B,SUPT5H,SMG7,USP10,ELAVL1,DAZL,DDX19B,THOC1,HELZ,DAZL,RNF214,EXOSC10,CPSF1,RBM47,MCRIP2,CPSF1,PRRC2B,RC3H2,RC3H1,GTPBP1,ATXN2,MOV10,KIAA1429,FMR1,HELZ,MARF1,OTUD4,EIF4A3,ILF3,SAMD4B,EIF4A3,LSM4,LSM4,CAPRIN1,NUFIP2,THOC1,THOC1,STRAP,CNOT6L,PABPC1,IGF2BP1,DDX19B,EIF4ENIF1,ATXN2,GLE1,IGF2BP2,TNRC6A,LSM4,ZC3H7A,LSM4,LSM1,CTIF,PUM1,EIF4A2,THOC1,CDC5L,EIF4ENIF1,PAIP2,CTIF,EIF4A3,EIF4A1,ALG13,TNRC6C,SDCCAG3,SDCCAG3,LARP4B,SDCCAG3,XRN1,MCRIP2,CNOT2,YTHDF3,NUFIP2,ZFP36,EXOSC10,OTUD4,YTHDF2,CNOT9,AGO2,DAZL,XRN1,HDLBP,ZCCHC11,MCRIP2,TIA1,STAU1,CNOT6L,IPO11,EIF4ENIF1,RNF214,ETF1,THOC1,YTHDF3,OTUD4,LSM4,LSM2,STRAP,SUPT5H,ST7,ZC3HAV1,STRAP,GTPBP1,G3BP1,DDX6,RNF214,CELF1,UNK,PAIP1,PDCD4,HDLBP,STAU1,RBMS1,PUM1,FXR1,FUBP3,EIF4A3,CNOT1,KIAA0355,FXR1,IBTK,ZC3H7A,PAIP1,USP10,DDX20,KIAA1429,RBM47,MARF1,DDX3X,FAM120A,LARP4B,TBK1,CDC5L,THOC1,RBM47,LSM12,PAIP2,PAIP2,SMG7,STRAP,OTUD4,LSM14A,RNGTT,DDX1,YTHDF3,IBTK,MARF1,PRPF19,PUM1,TNRC6C,HELZ,RC3H1,LSM4,EXOSC10,GLE1,LSM14A,ILF3,CPEB4,CNOT9,CNOT2,CDC5L,PATL1,SMG6,ILF3,G3BP1,IGF2BP2,CTIF,CNOT7,USP10,LSM4,LSM12,PDCD4,SUPT5H,PARN,CSDE1,RBMS1,DDX3X,FAM120C,MOV10,RC3H2,GTPBP1,TNRC6B,TDRD3,RNF214,CEP85,PAIP1,YTHDF3,KIF1B,FXR1,LSM1,ZFP36,LSM4,CSDE1,LARP4B,YTHDF2,PAIP2,CPSF1,GRSF1,GTPBP1,TNRC6B,FUBP3,SMG7,CEP85,CSDE1,MCRIP2,LSM4,FUBP3,EDC3,EIF4A1,SMAP2,ALG13,CEP85,TNRC6C,EIF4A3,YTHDF3,CNOT6L,KIAA1429,MEX3B,MKRN2,MARF1,CPSF1,DCP1A,LSM2,FXR1,SMG6,RNGTT,KIAA0355,PARN,SYNCRIP,THOC1,PDCD4,CNOT9,ALG13,PATL1,ALG13,IPO11,CNOT9,ANKRD17,CEP85,UBAP2L,GRSF1,RC3H2,EIF4ENIF1,TRIM56,NUFIP2,CNOT1,CNOT7,PRRC2A,CNOT9,SMG6,UBAP2L,GLE1,IGF2BP1,DDX6,LSM4,CELF1,ZFP36,FAM120C,MKRN2,CEP85,LZTS2,IBTK,SYMPK,SMAP2,MKRN2,FUBP3,SMG7,PATL1,MOV10,CNOT7,TNRC6B,GTPBP1,LSM4,CELF1,SAMD4B,DDX20,CNOT2,CNOT1,DAZL,TIA1,SUPT5H,SAMD4B,SYNCRIP,ALG13,CEP85,RBM47,LSM12,RBM47,SMG6,NCBP2,PDCD4,NCBP2,CNOT1,KIAA1429,TNRC6A,TRIM25,PATL1,PATL1,PUM1,EDC3,CDC5L,TDRD3,SMG6,TNRC6B,KIAA0355,LSM2,LSM1,ZCCHC11,GRSF1,ZC3HAV1,RBMS1,SUPT5H,GTPBP1,MOV10,IGF2BP2,G3BP1,IGF2BP1,LARP4B,LSM12,THOC1,FMR1,FUBP3,NCBP2,GRSF1,CNOT9,FUBP3,KIAA0355,STRAP,TNRC6C,DDX3X,PRRC2A,YTHDF2,KIAA0355,DDX19B,IGF2BP1,CEP85,HELZ,EIF4A3,DAZL,PATL1,FXR1,CDC5L,RNF214,PDCD4,DAZL,MKRN2,IGF2BP2,SUPT5H,DAZL,RC3H2,SMAP2,XRN2,CNOT7,PAIP1,R3HDM2,PARN,SUPT5H,TNRC6A,RC3H1,YTHDF1,TBK1,DAZL,DCP1A,ATXN2,GTPBP1,CNOT1,ANKRD17,R3HDM2,MARF1,DDX6,CNOT1,ST7,MCRIP2,RBM47,EIF4ENIF1,CPSF1,NCBP2,MARF1,EDC3,XRN2,FAM120A,DDX20,DDX19B,LSM2,STAU1,PAIP1,SYNCRIP,IGF2BP1,ETF1,NXF1,CNOT6L,ZFP36
ATXN2,THOC1,ILF3,ALG13,DDX3X,MEX3B,IGF2BP1,TNRC6A,PATL1,PABPC1,FAM120A,DDX1,FAM120C,RC3H1,RNF214,TNRC6A,HELZ,PRRC2A,CPSF1,RC3H1,HDLBP,TBK1,PAIP1,TRIM56,TOP3B,CNOT7,CPSF1,DCP1A,RC3H1,PAIP2,GLE1,LSM14A,EIF4ENIF1,NXF1,PRRC2B,XRN2,CTIF,SMG6,ATXN2,HELZ,ETF1,TBK1,KIAA1429,LARP4B,GLE1,STAU1,GTPBP1,CNOT6L,MOV10,STAU1,LSM14A,DDX20,EIF4A1,DAZL,SUPT5H,ZCCHC11,ILF3,CNOT2,KIAA0355,ETF1,TOP3B,SYMPK,SMG6,RNF219,RBMS1,RBMS1,TNRC6C,FAM120A,PAIP2,SYMPK,SDCCAG3,CNOT9,IPO11,MOV10,SYNCRIP,ILF3,PATL1,IPO11,EIF4A1,ATXN2,SYMPK,ZC3HAV1,MKRN2,PRRC2B,ST7,ZCCHC11,CPEB4,DDX20,FUBP3,R3HDM2,IPO11,MOV10,ST7,DDX1,MARF1,IGF2BP2,FXR2,CELF1,NXF1,ELAVL1,SYNCRIP,CEP85,HELZ,DDX1,CDC5L,TNRC6C,MCRIP2,IBTK,MOV10,RBM47,ZFP36,RBM47,THOC1,THOC1,PAIP1,PRPF19,EDC3,LSM4,LSM1,AGO2,CPEB4,ELAVL1,SMG6,CELF1,OTUD4,EIF4A2,CNOT6L,LSM12,DCP1A,PUM1,DDX3X,CNOT1,UNK,PARN,KIAA1429,LSM12,TBK1,CELF1,RNF219,ILF3,KIF1B,PABPC1,DDX6,KIAA1429,GLE1,FUBP3,TBK1,YTHDF3,FMR1,SMG6,UNK,STRAP,DDX3X,RC3H2,CNOT1,EIF4A3,PAIP2,GTPBP1,CNOT2,PAIP1,RNF214,TOP3B,NXF1,SAMD4B,GRSF1,OTUD4,EXOSC10,SDCCAG3,CAPRIN1,CPSF1,G3BP1,TIA1,IBTK,PABPC1,YTHDF1,TNRC6C,HDLBP,UNK,IGF2BP1,ALG13,CTIF,TRIM25,LSM2,EIF4A1,TNRC6A,CNOT9,NUFIP2,TRIM56,CNOT9,TBK1,LSM1,CNOT2,PAIP1,PDCD4,SMAP2,FAM120A,CNOT1,SUPT5H,DDX3X,LSM4,CPSF1,NCBP2,YTHDF2,OTUD4,PABPC1,CNOT7,PARN,UNK,CPEB4,FXR1,KIF1B,CPEB4,LSM12,OTUD4,OTUD4,LSM2,RNF214,LSM1,XRN2,SMG6,TOP3B,RBMS1,R3HDM2,PATL1,TNRC6C,SYNCRIP,NUFIP2,YTHDF2,TDRD3,XRN1,CELF1,HELZ,ZC3HAV1,SUPT5H,FAM120A,PARN,DDX3X,CPEB4,ELAVL1,IGF2BP2,ST7,TRIM25,PRPF19,GLE1,HELZ,G3BP1,YTHDF2,RBMS1,KIAA1429,FUBP3,CNOT2,HELZ,ELAVL1,AGO2,DDX6,DDX19B,LARP4B,ALG13,FMR1,ZC3HAV1,PUM1,PARN,KIAA0355,EXOSC10,TNRC6B,RNF214,IPO11,SMG6,FMR1,TNRC6A,HDLBP,TBK1,PDCD4,CPEB4,OTUD4,CTIF,USP10,SYMPK,DDX6,ST7,PABPC1,KIF1B,PUM1,PDCD4,MEX3B,LSM12,SMG7,SMG7,KIAA1429,CNOT2,SYNCRIP,IGF2BP2,PARN,KIF1B,GTPBP1,MOV10,LSM2,FUBP3,PRRC2B,DDX1,FUBP3,SMAP2,CTIF,RNF214,GLE1,TRIM25,PABPC1,LZTS2,CSDE1,PAIP2,PDCD4,PABPC1,ST7,KIAA0355,RNGTT,CDC5L,PUM1,OTUD4,MKRN2,MKRN2,TOP3B,TNRC6C,IGF2BP2,UBAP2L,DDX3X,FMR1,SYNCRIP,PATL1,GLE1,CELF1,GTPBP1,DDX6,LSM2,YTHDF1,CNOT9,TIA1,ZC3HAV1,STRAP,STRAP,STRAP,MARF1,TNRC6B,TRIM25,SMG7,ST7,STAU1,NUFIP2,CNOT1,LARP4B,SMG6,PRRC2B,FXR1,OTUD4,KIAA0355,DDX3X,AGO2,SAMD4B,OTUD4,LSM2,DDX3X,HDLBP,CNOT2,DCP1A,FXR1,XRN2,EIF4A3,IPO11,MEX3B,CNOT2,YTHDF3,OTUD4,ATXN2,FAM120A,IBTK,CPSF1,MARF1,FUBP3,RBMS1,KIAA1429,LZTS2,TOP3B,CDC5L,EDC3,DDX19B,TNRC6A,TNRC6C,TRIM25,SYNCRIP,ZC3HAV1,RC3H2,ATXN2,TBK1,FAM120C,SUPT5H,PRRC2B,LARP4B,ETF1,LSM2,OTUD4,YTHDF1,LSM12,TBK1,PARN,EIF4A3,FAM120A,RBMS1,GLE1,KIAA1429,SYNCRIP,SYNCRIP,UNK,ETF1,CPSF1,TBK1,PDCD4,IPO11,RC3H1,NXF1,DDX3X,CEP85,RC3H2,DDX6,KIAA1429,FAM120A,RNF214,IBTK,PRPF19,THOC1,XRN2,PARN,DAZL,XRN2,TNRC6C,IBTK,LZTS2,IPO11,STRAP,HDLBP,CPSF1,R3HDM2,PUM1,YTHDF2,DDX6,PRRC2A,LSM14A,CEP85,PAIP2,CPSF1,ZC3H7A,DCP1A,MOV10,EDC3,CNOT2,DDX19B,LARP4B,CAPRIN1,ILF3,XRN2,IBTK,LSM2,LSM12,CNOT7,ANKRD17,PRRC2B,ST7,AGO2,SMG7,MEX3B,ALG13,KIAA1429,IPO11,NUFIP2,PAIP1,SMG6,PDCD4,DDX20,THOC1,EXOSC10,PUM1,CNOT2,XRN1,PARN,EXOSC10,DCP1A,SMG7,EDC3,NUFIP2,RBM47,DDX20,HDLBP,CEP85,TRIM56,EIF4A3,CSDE1,LARP4B,YTHDF2,DCP1A,HELZ,GTPBP1,LSM1,LSM12,SYNCRIP,FUBP3,EIF4A1,GTPBP1,DDX1,IBTK,TIA1,ST7,XRN1
SDCCAG3,PARN,GLE1,THOC1,ILF3,HDLBP,TNRC6A,PAIP1,LSM12,IBTK,TIA1,EIF4A3,SMAP2,CPEB4,TNRC6C,CEP85,YTHDF3,IPO11,EIF4A3,PRRC2A,CSDE1,RBM47,TIA1,GLE1,SDCCAG3,ST7,DAZL,TOP3B,LARP4B,PARN,ETF1,SMG7,DCP1A,PRRC2B,TDRD3,RNF214,LSM1,CPEB4,SMG6,SDCCAG3,SYNCRIP,SDCCAG3,GRSF1,LSM2,DDX19B,DDX19B,XRN2,TDRD3,UNK,ELAVL1,IGF2BP2,RNF219,TNRC6C,DDX20,USP10,HELZ,FXR1,FAM120C,PRRC2B,DDX6,CPEB4,ZCCHC11,NCBP2,SUPT5H,ZCCHC11,DCP1A,TRIM25,CNOT1,NXF1,YTHDF2,TOP3B,FMR1,SUPT5H,ZC3HAV1,DCP1A,LZTS2,TNRC6B,RNF219,DAZL,LARP4B,PATL1,USP10,NXF1,SMG6,USP10,EIF4A1,KIF1B,PRRC2A,SMG7,GTPBP1,LSM4,KIAA0355,G3BP1,EIF4A3,FUBP3,LSM12,FUBP3,LZTS2,LARP4B,OTUD4,FAM120C,CNOT2,DDX3X,STAU1,ST7,PAIP1,FUBP3,PDCD4,CDC5L,EIF4A2,RC3H2,TOP3B,USP10,EIF4A3,SYNCRIP,FMR1,RNF219,DDX20,SUPT5H,NUFIP2,ALG13,IGF2BP1,LSM2,PABPC1,TDRD3,TRIM56,LSM12,LSM14A,FMR1,ILF3,KIAA1429,PAIP2,NUFIP2,CNOT2,NCBP2,RBM47,XRN1,SMAP2,CPEB4,FAM120C,CNOT1,GRSF1,TRIM56,G3BP1,FXR1,OTUD4,FMR1,FAM120C,USP10,YTHDF1,YTHDF2,CPSF1,CEP85,STRAP,PRRC2B,PATL1,MKRN2,PRRC2B,PRRC2B,FUBP3,SDCCAG3,FAM120A,IPO11,MARF1,DDX3X,EIF4ENIF1,RBMS1,SYMPK,STAU1,IPO11,TRIM25,DCP1A,LSM2,YTHDF3,CPEB4,PABPC1,IGF2BP1,CAPRIN1,ZC3H7A,PRPF19,LSM4,CNOT7,LZTS2,TOP3B,PATL1,LSM14A,SMG7,RNF214,CTIF,DDX19B,STRAP,CNOT6L,FXR2,LSM4,CAPRIN1,EIF4A3,FUBP3,CNOT7,YTHDF2,DDX6,DDX20,RNF214,SAMD4B,LSM14A,ATXN2,TRIM56,HELZ,SDCCAG3,STRAP,ST7,ZCCHC11,CNOT7,FAM120A,ATXN2,TDRD3,YTHDF3,NUFIP2,CNOT7,DDX3X,KIF1B,ZFP36,SAMD4B,DCP1A,ALG13,TRIM56,DDX3X,CPSF1,LZTS2,CELF1,RBM47,R3HDM2,STAU1,MEX3B,KIF1B,TOP3B,XRN1,ANKRD17,SAMD4B,GRSF1,ATXN2,DDX1,ALG13,DDX1,DDX1,LSM1,ZCCHC11,UNK,FAM120C,R3HDM2,EIF4ENIF1,TRIM25,RNGTT,G3BP1,ZFP36,KIF1B,LSM2,KIAA0355,CNOT2,PAIP1,AGO2,YTHDF1,LSM1,LSM4,R3HDM2,CNOT1,KIAA1429,CNOT2,MARF1,CNOT2,YTHDF2,CDC5L,FXR2,RC3H1,YTHDF3,FXR1,RNF214,CAPRIN1,GRSF1,PRPF19,SMAP2,PATL1,TRIM56,YTHDF3,PRPF19,EXOSC10,PABPC1,LARP4B,ELAVL1,MKRN2,DDX20,ELAVL1,ZC3H7A,ST7,ETF1,UBAP2L,IGF2BP2,ANKRD17,STAU1,MARF1,KIAA0355,MOV10,THOC1,TNRC6B,CNOT9,CNOT6L,SUPT5H,ETF1,DDX19B,CNOT6L,YTHDF2,ETF1,FXR1,SYMPK,RNF219,ZCCHC11,OTUD4,ZC3H7A,TOP3B,DDX20,IGF2BP2,PABPC1,EIF4A1,RBMS1,NUFIP2,ST7,PAIP2,MOV10,DDX20,FUBP3,CNOT7,DDX3X,ETF1,MARF1,IPO11,TRIM25,EIF4A3,NCBP2,KIF1B,CNOT1,RBMS1,LSM14A,KIAA0355,ST7,ATXN2,CNOT7,FUBP3,LSM2,PATL1,OTUD4,RNF219,UBAP2L,LSM4,FAM120C,GRSF1,FXR2,RNGTT,YTHDF3,LSM12,RC3H2,SMG6,NXF1,PRRC2A,MOV10,YTHDF3,LSM14A,HDLBP,LSM4,DDX20,MEX3B,FXR1,MKRN2,GTPBP1,DDX20,RNF214,YTHDF1,XRN1,NXF1,NCBP2,NUFIP2,PRRC2A,LSM12,XRN1,ILF3,AGO2,LSM2,PDCD4,LSM4,THOC1,RNF214,LSM2,USP10,CAPRIN1,RNF219,NCBP2,TNRC6A,SDCCAG3,SYNCRIP,EIF4A2,RNF214,ANKRD17,FAM120A,TRIM25,ST7,PDCD4,XRN2,SMG7,YTHDF2,DDX20,CNOT9,ETF1,KIAA0355,DDX20,THOC1,DCP1A,HELZ,LSM2,PABPC1,ETF1,TRIM25,FMR1,DDX1,ZCCHC11,KIF1B,YTHDF1,PAIP1,CDC5L,RC3H1,LSM1,CAPRIN1,ILF3,FMR1,ELAVL1,CNOT1,PDCD4,SDCCAG3,CDC5L,DDX1,SYMPK,DDX1,TNRC6C,LSM4,MARF1,TBK1,SMG7,XRN2,IPO11,PDCD4,YTHDF2,KIF1B,PARN,CELF1,ALG13,EIF4A3,LSM12,TRIM56,SMAP2,FAM120A,ATXN2,TIA1,DAZL,OTUD4,SAMD4B,CNOT7,XRN1,G3BP1,ILF3,ZC3H7A,ZC3H7A,CNOT9,PDCD4,USP10,CTIF,LSM1,R3HDM2,DDX1,DDX1,DDX3X,G3BP1,ATXN2,PARN,SMG6,PAIP2,ZCCHC11,SDCCAG3,RC3H1,CSDE1,DDX3X,EXOSC10,RNGTT,DDX6,NXF1,DDX3X,ST7,LARP4B,EIF4A2,PAIP2,ANKRD17,TRIM25,GRSF1,CNOT6L,XRN2,CNOT9,SUPT5H,ELAVL1,DDX6,TNRC6C,XRN1,EIF4A1,UBAP2L,SYMPK
LSM1,CNOT7,TDRD3,HDLBP,GTPBP1,SMG7,CAPRIN1,STRAP,FXR1,LSM14A,SMAP2,NXF1,CNOT2,HELZ,TDRD3,RNF214,DDX3X,TRIM56,G3BP1,DAZL,ZFP36,FAM120C,EXOSC10,TOP3B,YTHDF1,DAZL,G3BP1,TDRD3,AGO2,RNGTT,YTHDF1,PABPC1,UNK,CSDE1,FAM120C,RBMS1,KIAA0355,PRRC2A,SUPT5H,SYMPK,MOV10,CTIF,CNOT1,TIA1,UBAP2L,TOP3B,PUM1,ELAVL1,DAZL,LSM12,CNOT2,PRRC2A,ATXN2,CAPRIN1,SMG7,CNOT6L,MEX3B,TRIM25,CEP85,CNOT9,PABPC1,RNF219,STAU1,EIF4A3,R3HDM2,TRIM25,TNRC6A,LSM1,TIA1,PRRC2A,MEX3B,PRRC2A,NXF1,UNK,MEX3B,KIF1B,SAMD4B,PRPF19,EDC3,PUM1,EDC3,NCBP2,ATXN2,NXF1,EDC3,DDX19B,SMG6,FXR2,DDX19B,SMG6,TNRC6A,YTHDF3,IGF2BP2,LARP4B,CELF1,ZCCHC11,SYMPK,TNRC6B,IGF2BP2,CAPRIN1,CNOT2,ILF3,CTIF,LZTS2,EIF4A2,ZCCHC11,DDX19B,TNRC6A,SAMD4B,CDC5L,KIF1B,ALG13,DDX20,SYMPK,RC3H1,MEX3B,NXF1,CTIF,EDC3,PAIP2,PATL1,SMG7,STRAP,EDC3,ALG13,RC3H1,UBAP2L,LZTS2,THOC1,RBMS1,OTUD4,TNRC6C,LZTS2,NCBP2,PAIP2,TDRD3,ATXN2,USP10,ALG13,LSM2,SYMPK,GTPBP1,R3HDM2,DDX6,ATXN2,RNF214,RC3H2,DDX3X,HDLBP,FXR1,MOV10,FUBP3,RC3H2,DAZL,ZFP36,MCRIP2,TIA1,TNRC6A,G3BP1,CSDE1,PDCD4,RBM47,STRAP,DDX6,KIAA0355,MARF1,LSM12,SYNCRIP,DDX19B,CNOT7,RNGTT,SYNCRIP,SMAP2,PARN,FUBP3,ZFP36,CNOT2,DDX19B,LARP4B,XRN2,IPO11,XRN1,MKRN2,PARN,AGO2,EIF4ENIF1,LZTS2,TNRC6B,TBK1,IPO11,SAMD4B,RBM47,TOP3B,KIF1B,NCBP2,TRIM25,PRPF19,FMR1,PRRC2A,GRSF1,AGO2,PRPF19,KIAA0355,TRIM25,EDC3,CAPRIN1,LZTS2,ST7,GLE1,ELAVL1,YTHDF1,FAM120A,FXR1,KIF1B,RC3H1,RBM47,SAMD4B,TRIM56,PAIP1,CNOT7,AGO2,IGF2BP1,FUBP3,KIAA0355,PRRC2A,SDCCAG3,CAPRIN1,SMAP2,FUBP3,PRPF19,EIF4A2,DDX1,CNOT7,LSM4,MEX3B,LZTS2,NCBP2,CAPRIN1,IPO11,PRPF19,TNRC6A,XRN1,MEX3B,TDRD3,SYNCRIP,R3HDM2,RC3H1,PAIP2,TRIM25,LSM14A,LSM1,FMR1,SUPT5H,EIF4ENIF1,YTHDF2,HDLBP,CSDE1,RNGTT,YTHDF1,PRPF19,TRIM25,ATXN2,STRAP,SYMPK,RC3H1,SUPT5H,PRPF19,KIF1B,SMG6,RBM47,YTHDF1,PABPC1,MOV10,NXF1,RBMS1,MKRN2,XRN1,IGF2BP1,CNOT6L,CELF1,CNOT1,CPEB4,PABPC1,TNRC6C,TRIM25,PDCD4,DAZL,ATXN2,GTPBP1,MEX3B,IBTK,ILF3,PRRC2B,PARN,DDX20,IPO11,SUPT5H,SAMD4B,SUPT5H,RNGTT,STAU1,CNOT7,ZCCHC11,PRRC2B,HDLBP,STRAP,FAM120C,EIF4A1,SMAP2,MKRN2,EIF4ENIF1,PRRC2A,GLE1,STAU1,NCBP2,PRRC2B,PATL1,UBAP2L,EIF4A1,CPSF1,MCRIP2,SYMPK,CTIF,PRRC2A,KIAA1429,RNF214,ETF1,ST7,TNRC6C,TRIM56,ATXN2,YTHDF1,RNF214,LSM4,CNOT6L,ALG13,STRAP,ALG13,RBM47,ZC3H7A,SDCCAG3,PRRC2B,FAM120C,NXF1,DDX20,ZC3HAV1,DDX19B,GRSF1,STRAP,LARP4B,CPEB4,CNOT1,FXR1,ANKRD17,FXR1,DDX6,UNK,DDX20,DDX6,UNK,FUBP3,G3BP1,CELF1,TOP3B,TRIM25,RNF214,DDX6,YTHDF2,FAM120A,SUPT5H,YTHDF2,PRRC2A,TNRC6A,ZC3H7A,CNOT1,ELAVL1,UBAP2L,HELZ,ELAVL1,EDC3,IPO11,ZFP36,NCBP2,DDX20,PUM1,MARF1,ETF1,FMR1,CTIF,LSM12,ZCCHC11,GLE1,SMG7,LSM4,LSM1,SMAP2,SUPT5H,FUBP3,STRAP,STRAP,CPSF1,EXOSC10,TNRC6B,SDCCAG3,ETF1,FAM120A,PRPF19,ZCCHC11,CNOT7,LSM14A,CPEB4,RC3H2,ALG13,IBTK,ZC3H7A,UBAP2L,R3HDM2,EXOSC10,EIF4A1,DDX1,LSM14A,TRIM56,YTHDF3,CELF1,PATL1,LARP4B,CNOT1,DDX6,XRN1,MEX3B,RBM47,IGF2BP1,EDC3,DAZL,RC3H2,CAPRIN1,IPO11,ELAVL1,FXR1,ZC3HAV1,RBMS1,DDX6,YTHDF1,TNRC6A,SYNCRIP,SAMD4B,RC3H2,MOV10,CTIF,EIF4ENIF1,GLE1,NXF1,FAM120A,KIAA0355,UBAP2L,RNGTT,ANKRD17,TNRC6C,TNRC6C,SAMD4B,XRN1,MARF1,KIF1B,KIAA0355,FAM120C,KIF1B,RC3H2,EIF4A2,MCRIP2,MKRN2,RBM47,LARP4B,MOV10,YTHDF2,UBAP2L,SDCCAG3,CTIF,CSDE1,CDC5L,KIAA0355,MOV10,PDCD4,IGF2BP1,ZC3HAV1,CELF1,CTIF,KIAA1429,KIF1B,EIF4A3,LSM4,MOV10,MCRIP2,LSM12,ILF3,UBAP2L,EDC3,SMG6,CELF1,TNRC6A,MCRIP2,KIAA0355,AGO2,NCBP2,TOP3B,ZFP36,CNOT7,LSM2,FXR2,PABPC1,G3BP1
TBK1,HELZ,RBM47,EIF4A1,PUM1,EDC3,NUFIP2,EIF4ENIF1,CAPRIN1,CTIF,PABPC1,PAIP1,GLE1,CDC5L,EXOSC10,XRN2,GRSF1,ZFP36,KIAA0355,PRRC2B,CAPRIN1,CNOT7,PDCD4,RBMS1,CAPRIN1,ANKRD17,CAPRIN1,EIF4A2,YTHDF1,MARF1,FUBP3,NXF1,ST7,CNOT2,GLE1,CEP85,ST7,LSM4,CELF1,IGF2BP2,ELAVL1,LSM4,RC3H1,IGF2BP2,SUPT5H,SMAP2,DDX3X,TBK1,SMAP2,DAZL,EIF4A2,AGO2,SMG6,CSDE1,ZCCHC11,KIF1B,USP10,DDX6,XRN1,IBTK,ATXN2,MEX3B,CNOT7,ZCCHC11,PAIP1,HDLBP,XRN2,SMAP2,KIAA1429,IPO11,ANKRD17,PUM1,MARF1,CEP85,PARN,USP10,THOC1,ELAVL1,SMAP2,DDX19B,MEX3B,CNOT7,FXR1,R3HDM2,DDX3X,FUBP3,LSM12,SMG7,RNF214,PATL1,PAIP2,IBTK,DDX19B,LZTS2,GTPBP1,GRSF1,HELZ,GLE1,PABPC1,TBK1,DDX6,LSM2,CNOT2,CNOT2,PATL1,PRPF19,CEP85,PAIP2,DDX19B,NUFIP2,SMG7,SUPT5H,RNF219,ETF1,LARP4B,ZFP36,XRN2,EDC3,CNOT7,XRN2,ILF3,PABPC1,ST7,MEX3B,DDX20,TNRC6C,ALG13,DDX1,PABPC1,FUBP3,THOC1,LARP4B,PATL1,EIF4A3,ILF3,EIF4A1,RC3H1,TIA1,TRIM56,KIF1B,ZC3H7A,NUFIP2,IGF2BP1,SMAP2,EXOSC10,R3HDM2,DAZL,YTHDF2,KIF1B,EXOSC10,YTHDF1,LZTS2,USP10,SAMD4B,IBTK,DDX1,YTHDF1,LARP4B,SMAP2,SUPT5H,CSDE1,GTPBP1,RNGTT,TRIM56,CELF1,UNK,TOP3B,SMG7,IBTK,NCBP2,EIF4A1,CAPRIN1,PRRC2A,SYNCRIP,CELF1,PAIP2,UNK,NCBP2,TRIM56,YTHDF1,TNRC6C,SYMPK,KIF1B,FMR1,HDLBP,PRPF19,ALG13,PRPF19,LSM4,EXOSC10,MARF1,THOC1,PRPF19,NUFIP2,KIAA0355,GRSF1,EIF4A1,GTPBP1,YTHDF1,CAPRIN1,TNRC6A,UNK,ETF1,RNGTT,SDCCAG3,EXOSC10,TBK1,IPO11,RBMS1,TNRC6B,MCRIP2,RC3H2,EIF4A3,RNGTT,RC3H2,TRIM56,CPSF1,FXR2,IGF2BP1,CAPRIN1,PAIP2,UBAP2L,TIA1,ANKRD17,LZTS2,TNRC6B,RNF219,KIF1B,PARN,GTPBP1,TOP3B,PAIP1,THOC1,PRRC2A,UNK,SYMPK,PUM1,ELAVL1,CPSF1,KIAA0355,NUFIP2,XRN2,IGF2BP1,ALG13,R3HDM2,EIF4A3,ALG13,PATL1,SUPT5H,MOV10,ALG13,TRIM25,ST7,ZCCHC11,CTIF,TNRC6A,CEP85,RNF214,MKRN2,KIAA0355,TNRC6C,DAZL,TNRC6C,GTPBP1,PAIP1,KIAA0355,FAM120A,PRRC2A,DDX6,STAU1,DAZL,CPEB4,PAIP1,RNGTT,KIAA1429,PARN,PATL1,YTHDF2,CPEB4,EIF4ENIF1,CELF1,PAIP2,FAM120C,TIA1,CNOT1,EIF4ENIF1,EIF4ENIF1,OTUD4,ANKRD17,CTIF,GTPBP1,HDLBP,LSM12,LSM12,YTHDF2,CEP85,GLE1,USP10,USP10,CAPRIN1,SUPT5H,CNOT2,G3BP1,KIF1B,SYMPK,CNOT2,PRRC2B,SMG7,ZC3H7A,FAM120A,OTUD4,MKRN2,STRAP,FXR1,ZC3H7A,TNRC6A,EIF4A1,LSM14A,SYMPK,EIF4A3,FAM120A,TNRC6B,HELZ,TDRD3,ZCCHC11,ILF3,NXF1,CEP85,YTHDF3,TIA1,HELZ,ANKRD17,FXR1,DCP1A,IGF2BP2,SUPT5H,ELAVL1,ANKRD17,CPEB4,XRN2,LZTS2,YTHDF2,TIA1,ZFP36,UNK,SMG6,ALG13,HELZ,PAIP1,FAM120A,CNOT9,KIAA1429,LSM1,MCRIP2,UNK,KIAA0355,HDLBP,XRN1,CEP85,PDCD4,USP10,XRN2,SAMD4B,ZC3HAV1,R3HDM2,TBK1,UNK,ZFP36,IGF2BP2,TBK1,DCP1A,NXF1,TRIM56,MCRIP2,SUPT5H,TNRC6C,MEX3B,CSDE1,R3HDM2,TDRD3,CNOT1,KIAA0355,MCRIP2,IBTK,CSDE1,MCRIP2,CPSF1,STRAP,DDX3X,LSM14A,PATL1,IBTK,CTIF,RNGTT,RNF214,PAIP1,CDC5L,FMR1,LSM12,ZFP36,TDRD3,PRRC2A,MOV10,ETF1,NCBP2,CDC5L,CSDE1,EIF4ENIF1,FXR2,PAIP1,RNF219,IBTK,GTPBP1,CPEB4,TRIM25,SAMD4B,RNF214,PRRC2B,MARF1,LARP4B,STAU1,TRIM25,RNF219,CSDE1,ZC3HAV1,SDCCAG3,TRIM25,ALG13,DDX19B,IPO11,IBTK,CNOT6L,ATXN2,NCBP2,SUPT5H,PATL1,SMG6,DDX3X,TNRC6C,TIA1,PAIP1,KIAA1429,TDRD3,IGF2BP2,FMR1,SYNCRIP,SAMD4B,TOP3B,FMR1,IGF2BP1,EIF4ENIF1,CPSF1,ATXN2,PRPF19,ZFP36,MCRIP2,GRSF1,DDX1,XRN2,CNOT7,PRRC2B,TIA1,FUBP3,CNOT7,CELF1,EXOSC10,HELZ,ZFP36,MARF1,EIF4A2,HDLBP,TDRD3,STRAP,EDC3,YTHDF3,ZC3H7A,PDCD4,PRRC2A,PARN,TNRC6B,EIF4ENIF1,R3HDM2,R3HDM2,MOV10,MARF1,TNRC6A,SAMD4B,SMAP2,AGO2,ZFP36,CTIF,IBTK,UBAP2L,CELF1,MEX3B,PDCD4,SAMD4B,RNF219,IGF2BP1,FXR1,RNF214,LSM4,TRIM56,ZCCHC11,IPO11,FAM120A,R3HDM2,SMAP2,SMG7,STRAP
EIF4ENIF1,CEP85,DAZL,LSM4,SUPT5H,DAZL,CPSF1,FAM120C,TNRC6B,PAIP1,RNF214,RC3H1,SMG6,PRPF19,CNOT2,GTPBP1,SYMPK,YTHDF2,PUM1,FAM120A,XRN1,TNRC6A,FAM120A,CSDE1,EXOSC10,ETF1,UNK,XRN1,EIF4A2,LSM2,EDC3,SUPT5H,GLE1,DDX20,LSM12,CSDE1,NCBP2,EIF4A2,TNRC6B,EDC3,SUPT5H,ETF1,ZC3H7A,ZC3H7A,ZC3HAV1,NCBP2,RNF219,AGO2,THOC1,ZC3HAV1,STAU1,SMG7,PATL1,STRAP,RC3H2,RBMS1,IBTK,ILF3,YTHDF1,ZC3H7A,EIF4A1,GRSF1,ZCCHC11,PRRC2B,CSDE1,TNRC6C,CPEB4,PRRC2B,SDCCAG3,SUPT5H,TRIM56,EDC3,LSM1,IPO11,UNK,CNOT6L,SMG6,UBAP2L,CTIF,DAZL,OTUD4,NXF1,HDLBP,RC3H1,LSM4,CPSF1,TNRC6B,EIF4A3,ALG13,XRN2,DDX3X,TNRC6A,LSM1,TNRC6A,SDCCAG3,TIA1,CPEB4,EIF4A1,PRRC2A,EIF4ENIF1,HELZ,TDRD3,DDX6,ALG13,STAU1,CPSF1,SMAP2,PATL1,GLE1,ZC3H7A,RNF219,SYNCRIP,IGF2BP2,SMG7,EDC3,SMAP2,SUPT5H,MKRN2,FUBP3,YTHDF2,CEP85,CPSF1,SMAP2,ZCCHC11,EIF4ENIF1,HDLBP,ST7,PAIP2,RNF219,LZTS2,KIF1B,TDRD3,SAMD4B,OTUD4,KIAA0355,CAPRIN1,EIF4A1,ZFP36,MOV10,EDC3,YTHDF3,STRAP,DDX20,EIF4ENIF1,CPSF1,FAM120C,AGO2,STAU1,LSM4,STAU1,KIAA1429,XRN1,NCBP2,EIF4A3,SMG7,LSM14A,OTUD4,ZC3H7A,YTHDF3,DDX20,TOP3B,NCBP2,ELAVL1,ST7,RC3H2,RC3H2,ETF1,MARF1,CNOT7,LSM12,SYNCRIP,YTHDF2,CSDE1,CNOT1,PUM1,IGF2BP1,KIAA0355,RNGTT,UBAP2L,IGF2BP2,FAM120C,AGO2,EIF4A1,DDX20,SMAP2,PUM1,MKRN2,XRN2,TOP3B,SUPT5H,DCP1A,YTHDF1,SMAP2,SMG7,EIF4A2,DAZL,RBM47,PAIP2,LSM12,DDX3X,TOP3B,NXF1,DAZL,FXR2,PAIP2,RBM47,DCP1A,STRAP,RNF219,CNOT7,AGO2,RNGTT,TDRD3,MKRN2,YTHDF2,AGO2,FXR2,DDX19B,UBAP2L,DDX19B,EIF4A1,ALG13,YTHDF3,TIA1,IGF2BP2,PRRC2B,UBAP2L,ETF1,RBMS1,SUPT5H,SMAP2,NCBP2,ILF3,CPEB4,TDRD3,KIAA0355,DDX19B,LSM4,KIAA1429,TDRD3,DDX6,EIF4A2,G3BP1,KIAA0355,YTHDF2,TNRC6B,NCBP2,GTPBP1,PARN,CELF1,ELAVL1,EIF4A3,STRAP,TDRD3,KIAA0355,LSM4,G3BP1,LSM1,GLE1,CNOT9,CSDE1,TOP3B,OTUD4,ATXN2,KIF1B,IGF2BP1,EXOSC10,KIAA1429,TBK1,KIAA0355,IGF2BP1,LSM14A,STRAP,SYMPK,FXR2,ZC3HAV1,UNK,LSM2,SMAP2,YTHDF3,PUM1,TNRC6B,SAMD4B,FUBP3,TBK1,EIF4A2,PRRC2B,YTHDF1,CELF1,FMR1,CELF1,MKRN2,ANKRD17,KIAA0355,PATL1,EXOSC10,RNF219,XRN2,ANKRD17,ZCCHC11,HDLBP,ZCCHC11,FXR2,MOV10,KIAA0355,CAPRIN1,MKRN2,PRRC2B,SYMPK,ZFP36,DDX6,PARN,PDCD4,THOC1,RC3H2,HELZ,EIF4A3,STAU1,YTHDF1,DDX19B,ANKRD17,TDRD3,USP10,FMR1,DDX19B,DDX3X,PARN,NUFIP2,CNOT7,ZC3HAV1,FMR1,KIF1B,USP10,KIAA0355,RNF219,LSM1,RC3H1,CPEB4,TIA1,SMG6,PAIP1,DDX1,FMR1,XRN1,PRRC2B,MCRIP2,ZCCHC11,ZC3HAV1,PRRC2A,FXR2,TNRC6A,CDC5L,EIF4A3,MOV10,GTPBP1,DDX19B,SYMPK,TNRC6A,PRPF19,STRAP,IGF2BP1,CPEB4,RC3H1,PRRC2B,CPSF1,LZTS2,HELZ,RNF214,USP10,LSM12,SYMPK,CNOT7,PRPF19,EIF4ENIF1,PARN,SUPT5H,ST7,AGO2,CTIF,CNOT9,TRIM56,RC3H2,XRN1,OTUD4,LARP4B,KIAA0355,ELAVL1,KIF1B,RC3H2,ATXN2,DCP1A,TDRD3,NUFIP2,DDX6,ILF3,EDC3,KIF1B,CNOT1,MOV10,TRIM25,AGO2,CPSF1,ETF1,ZC3HAV1,RNF214,YTHDF2,TBK1,ILF3,TDRD3,RC3H1,CNOT7,ATXN2,DCP1A,PATL1,ETF1,PABPC1,DDX20,ELAVL1,PAIP1,FAM120C,UBAP2L,USP10,NCBP2,LARP4B,ALG13,R3HDM2,TNRC6A,ILF3,TRIM56,TRIM25,DDX6,LSM14A,G3BP1,MOV10,CNOT1,CELF1,PAIP2,CNOT6L,PDCD4,LSM4,SUPT5H,PAIP1,XRN1,EIF4A1,PARN,NCBP2,PAIP1,CAPRIN1,DCP1A,TBK1,LSM12,PAIP1,CNOT1,EDC3,ZCCHC11,YTHDF3,YTHDF2,USP10,PRRC2A,CNOT1,MARF1,RBM47,CNOT9,ALG13,PUM1,SYMPK,LSM12,CPEB4,STAU1,OTUD4,TBK1,ALG13,XRN2,LARP4B,CAPRIN1,CNOT2,AGO2,LSM2,LSM2,TRIM25,SUPT5H,MKRN2,RC3H1,ZFP36,LSM14A,CNOT6L,FXR2,ZC3H7A,SDCCAG3,MOV10,EIF4A3,LSM12,USP10,EXOSC10,STAU1,TNRC6C,YTHDF2,NUFIP2,TBK1,PDCD4,TDRD3,IBTK,AGO2,SMAP2,TRIM56,SAMD4B,CNOT2,GTPBP1,FXR1,GTPBP1
EIF4A1,IBTK,G3BP1,ZC3HAV1,ALG13,FXR2,FAM120C,KIAA1429,TNRC6C,CNOT9,RBMS1,IGF2BP2,DDX1,MEX3B,MARF1,GRSF1,PDCD4,FAM120A,TRIM56,SAMD4B,DDX20,RNF219,DDX19B,IBTK,UBAP2L,FXR2,SMAP2,RNF214,MARF1,FXR2,LSM14A,EIF4A1,TRIM25,FMR1,G3BP1,GTPBP1,PARN,ZFP36,ZC3HAV1,CNOT9,DDX1,ANKRD17,CNOT2,CNOT6L,NUFIP2,TRIM56,TNRC6A,LZTS2,CDC5L,MKRN2,CDC5L,ZC3HAV1,ETF1,MARF1,GRSF1,UNK,MARF1,TDRD3,UNK,TOP3B,CNOT6L,LSM2,RBMS1,YTHDF1,CELF1,PRRC2A,NUFIP2,MARF1,ATXN2,R3HDM2,RNF219,TDRD3,USP10,ZC3H7A,ILF3,CSDE1,DDX20,ATXN2,GRSF1,YTHDF3,TNRC6B,PRRC2A,KIF1B,PAIP2,ETF1,ELAVL1,USP10,DDX1,KIAA0355,TDRD3,DDX20,DDX19B,PAIP2,RNGTT,DCP1A,TRIM25,TBK1,STAU1,TBK1,DDX19B,SUPT5H,LSM14A,PRRC2A,SMG6,GTPBP1,CEP85,IPO11,THOC1,FUBP3,KIAA1429,PATL1,PAIP2,DCP1A,CDC5L,MOV10,PRRC2B,SMG6,ST7,TNRC6C,RBM47,LSM4,PRRC2B,RBM47,GTPBP1,PUM1,MCRIP2,KIAA1429,LSM4,TNRC6C,DDX20,PRPF19,DDX20,HELZ,XRN2,IBTK,DDX20,PRPF19,ALG13,UNK,PAIP1,UNK,SUPT5H,CPSF1,ZCCHC11,IPO11,ELAVL1,PARN,ALG13,LSM1,PARN,YTHDF3,FXR2,CDC5L,CTIF,SUPT5H,PRRC2B,TNRC6B,PRRC2A,KIF1B,STRAP,ANKRD17,EIF4A1,ZC3H7A,G3BP1,PRRC2B,TRIM25,HDLBP,NXF1,IGF2BP2,ILF3,SYMPK,LSM1,IGF2BP1,XRN1,EIF4ENIF1,PRRC2B,RNF219,YTHDF3,FXR2,LARP4B,THOC1,PRPF19,CELF1,R3HDM2,LARP4B,TBK1,DDX6,YTHDF2,OTUD4,SYNCRIP,PRPF19,KIF1B,ZC3HAV1,CEP85,SYNCRIP,XRN1,XRN2,PARN,FMR1,CDC5L,XRN2,IGF2BP2,NCBP2,FAM120C,XRN2,LSM2,KIF1B,TDRD3,MKRN2,KIF1B,LSM2,IPO11,PAIP1,CNOT2,YTHDF1,FAM120C,XRN1,YTHDF3,RNGTT,G3BP1,DDX20,ST7,ETF1,CAPRIN1,RBMS1,SMAP2,SUPT5H,CNOT7,PABPC1,LARP4B,HELZ,GRSF1,ATXN2,STAU1,GRSF1,CNOT7,SAMD4B,PDCD4,LSM2,YTHDF1,SAMD4B,IGF2BP1,LSM12,IPO11,ZC3H7A,ELAVL1,LZTS2,EIF4ENIF1,DDX20,XRN2,PRPF19,TBK1,ATXN2,PABPC1,STRAP,CELF1,TBK1,NXF1,MARF1,TNRC6B,GRSF1,RBMS1,USP10,YTHDF1,USP10,PATL1,UBAP2L,XRN2,DDX20,ZFP36,STAU1,EIF4A3,SUPT5H,FXR1,PRRC2B,PRRC2B,CNOT2,TRIM56,HELZ,EDC3,AGO2,HDLBP,EIF4A2,CPSF1,RNGTT,DAZL,G3BP1,DDX3X,ZC3H7A,CNOT9,THOC1,LSM1,MEX3B,CEP85,STAU1,KIF1B,PRPF19,TRIM56,SAMD4B,AGO2,TBK1,FUBP3,R3HDM2,MKRN2,XRN2,KIAA0355,TDRD3,ETF1,PDCD4,DDX1,CELF1,DDX3X,RBM47,CNOT7,CDC5L,SMG7,LZTS2,TRIM56,MEX3B,RBM47,DCP1A,RBM47,KIF1B,XRN2,YTHDF3,TDRD3,EIF4ENIF1,TOP3B,PAIP1,FAM120A,XRN2,TRIM25,LZTS2,TNRC6A,DDX3X,ETF1,IPO11,SDCCAG3,KIAA1429,DDX1,TBK1,SYNCRIP,SYNCRIP,PAIP1,GLE1,LARP4B,LSM12,YTHDF1,DDX6,USP10,FMR1,GRSF1,RNGTT,CTIF,ELAVL1,PAIP1,TIA1,TRIM56,EIF4A1,USP10,XRN2,SMG6,CTIF,UNK,DDX19B,SMAP2,IGF2BP1,OTUD4,RNF219,RC3H1,DAZL,SDCCAG3,LSM12,GTPBP1,DDX20,CAPRIN1,MCRIP2,SUPT5H,LSM1,CTIF,NCBP2,UBAP2L,FUBP3,LSM1,RBMS1,UBAP2L,YTHDF3,TNRC6C,PATL1,SMG6,SDCCAG3,CPEB4,PRRC2B,RBM47,RBMS1,DDX6,TBK1,UBAP2L,PRPF19,OTUD4,IBTK,MCRIP2,CNOT9,PRRC2A,AGO2,CAPRIN1,RNF214,LSM14A,NXF1,ZC3H7A,YTHDF3,CNOT1,RNF214,IPO11,STRAP,EDC3,CDC5L,R3HDM2,PAIP2,CPEB4,AGO2,IGF2BP2,ANKRD17,TNRC6B,FXR2,TBK1,RNGTT,GRSF1,SMG7,CEP85,ANKRD17,IGF2BP2,RNF219,CNOT1,TRIM56,ANKRD17,ETF1,KIF1B,ELAVL1,FXR1,YTHDF2,KIF1B,PATL1,PRRC2B,EDC3,TDRD3,ILF3,EXOSC10,GRSF1,SMG7,PAIP2,MOV10,DDX1,THOC1,R3HDM2,MARF1,GLE1,CNOT1,DDX1,FXR1,STRAP,LSM12,RNF214,RBMS1,SYNCRIP,IGF2BP1,CPEB4,STRAP,MOV10,G3BP1,DCP1A,USP10,NCBP2,LSM1,SMG6,IPO11,EIF4A1,PRRC2B,PABPC1,IGF2BP1,FMR1,HDLBP,RBMS1,CPSF1,UBAP2L,TNRC6C,IPO11,CNOT7,FXR2,GLE1,CNOT9,TRIM25,DDX3X,EIF4ENIF1,CNOT2,PRRC2A,GRSF1,ZCCHC11,EIF4ENIF1,FAM120A,CDC5L,TNRC6C,YTHDF1,RBMS1,USP10,TBK1,CAPRIN1,TRIM25,NUFIP2,KIF1B
KIF1B,CNOT2,MOV10,R3HDM2,HELZ,LSM2,GTPBP1,TDRD3,THOC1,PDCD4,CELF1,FUBP3,IPO11,RNF214,EIF4A1,CAPRIN1,NXF1,LSM1,YTHDF3,CNOT1,CNOT6L,PDCD4,GTPBP1,ALG13,SMG7,UBAP2L,ANKRD17,CPSF1,SMG7,MEX3B,CTIF,ETF1,OTUD4,CNOT7,FMR1,DAZL,ILF3,EIF4ENIF1,EIF4ENIF1,UNK,DCP1A,TNRC6A,DDX19B,LSM1,CNOT1,GTPBP1,FXR1,MOV10,STAU1,PABPC1,CSDE1,PAIP1,ANKRD17,ANKRD17,R3HDM2,FAM120C,CDC5L,ALG13,DDX3X,SUPT5H,PRRC2A,CNOT9,FMR1,CPEB4,OTUD4,CEP85,PDCD4,YTHDF3,RBM47,IBTK,XRN2,STAU1,ELAVL1,IGF2BP1,DDX6,LSM2,PARN,CTIF,CNOT1,NUFIP2,ZC3HAV1,STAU1,LSM12,UBAP2L,LSM2,IGF2BP1,ALG13,DDX6,IGF2BP1,LSM2,TIA1,CPEB4,IBTK,EDC3,TBK1,LSM1,FMR1,FMR1,ZCCHC11,STRAP,LARP4B,MOV10,MOV10,G3BP1,LSM12,TOP3B,STRAP,FAM120A,RBMS1,TDRD3,XRN1,MCRIP2,SUPT5H,MEX3B,MARF1,AGO2,FAM120C,LSM12,LSM4,ATXN2,FUBP3,SMG6,CPEB4,DDX1,MOV10,FAM120A,EIF4A1,CPSF1,STAU1,CNOT7,PRRC2A,CPSF1,RNGTT,YTHDF1,CNOT9,EXOSC10,SUPT5H,EXOSC10,LSM12,IPO11,SMAP2,NXF1,PATL1,STRAP,DDX20,LSM12,PAIP1,PAIP1,LARP4B,UBAP2L,IPO11,CNOT1,IBTK,TOP3B,PRPF19,DAZL,CNOT6L,ZFP36,OTUD4,G3BP1,ATXN2,SMAP2,EIF4A3,DDX19B,LSM14A,PAIP2,EIF4A2,IPO11,ZCCHC11,TBK1,GRSF1,LSM12,USP10,EDC3,SDCCAG3,SMG6,KIF1B,SDCCAG3,PDCD4,EIF4A2,TOP3B,FAM120A,PRRC2B,ATXN2,CAPRIN1,GLE1,SAMD4B,ELAVL1,SUPT5H,XRN2,DDX1,ANKRD17,CTIF,TNRC6C,TIA1,PABPC1,STRAP,FXR1,KIF1B,TBK1,GLE1,MOV10,RBMS1,GTPBP1,KIAA0355,CNOT2,CEP85,USP10,RNGTT,IGF2BP2,MKRN2,TRIM25,TRIM25,ZC3HAV1,TNRC6C,ELAVL1,DDX1,DDX6,CAPRIN1,FUBP3,SYMPK,CNOT1,ZFP36,LARP4B,MCRIP2,CNOT1,PABPC1,MOV10,ELAVL1,DDX1,NUFIP2,TDRD3,PUM1,EXOSC10,SMG7,TNRC6B,KIAA1429,OTUD4,CPEB4,FAM120C,UNK,ATXN2,SYMPK,RBMS1,TRIM25,CEP85,RC3H2,SUPT5H,LSM12,MARF1,TNRC6A,FUBP3,KIAA0355,DDX6,TRIM56,GRSF1,CNOT7,MOV10,ZC3H7A,CPSF1,DDX3X,TRIM56,TNRC6B,SMG7,TBK1,CTIF,ZC3HAV1,EIF4A2,RBM47,ZCCHC11,PAIP2,HDLBP,TNRC6C,OTUD4,LSM14A,NUFIP2,YTHDF3,PDCD4,ANKRD17,CPEB4,GLE1,DCP1A,PATL1,SMG7,HELZ,SMG7,SYNCRIP,R3HDM2,SMAP2,SMG7,CTIF,XRN1,CDC5L,XRN1,SAMD4B,ST7,DDX3X,FAM120A,SMG7,TIA1,PAIP2,CPSF1,KIAA1429,PRPF19,TNRC6B,LZTS2,ZC3H7A,LSM12,CTIF,TNRC6B,ANKRD17,SYNCRIP,SMAP2,TBK1,NXF1,IBTK,UBAP2L,HDLBP,ILF3,DDX1,SYNCRIP,LSM2,PAIP1,PUM1,ANKRD17,MCRIP2,ZC3H7A,HDLBP,MARF1,SMAP2,ZC3H7A,RC3H1,CNOT9,PABPC1,PDCD4,KIAA1429,RNGTT,PAIP1,PDCD4,LARP4B,MCRIP2,ELAVL1,THOC1,DDX1,EIF4ENIF1,THOC1,CPSF1,PABPC1,FXR1,NCBP2,IPO11,YTHDF1,DDX20,SYNCRIP,CSDE1,LSM12,DDX3X,PUM1,KIAA1429,PUM1,LSM1,RNGTT,GLE1,CNOT2,RBM47,SMG7,TDRD3,TBK1,ANKRD17,RNGTT,SMAP2,SYMPK,TNRC6B,MEX3B,RNF219,STRAP,SDCCAG3,DCP1A,FUBP3,RNF219,DAZL,DDX1,ZCCHC11,LSM2,YTHDF3,CNOT6L,RC3H1,DDX19B,CPSF1,USP10,ILF3,RBM47,FMR1,ETF1,DDX20,RNF219,EDC3,PDCD4,DCP1A,GLE1,PUM1,DAZL,XRN2,GLE1,DDX3X,ZC3H7A,DDX3X,DDX19B,PRRC2A,PRRC2B,LARP4B,HDLBP,ST7,RNF214,TRIM56,THOC1,RBM47,CDC5L,ZC3H7A,EDC3,MCRIP2,STAU1,SUPT5H,GTPBP1,SDCCAG3,LSM4,CELF1,IGF2BP2,DCP1A,CPEB4,RNGTT,PUM1,ZFP36,PAIP2,PUM1,LSM12,ZC3H7A,RNGTT,ZC3HAV1,CNOT7,MOV10,PAIP2,TRIM25,IPO11,MARF1,IGF2BP2,TBK1,NXF1,FXR1,CAPRIN1,LSM14A,DDX3X,UNK,SMG6,SUPT5H,CDC5L,CNOT7,LSM4,KIAA0355,THOC1,NCBP2,XRN1,RNF219,TNRC6A,CPSF1,MOV10,NUFIP2,SAMD4B,XRN1,SYNCRIP,CTIF,DAZL,THOC1,TRIM25,ZFP36,LARP4B,TNRC6C,TRIM56,ELAVL1,LSM1,LSM1,CSDE1,ZFP36,KIF1B,KIAA0355,TNRC6B,RNF214,ATXN2,CEP85,CNOT2,LSM14A,PRRC2A,EIF4A2,LSM1,DAZL,CELF1,USP10,PARN,FAM120C,CPEB4,MCRIP2,FAM120A,IGF2BP2,XRN1,FAM120A,RNF214,NUFIP2,ZC3HAV1,TNRC6A,FMR1
LSM12,RNF219,RC3H1,NXF1,USP10,CELF1,EIF4A1,ZC3H7A,RBMS1,ALG13,ZC3HAV1,RNF214,ST7,IPO11,LSM1,HDLBP,RNF219,CAPRIN1,PRRC2A,YTHDF2,STAU1,TRIM56,DDX3X,DDX6,USP10,SMG6,DDX19B,CNOT6L,ZCCHC11,YTHDF3,NUFIP2,EIF4ENIF1,PDCD4,SDCCAG3,SDCCAG3,ILF3,LARP4B,CTIF,THOC1,YTHDF1,LSM14A,LSM12,TDRD3,HELZ,EXOSC10,NXF1,MARF1,CNOT2,TBK1,CNOT2,RC3H1,PDCD4,EIF4ENIF1,RC3H2,ATXN2,ST7,CPSF1,MOV10,STAU1,ILF3,LSM12,LARP4B,ALG13,MCRIP2,PUM1,GRSF1,MEX3B,TBK1,PRPF19,KIAA1429,DCP1A,XRN2,EIF4ENIF1,CELF1,YTHDF2,FXR1,ETF1,SUPT5H,FXR2,RNF219,IBTK,TNRC6A,EIF4A3,MEX3B,RBMS1,GTPBP1,TNRC6A,OTUD4,SUPT5H,TBK1,TNRC6C,NXF1,PRRC2B,IGF2BP1,RBM47,MARF1,IBTK,SMG6,HDLBP,GLE1,MOV10,SDCCAG3,CNOT7,DDX6,CSDE1,SYMPK,DDX3X,SDCCAG3,STRAP,THOC1,USP10,XRN1,RC3H1,SUPT5H,NUFIP2,TNRC6A,RBM47,TNRC6C,ST7,RC3H2,NUFIP2,KIF1B,PATL1,ZC3H7A,ZC3H7A,YTHDF3,DDX3X,GRSF1,MEX3B,CEP85,EIF4A2,TOP3B,FAM120C,AGO2,ANKRD17,RC3H1,RNF219,NXF1,TNRC6B,ATXN2,SAMD4B,PAIP2,HELZ,DAZL,RBMS1,CELF1,IGF2BP2,ST7,YTHDF2,DDX20,USP10,R3HDM2,SAMD4B,KIF1B,IPO11,LSM12,DDX19B,HELZ,PAIP2,MCRIP2,TRIM25,CEP85,PRRC2B,ZFP36,RNGTT,FXR1,STRAP,PARN,CDC5L,PABPC1,RBM47,LSM4,RBMS1,IPO11,TNRC6A,XRN2,TIA1,SMG6,STAU1,TNRC6B,ZCCHC11,PARN,LSM4,TIA1,ZC3HAV1,TOP3B,CELF1,AGO2,SYMPK,R3HDM2,FMR1,CTIF,CELF1,RBMS1,ANKRD17,NUFIP2,FAM120A,RNF214,EIF4A1,PRRC2A,NCBP2,IGF2BP1,PUM1,PAIP1,ZCCHC11,EIF4A2,FMR1,ZFP36,HELZ,DDX3X,CSDE1,YTHDF1,SMAP2,SUPT5H,PDCD4,ALG13,CSDE1,CAPRIN1,RC3H2,TIA1,YTHDF2,THOC1,RNGTT,DDX19B,GLE1,MKRN2,CNOT1,PRRC2A,CTIF,SMG6,PRPF19,CEP85,UNK,NUFIP2,TNRC6C,TRIM25,FAM120A,YTHDF1,EIF4A3,MARF1,CPEB4,RNF219,OTUD4,ZC3HAV1,OTUD4,CNOT2,YTHDF3,NUFIP2,ZFP36,ETF1,MCRIP2,LARP4B,LSM2,SYNCRIP,PRPF19,KIAA0355,YTHDF3,LARP4B,CTIF,UNK,CNOT1,PATL1,CNOT6L,PATL1,XRN2,TBK1,SMAP2,KIAA0355,EXOSC10,OTUD4,KIAA1429,CNOT7,TRIM56,CELF1,TDRD3,MARF1,YTHDF1,STRAP,RC3H2,FMR1,G3BP1,RC3H1,TBK1,NCBP2,LSM1,FXR2,RNF214,UBAP2L,FUBP3,PAIP2,ST7,UBAP2L,EXOSC10,CDC5L,ZC3HAV1,YTHDF3,USP10,TNRC6C,FXR2,SYNCRIP,YTHDF3,PAIP2,ALG13,HELZ,IBTK,EIF4A3,ANKRD17,TNRC6A,IGF2BP1,RC3H2,FXR2,IBTK,ELAVL1,DCP1A,PRRC2B,LSM14A,CNOT2,ETF1,CDC5L,TIA1,IBTK,GLE1,EIF4A2,ALG13,OTUD4,FXR2,FUBP3,UBAP2L,PABPC1,USP10,ZC3HAV1,KIAA1429,LSM12,GTPBP1,DCP1A,XRN1,CNOT7,PRRC2B,FXR1,MARF1,PRRC2A,SUPT5H,EDC3,ST7,RNGTT,ZC3H7A,GLE1,RC3H1,UNK,PABPC1,TIA1,EIF4ENIF1,CDC5L,SMAP2,ATXN2,LSM1,IGF2BP1,CPSF1,FXR1,XRN1,RNF214,LSM2,SMG7,LARP4B,FXR1,IBTK,KIAA0355,RNGTT,STRAP,KIF1B,CAPRIN1,HELZ,GLE1,TRIM25,LSM4,CNOT9,IPO11,ST7,PAIP1,ZFP36,MEX3B,CNOT6L,RNF219,HELZ,CNOT9,TRIM56,EDC3,FAM120A,NUFIP2,SMAP2,SAMD4B,CNOT6L,RBMS1,PAIP2,TBK1,GRSF1,PDCD4,TNRC6B,KIF1B,SDCCAG3,TNRC6A,GLE1,STRAP,IGF2BP1,HELZ,DDX1,AGO2,AGO2,RNGTT,SAMD4B,R3HDM2,UNK,IBTK,LSM1,LSM1,TBK1,ST7,IGF2BP2,SMAP2,CAPRIN1,THOC1,LSM14A,GTPBP1,MEX3B,EIF4A3,RNF219,PAIP1,PARN,TNRC6A,PAIP1,PARN,SUPT5H,CAPRIN1,SDCCAG3,DAZL,TOP3B,CNOT2,CNOT2,IBTK,DDX1,HDLBP,YTHDF1,ALG13,THOC1,PRRC2B,CDC5L,IGF2BP2,ZC3H7A,AGO2,TIA1,MEX3B,PRRC2A,TBK1,GLE1,FMR1,EIF4A2,TRIM56,MEX3B,PATL1,SUPT5H,MOV10,TNRC6A,RBM47,LSM1,NUFIP2,PRPF19,PABPC1,IGF2BP2,XRN2,FUBP3,DDX20,MEX3B,TIA1,PDCD4,AGO2,KIF1B,CPEB4,ETF1,PRPF19,DDX6,PRRC2A,STAU1,G3BP1,YTHDF2,OTUD4,TIA1,PRRC2A,UNK,PDCD4,EIF4A1,LSM12,ZCCHC11,GTPBP1,TOP3B,CNOT9,MOV10,SMAP2,PAIP2,RC3H1,MOV10,RBMS1,DAZL,MKRN2,TIA1,CSDE1,CELF1,YTHDF2,USP10,ANKRD17,PARN
PUM1,ZC3HAV1,SDCCAG3,CNOT2,EDC3,IGF2BP2,TNRC6C,DDX3X,TRIM56,EXOSC10,GTPBP1,LSM12,DCP1A,CAPRIN1,PRRC2B,PAIP1,LSM2,PATL1,TDRD3,RNGTT,CPEB4,ZC3HAV1,IGF2BP2,FMR1,RNF214,YTHDF2,GRSF1,ZCCHC11,RBMS1,IBTK,UBAP2L,LSM4,SAMD4B,LSM12,IGF2BP1,USP10,THOC1,DDX1,MOV10,ZC3H7A,ZC3H7A,CNOT6L,PAIP1,GTPBP1,CNOT6L,CNOT7,G3BP1,KIAA1429,CEP85,XRN2,USP10,ELAVL1,EDC3,SUPT5H,XRN2,NXF1,FUBP3,HELZ,AGO2,NXF1,SMG7,CAPRIN1,CNOT6L,RBM47,LARP4B,ALG13,ILF3,LSM14A,XRN1,PUM1,MKRN2,PAIP1,HDLBP,FAM120A,YTHDF3,TIA1,R3HDM2,PDCD4,CNOT9,TOP3B,CNOT2,CSDE1,TDRD3,CNOT2,ALG13,CEP85,PRRC2B,ANKRD17,NCBP2,PABPC1,ATXN2,DDX3X,SMG6,CNOT7,ATXN2,RBMS1,UNK,SAMD4B,RNF214,FAM120A,CPSF1,KIF1B,EIF4A3,SMG7,YTHDF2,HELZ,DCP1A,AGO2,FXR1,GLE1,EIF4A1,SMG7,RBMS1,YTHDF1,DDX6,RNF214,ILF3,RBM47,SMAP2,ILF3,TDRD3,THOC1,FMR1,FAM120A,LZTS2,TNRC6A,RNF214,PUM1,PRRC2A,HELZ,KIAA0355,DDX3X,CTIF,STRAP,DCP1A,STAU1,YTHDF2,AGO2,EIF4A1,PRPF19,KIAA1429,CPEB4,EIF4A3,ZC3H7A,CNOT1,TNRC6A,STAU1,MOV10,TBK1,THOC1,TRIM25,CNOT6L,RBMS1,IBTK,ILF3,FAM120C,IGF2BP2,MARF1,LARP4B,LSM12,TNRC6B,MKRN2,TDRD3,STAU1,SUPT5H,ALG13,CNOT2,ZFP36,ZC3HAV1,PUM1,CSDE1,DDX1,XRN2,DAZL,CAPRIN1,KIF1B,R3HDM2,RBM47,HELZ,ZC3H7A,ANKRD17,MOV10,ETF1,ZC3HAV1,SYNCRIP,IBTK,MCRIP2,PUM1,SMG6,PAIP2,IPO11,LARP4B,SYNCRIP,OTUD4,PAIP2,SMAP2,PAIP2,SYNCRIP,CTIF,USP10,DCP1A,GTPBP1,FMR1,PRRC2B,G3BP1,FXR2,CDC5L,LSM2,NCBP2,RNF219,CNOT1,TRIM56,PRRC2A,AGO2,TRIM25,CNOT9,PABPC1,ZC3H7A,EDC3,NXF1,DAZL,STAU1,DAZL,RC3H1,USP10,SMG6,USP10,EXOSC10,MEX3B,SAMD4B,ZC3H7A,RNF219,PARN,OTUD4,ANKRD17,USP10,GRSF1,KIAA0355,LSM12,PARN,ILF3,IBTK,SMG7,YTHDF3,PAIP2,PUM1,RNF219,CEP85,LSM4,OTUD4,ANKRD17,CSDE1,CDC5L,TNRC6B,RNF214,UNK,NXF1,SMAP2,LSM12,CDC5L,MCRIP2,LSM14A,MARF1,TOP3B,MKRN2,DDX1,OTUD4,PABPC1,CELF1,UNK,ATXN2,TOP3B,DAZL,DDX3X,TNRC6A,MEX3B,EDC3,KIAA0355,EIF4ENIF1,DAZL,IGF2BP2,YTHDF1,HDLBP,SYMPK,EIF4A3,SDCCAG3,PRPF19,FAM120A,HDLBP,YTHDF1,ZFP36,KIAA1429,USP10,MEX3B,PDCD4,PRRC2B,XRN2,CNOT7,CNOT7,DDX6,ZC3H7A,PDCD4,CAPRIN1,SDCCAG3,TDRD3,ETF1,FUBP3,CSDE1,FAM120C,IGF2BP2,PUM1,LSM12,ANKRD17,LARP4B,FMR1,STRAP,CEP85,ALG13,FAM120C,RNGTT,LZTS2,ELAVL1,CNOT7,SYMPK,ATXN2,RNF219,OTUD4,ELAVL1,CDC5L,RBMS1,PRPF19,CPEB4,TNRC6A,FAM120A,RBMS1,ZC3HAV1,ALG13,GLE1,UNK,LSM1,ATXN2,ST7,ZFP36,CELF1,NXF1,EIF4A3,DDX1,XRN1,CNOT1,LSM12,CPSF1,STAU1,DDX6,DDX20,DDX19B,ETF1,CPEB4,DDX6,CDC5L,PAIP2,ZCCHC11,MARF1,ANKRD17,USP10,CSDE1,FUBP3,HDLBP,RNF219,MCRIP2,UBAP2L,IGF2BP2,RBM47,YTHDF3,RC3H1,AGO2,SMG6,NCBP2,EIF4A3,TOP3B,EIF4ENIF1,UBAP2L,SAMD4B,ZC3H7A,SMG7,LSM4,KIAA1429,LZTS2,LSM14A,FAM120C,ST7,PRRC2B,NCBP2,GRSF1,EIF4ENIF1,KIAA1429,TDRD3,TOP3B,NCBP2,PATL1,USP10,DAZL,GTPBP1,TDRD3,R3HDM2,TNRC6A,CEP85,G3BP1,PUM1,PUM1,CNOT9,TOP3B,MKRN2,ZC3H7A,ALG13,STAU1,HELZ,SMG7,DDX19B,EDC3,DAZL,KIAA0355,RNF219,LZTS2,HELZ,DDX6,PDCD4,PRRC2A,AGO2,ZCCHC11,SYMPK,TNRC6C,CNOT1,SYNCRIP,ZFP36,MKRN2,PAIP1,DDX19B,FXR2,YTHDF2,IGF2BP2,THOC1,GTPBP1,MCRIP2,SYNCRIP,EIF4A2,LSM12,MEX3B,TNRC6A,PAIP1,RBM47,TBK1,G3BP1,TNRC6A,LSM2,PARN,MOV10,RBM47,PRPF19,RBMS1,GRSF1,TDRD3,ST7,MARF1,AGO2,DDX19B,R3HDM2,CAPRIN1,CTIF,PARN,FXR2,PDCD4,ZCCHC11,USP10,UBAP2L,FXR1,ILF3,XRN1,ZFP36,ZC3H7A,CNOT9,DDX6,TOP3B,DDX19B,PARN,ZFP36,GTPBP1,HDLBP,DCP1A,PUM1,LSM14A,ANKRD17,LARP4B,TDRD3,SUPT5H,HDLBP,SMG6,LSM14A,TRIM56,R3HDM2,GTPBP1,ETF1,ANKRD17,SDCCAG3,STAU1,ANKRD17,R3HDM2,LZTS2,XRN1,CDC5L,PAIP1
TIA1,TRIM25,IGF2BP1,DDX20,EIF4A3,SUPT5H,YTHDF1,SYNCRIP,ZC3H7A,IGF2BP1,TNRC6C,IGF2BP1,YTHDF2,HDLBP,ZCCHC11,KIAA1429,ATXN2,SYNCRIP,CAPRIN1,DDX6,RNF219,ANKRD17,HDLBP,CNOT1,R3HDM2,PUM1,EIF4A1,OTUD4,IGF2BP1,GRSF1,SMG7,DCP1A,SDCCAG3,PATL1,DDX19B,UNK,LSM4,RC3H2,ILF3,CDC5L,DDX19B,HELZ,UBAP2L,NCBP2,IGF2BP1,ELAVL1,LSM4,DAZL,R3HDM2,KIAA1429,PRRC2A,CNOT2,RNGTT,HELZ,IPO11,KIAA1429,RC3H2,LARP4B,EIF4A2,FUBP3,EIF4A3,IGF2BP2,DDX3X,HDLBP,DDX1,RNF214,DDX1,R3HDM2,MARF1,DDX6,KIF1B,SYMPK,LSM14A,SYMPK,MCRIP2,XRN1,CEP85,CNOT1,LSM1,LSM2,FUBP3,DDX19B,CPSF1,IGF2BP2,R3HDM2,ETF1,DDX20,ZC3HAV1,PRPF19,RNGTT,YTHDF1,CSDE1,ELAVL1,GTPBP1,KIAA1429,DDX20,DDX1,YTHDF1,FXR2,TNRC6C,FUBP3,LSM12,MEX3B,DDX3X,FXR2,TNRC6A,TNRC6B,EIF4A1,ANKRD17,CPEB4,FAM120A,CNOT2,HELZ,EDC3,RNGTT,TBK1,IBTK,LSM14A,DDX3X,TDRD3,STRAP,CELF1,CNOT7,ALG13,YTHDF3,RNF219,UNK,CNOT7,CNOT7,HDLBP,SMG6,SMG7,KIF1B,EIF4ENIF1,RNF214,PRRC2A,TIA1,EDC3,HELZ,TIA1,FUBP3,LSM4,TNRC6A,PAIP2,DDX3X,MEX3B,NCBP2,PRPF19,YTHDF3,TDRD3,MEX3B,SUPT5H,FAM120C,OTUD4,LARP4B,NUFIP2,UBAP2L,G3BP1,DDX1,UNK,CNOT1,DAZL,ANKRD17,KIF1B,PDCD4,MEX3B,DDX20,EIF4A3,USP10,FXR1,DDX19B,PATL1,GLE1,TNRC6C,CPSF1,RNF214,EIF4A2,RBMS1,HDLBP,MEX3B,FAM120A,ATXN2,DAZL,EIF4A3,FMR1,GRSF1,TNRC6A,IGF2BP1,RC3H2,XRN1,IGF2BP2,RNGTT,ILF3,LARP4B,UNK,ELAVL1,CPSF1,NCBP2,TNRC6C,CNOT6L,LZTS2,SAMD4B,ZCCHC11,EIF4A3,PDCD4,EIF4A3,RNF219,PUM1,IBTK,MEX3B,HDLBP,XRN1,NUFIP2,CNOT9,NXF1,ETF1,DDX6,EIF4A2,EXOSC10,PARN,PAIP1,LARP4B,KIAA0355,CDC5L,ST7,CEP85,AGO2,ZC3H7A,PRRC2B,SYNCRIP,CNOT6L,FMR1,PRRC2A,DCP1A,PARN,THOC1,RC3H1,EIF4A2,R3HDM2,GLE1,STRAP,NXF1,KIF1B,ATXN2,SMG6,NXF1,DDX1,SMG6,EDC3,LSM4,CNOT7,CNOT6L,TBK1,CNOT6L,DDX3X,TBK1,ZC3HAV1,TRIM25,MOV10,SYNCRIP,OTUD4,XRN2,SYNCRIP,HELZ,TRIM25,TDRD3,TOP3B,ST7,LZTS2,TRIM25,TNRC6C,CEP85,CELF1,SDCCAG3,MCRIP2,ETF1,LSM14A,SDCCAG3,PRRC2A,TRIM25,DAZL,CDC5L,MCRIP2,MOV10,GRSF1,G3BP1,EIF4A2,EIF4A1,LSM4,EIF4A3,ETF1,TNRC6C,KIF1B,CNOT7,RNGTT,PAIP2,EDC3,PRRC2A,CEP85,EIF4A3,XRN2,CSDE1,ELAVL1,G3BP1,DDX1,ZCCHC11,YTHDF3,YTHDF3,IBTK,EXOSC10,IGF2BP2,DDX6,TBK1,GTPBP1,PATL1,ALG13,SYMPK,CELF1,MOV10,HDLBP,ELAVL1,MEX3B,CEP85,HELZ,TBK1,YTHDF2,FAM120A,MCRIP2,IGF2BP2,DDX6,PRRC2A,XRN1,MOV10,DDX20,XRN2,NCBP2,SYMPK,FUBP3,TDRD3,GLE1,LSM12,LSM2,FXR2,TDRD3,GTPBP1,ZCCHC11,SYMPK,LARP4B,DCP1A,SMAP2,AGO2,HELZ,ETF1,DCP1A,TIA1,SMAP2,RBMS1,AGO2,ST7,TDRD3,ZC3HAV1,RC3H1,CNOT1,LSM1,GLE1,DDX19B,LSM12,PATL1,HELZ,RBMS1,SDCCAG3,UBAP2L,SAMD4B,TDRD3,EIF4A1,XRN2,MARF1,YTHDF3,DDX19B,PAIP1,YTHDF3,FMR1,CPEB4,SDCCAG3,STRAP,ANKRD17,IGF2BP2,IGF2BP1,PARN,DCP1A,CNOT6L,TNRC6C,ALG13,PARN,RBM47,FXR1,CTIF,R3HDM2,CELF1,CNOT1,MKRN2,NXF1,UNK,TBK1,GTPBP1,DAZL,EIF4A2,CNOT9,MKRN2,CAPRIN1,DAZL,MARF1,XRN2,CAPRIN1,PABPC1,ILF3,KIF1B,RBMS1,STAU1,TOP3B,TRIM25,DDX1,IBTK,CNOT9,FUBP3,ATXN2,CPEB4,SMG7,LSM2,FXR1,RC3H2,CDC5L,LARP4B,EIF4ENIF1,PAIP2,ILF3,IGF2BP1,EIF4A1,IGF2BP1,NXF1,TNRC6B,HDLBP,STRAP,G3BP1,YTHDF3,ELAVL1,RNGTT,RC3H1,ETF1,TOP3B,KIF1B,LSM2,EIF4A1,DDX20,ALG13,PATL1,PRRC2A,TOP3B,LSM14A,ST7,SUPT5H,EIF4A1,EXOSC10,YTHDF1,XRN1,LSM2,XRN1,NCBP2,ZFP36,RBMS1,ZC3HAV1,MCRIP2,UNK,PUM1,CEP85,DDX3X,EIF4A2,ALG13,TRIM56,TNRC6A,TNRC6C,YTHDF3,UNK,IPO11,EXOSC10,LZTS2,CNOT2,CSDE1,NXF1,DDX1,KIAA0355,SUPT5H,TRIM25,IBTK,CDC5L,DCP1A,TIA1,NCBP2,SYMPK,IGF2BP2,PABPC1,PRPF19,MEX3B,ETF1,RBM47,USP10,ANKRD17,TNRC6A,RBM47,TBK1
IGF2BP1,SMG7,LSM1,LZTS2,IBTK,PUM1,RC3H1,OTUD4,CNOT6L,LSM2,LSM4,USP10,GTPBP1,FUBP3,PATL1,LSM2,ZCCHC11,CNOT1,KIAA1429,ILF3,UBAP2L,CPSF1,MEX3B,LSM2,ELAVL1,LARP4B,CTIF,ZC3HAV1,TNRC6C,PUM1,IBTK,IGF2BP1,ZC3HAV1,STAU1,DCP1A,PATL1,KIAA1429,RBMS1,NXF1,KIF1B,NUFIP2,XRN2,LSM2,CTIF,R3HDM2,TRIM25,CNOT2,IGF2BP1,FMR1,KIF1B,ZC3H7A,SYMPK,UNK,USP10,PARN,R3HDM2,SMG7,GRSF1,DAZL,ST7,PATL1,LSM14A,KIAA0355,PRPF19,PRRC2A,MKRN2,SYNCRIP,FMR1,TRIM56,RNF214,NCBP2,ATXN2,PDCD4,PAIP1,ANKRD17,PRPF19,RBMS1,DDX19B,ZC3H7A,PARN,CNOT7,KIAA1429,CAPRIN1,GRSF1,RBM47,LSM4,CSDE1,GRSF1,STRAP,PARN,CPEB4,SYNCRIP,LSM12,THOC1,TRIM56,IPO11,CEP85,EIF4ENIF1,CNOT9,ZCCHC11,CAPRIN1,CNOT6L,G3BP1,THOC1,NXF1,LZTS2,IGF2BP1,CNOT9,LARP4B,ZC3HAV1,CNOT2,PRRC2B,DDX1,FXR1,EIF4A1,DAZL,AGO2,FMR1,PUM1,IGF2BP1,CNOT9,PDCD4,KIF1B,LSM2,TIA1,SMG7,GTPBP1,ETF1,SAMD4B,RC3H2,SYNCRIP,LSM12,GTPBP1,PABPC1,FAM120C,TNRC6C,FMR1,TOP3B,ELAVL1,TNRC6B,IGF2BP2,PRRC2B,UNK,IPO11,KIF1B,CTIF,HDLBP,YTHDF1,PATL1,LSM12,UBAP2L,TDRD3,CNOT9,TIA1,CPSF1,NXF1,IBTK,TNRC6B,MCRIP2,ANKRD17,PRRC2A,DCP1A,MKRN2,GLE1,TRIM56,LZTS2,STAU1,RBM47,IGF2BP1,UBAP2L,MCRIP2,TRIM25,R3HDM2,KIF1B,RNF219,SYMPK,DDX20,EIF4A1,CNOT6L,LSM2,R3HDM2,RNF214,ST7,EIF4A2,EIF4A3,HELZ,SMG6,SYNCRIP,SMG7,TDRD3,GRSF1,ALG13,ETF1,XRN1,LSM1,MKRN2,ST7,UBAP2L,CEP85,TDRD3,MCRIP2,LARP4B,ZC3H7A,PDCD4,EIF4A3,FXR1,FAM120A,DDX3X,EXOSC10,CNOT9,PRRC2A,DDX3X,CTIF,FMR1,ALG13,IPO11,EIF4ENIF1,IGF2BP2,GTPBP1,CPEB4,ZC3H7A,SDCCAG3,USP10,YTHDF1,KIAA0355,MARF1,CNOT2,YTHDF3,DDX1,MEX3B,PUM1,AGO2,ZC3H7A,MEX3B,RBMS1,LSM4,LARP4B,PRRC2B,XRN1,ANKRD17,CELF1,CELF1,TIA1,AGO2,ANKRD17,ANKRD17,YTHDF1,EIF4A1,STRAP,FXR1,CAPRIN1,ZFP36,RC3H1,SDCCAG3,UNK,XRN2,SMG6,PATL1,FAM120A,EIF4A3,ANKRD17,EIF4A3,PARN,PARN,GTPBP1,SMG7,TNRC6C,IGF2BP1,NXF1,PAIP1,PDCD4,ZCCHC11,FXR1,MKRN2,PUM1,TRIM56,TNRC6A,ETF1,CSDE1,GTPBP1,STAU1,FUBP3,CELF1,EIF4ENIF1,DDX20,IGF2BP2,SUPT5H,YTHDF3,TNRC6A,PAIP1,DAZL,CTIF,FAM120C,NCBP2,FXR1,CTIF,ST7,IPO11,CPEB4,PRRC2A,SYMPK,MOV10,AGO2,OTUD4,CPEB4,TNRC6B,ZFP36,CNOT9,GTPBP1,FAM120C,RBM47,ZCCHC11,PABPC1,HELZ,LSM4,MKRN2,AGO2,SMG7,HELZ,LZTS2,ETF1,CPEB4,PATL1,PDCD4,TRIM56,RC3H1,YTHDF1,IPO11,IBTK,PRRC2B,YTHDF1,SYNCRIP,FAM120A,ST7,STRAP,KIAA0355,ANKRD17,ATXN2,LSM1,NXF1,TNRC6C,LZTS2,MKRN2,MOV10,FXR2,LSM2,YTHDF1,LSM1,PRPF19,DCP1A,KIAA0355,AGO2,RC3H2,MARF1,HDLBP,IPO11,CELF1,USP10,FMR1,LSM1,CNOT7,EIF4A2,IGF2BP1,SYMPK,ELAVL1,KIAA1429,YTHDF1,KIF1B,IPO11,SMG7,TNRC6A,SMG7,CAPRIN1,EDC3,SDCCAG3,ST7,NUFIP2,RNF219,HDLBP,DDX6,MCRIP2,PAIP1,RC3H2,YTHDF1,MCRIP2,LSM14A,HDLBP,EXOSC10,CDC5L,HDLBP,UBAP2L,PABPC1,LSM1,EIF4A3,IPO11,NUFIP2,CPEB4,GTPBP1,USP10,MKRN2,EIF4A2,CTIF,SAMD4B,TNRC6B,RBM47,ZFP36,PRRC2B,SMG6,YTHDF3,ZCCHC11,PRRC2B,IPO11,EDC3,SAMD4B,ALG13,TRIM25,FXR2,MCRIP2,PRRC2A,CDC5L,TNRC6C,LARP4B,RNF214,UNK,TBK1,CEP85,YTHDF1,IBTK,CNOT6L,DDX1,HELZ,YTHDF1,CTIF,DDX1,HELZ,PAIP2,CDC5L,NCBP2,SYMPK,UNK,CPEB4,FXR1,LSM12,GRSF1,LSM2,SYMPK,YTHDF1,GLE1,ANKRD17,FAM120C,PUM1,MCRIP2,DDX19B,KIAA1429,CNOT2,RNF219,EIF4ENIF1,UBAP2L,ZC3HAV1,CNOT2,NXF1,DCP1A,RNGTT,PATL1,UBAP2L,NUFIP2,TNRC6B,PAIP1,GRSF1,FAM120A,ATXN2,HELZ,ANKRD17,PRRC2A,FXR2,RNF219,SYNCRIP,LSM1,RBMS1,ALG13,EDC3,CPSF1,LSM2,OTUD4,EIF4A2,EIF4A3,SYMPK,LSM12,IGF2BP2,ZC3H7A,ZC3HAV1,TBK1,KIAA0355,AGO2,DCP1A,CAPRIN1,PAIP2,CDC5L,LSM12,PRRC2B,IPO11,SDCCAG3,TDRD3,PDCD4,DDX19B,MKRN2,STRAP,CAPRIN1,ALG13,CEP85
ALG13,MKRN2,HELZ,MARF1,LSM4,EIF4A3,RC3H2,CAPRIN1,LSM4,AGO2,UBAP2L,TBK1,TDRD3,TNRC6C,CAPRIN1,STAU1,FXR2,USP10,LSM1,CTIF,IGF2BP1,LSM14A,ATXN2,PUM1,DDX19B,RC3H2,TRIM25,RNGTT,LSM14A,LARP4B,FMR1,LSM1,DAZL,IPO11,TNRC6B,OTUD4,RNF219,STAU1,RC3H2,DAZL,DDX6,AGO2,CPSF1,ZCCHC11,FXR1,FUBP3,KIF1B,SYMPK,DDX19B,CEP85,LSM12,CDC5L,CDC5L,LZTS2,ALG13,NCBP2,TNRC6A,ZFP36,CNOT6L,CTIF,ZC3HAV1,SUPT5H,UBAP2L,STRAP,KIAA0355,IGF2BP2,G3BP1,HELZ,OTUD4,MKRN2,IBTK,PRRC2B,ALG13,AGO2,HELZ,STAU1,LARP4B,ST7,SYNCRIP,FXR2,HDLBP,FUBP3,STAU1,MKRN2,IGF2BP2,CTIF,LSM14A,STRAP,STAU1,FUBP3,LARP4B,LARP4B,DDX20,CNOT9,HDLBP,PUM1,PABPC1,LSM1,LSM1,FXR2,PAIP2,GLE1,FXR2,SDCCAG3,MOV10,SMAP2,LARP4B,CNOT2,GTPBP1,TRIM25,FXR2,FXR2,LZTS2,MKRN2,CSDE1,PAIP1,CTIF,IGF2BP1,SYMPK,FAM120A,RNF219,RNF219,PAIP2,TIA1,CNOT9,FXR2,TDRD3,SYMPK,YTHDF2,XRN2,EXOSC10,ALG13,YTHDF3,IBTK,USP10,SMG7,KIAA1429,CEP85,MCRIP2,PABPC1,ETF1,OTUD4,YTHDF3,XRN2,TBK1,CPSF1,CAPRIN1,EIF4ENIF1,CPSF1,IGF2BP2,SMAP2,FMR1,SUPT5H,CNOT7,ZC3HAV1,TDRD3,SUPT5H,ELAVL1,UNK,ILF3,CELF1,CNOT7,CTIF,KIAA0355,FAM120C,PDCD4,PARN,PDCD4,CEP85,FUBP3,YTHDF3,MEX3B,IPO11,SMG6,MARF1,STAU1,AGO2,XRN2,PAIP1,SMAP2,ST7,CNOT2,RC3H2,SYMPK,PRPF19,RNF214,RC3H2,ALG13,EXOSC10,CNOT6L,GLE1,IGF2BP2,KIAA1429,FAM120A,RC3H1,CELF1,PATL1,YTHDF2,OTUD4,GLE1,EDC3,KIAA1429,LZTS2,ELAVL1,RC3H1,HELZ,DDX3X,TIA1,USP10,CELF1,TRIM56,RNF219,LSM1,IPO11,KIAA0355,IGF2BP1,SYNCRIP,YTHDF2,DDX20,FAM120A,LSM12,OTUD4,STRAP,MKRN2,DAZL,YTHDF2,CEP85,LSM14A,CNOT1,DAZL,UBAP2L,RBM47,ELAVL1,ZC3HAV1,CTIF,CPEB4,IGF2BP1,RBM47,ANKRD17,UBAP2L,FXR1,THOC1,LSM2,IGF2BP2,DDX19B,PARN,USP10,MEX3B,EIF4A1,LZTS2,RBM47,ALG13,CNOT1,IBTK,RC3H1,YTHDF2,MKRN2,CNOT6L,IGF2BP1,TRIM25,GLE1,RC3H1,CPSF1,LSM2,ILF3,LZTS2,CNOT9,LARP4B,GTPBP1,NUFIP2,CSDE1,CAPRIN1,PARN,MOV10,RNF219,FAM120A,THOC1,DDX19B,TNRC6A,ZC3H7A,PRRC2A,NUFIP2,CNOT2,RC3H1,OTUD4,CNOT9,RNF219,DAZL,IGF2BP1,LSM2,IPO11,DDX6,RNF219,IBTK,LARP4B,DDX19B,EIF4A2,SUPT5H,TOP3B,STRAP,ANKRD17,TNRC6B,DCP1A,ST7,CNOT1,FMR1,LSM4,FUBP3,DDX19B,G3BP1,GLE1,TNRC6C,RC3H2,CAPRIN1,SMG7,ZFP36,CNOT7,DCP1A,PRPF19,TNRC6B,CPEB4,SDCCAG3,PABPC1,PARN,MOV10,GTPBP1,GLE1,USP10,SMAP2,DDX20,CPSF1,DDX20,ATXN2,ZC3H7A,CELF1,ANKRD17,PDCD4,SMG7,FUBP3,ELAVL1,PUM1,KIF1B,PATL1,YTHDF1,LZTS2,MARF1,CNOT6L,KIAA0355,ZCCHC11,IGF2BP1,G3BP1,CTIF,USP10,LSM12,IPO11,LSM4,SUPT5H,DDX1,ATXN2,RNF214,MKRN2,TNRC6C,PRPF19,DDX3X,KIAA0355,THOC1,ST7,EIF4A2,DDX20,SAMD4B,PAIP2,DAZL,UNK,ELAVL1,CPEB4,USP10,LSM14A,USP10,CELF1,GTPBP1,KIAA1429,ZC3HAV1,HDLBP,FAM120C,TNRC6C,EIF4A3,STAU1,TBK1,ALG13,CNOT1,CDC5L,EIF4A3,MKRN2,ST7,USP10,CDC5L,LARP4B,STRAP,PRRC2B,PABPC1,RBMS1,STRAP,DDX20,DDX19B,TOP3B,TDRD3,HDLBP,CELF1,PATL1,TDRD3,DDX20,SAMD4B,ATXN2,CNOT6L,NUFIP2,EIF4A1,GLE1,KIAA1429,CTIF,PAIP1,LSM2,LZTS2,RNGTT,LSM14A,MCRIP2,EIF4A3,MKRN2,MCRIP2,LSM12,LSM1,DDX1,YTHDF3,YTHDF1,SYNCRIP,LSM12,CTIF,DDX20,ST7,SMG6,ANKRD17,SMG6,PABPC1,SDCCAG3,MCRIP2,SYMPK,AGO2,MOV10,ILF3,ZC3HAV1,ZC3HAV1,IGF2BP1,ZC3HAV1,KIAA1429,SAMD4B,PDCD4,CNOT9,PAIP2,CNOT2,KIAA1429,UBAP2L,PUM1,DAZL,LZTS2,DDX1,DCP1A,RBM47,DCP1A,LSM2,IGF2BP2,GRSF1,NCBP2,ILF3,AGO2,CPSF1,CNOT2,ETF1,OTUD4,ILF3,RNF219,DDX20,AGO2,MEX3B,IGF2BP2,ANKRD17,THOC1,XRN2,STAU1,SYNCRIP,PRRC2B,FXR2,ZFP36,CNOT7,RNF219,DDX19B,ZCCHC11,SUPT5H,PRPF19,SMG6,OTUD4,HELZ,LSM14A,ST7,LSM4,FUBP3,RNF219,TRIM56,YTHDF3,PAIP2,EDC3,MOV10
GLE1,TRIM56,PATL1,PDCD4,LARP4B,ANKRD17,IPO11,TRIM56,CNOT1,TRIM25,NXF1,PRRC2B,SUPT5H,MARF1,IPO11,UBAP2L,TRIM25,XRN1,LSM12,ANKRD17,FUBP3,UBAP2L,TNRC6A,PAIP2,DDX1,PABPC1,TNRC6C,CELF1,FMR1,CPSF1,STAU1,CAPRIN1,CNOT2,UNK,CAPRIN1,EDC3,CSDE1,OTUD4,KIAA1429,RBM47,STAU1,HDLBP,PDCD4,KIAA0355,XRN2,CNOT2,FXR2,LSM12,FXR1,NXF1,LARP4B,CEP85,MCRIP2,LSM4,NCBP2,PAIP2,PRPF19,CPEB4,CNOT1,G3BP1,KIAA1429,ALG13,NXF1,TNRC6A,EDC3,EIF4A1,PRRC2B,FXR2,FXR1,ANKRD17,CSDE1,RBMS1,FXR1,MCRIP2,DDX1,CAPRIN1,TOP3B,PAIP1,AGO2,YTHDF2,PRPF19,TBK1,EXOSC10,ZC3H7A,PDCD4,DDX6,XRN2,LARP4B,SYNCRIP,TNRC6B,TNRC6B,GTPBP1,LSM14A,ST7,SAMD4B,TBK1,FAM120C,YTHDF2,TIA1,CDC5L,R3HDM2,ELAVL1,ST7,RNF214,FAM120A,MARF1,HELZ,IGF2BP2,STAU1,FUBP3,PAIP2,FAM120C,CPSF1,PATL1,ZC3HAV1,CNOT6L,ZFP36,ANKRD17,KIF1B,SMG6,MARF1,RC3H2,FAM120C,KIAA0355,EDC3,PABPC1,CNOT2,MCRIP2,DDX19B,FAM120C,CNOT6L,CNOT2,CAPRIN1,SDCCAG3,DDX3X,PRRC2B,PAIP2,UBAP2L,FUBP3,CPSF1,XRN2,IPO11,THOC1,FUBP3,SMAP2,EIF4ENIF1,MOV10,XRN2,GRSF1,PABPC1,DDX3X,IPO11,ETF1,LSM14A,RNF219,DDX20,HELZ,CNOT7,GRSF1,ZC3HAV1,MEX3B,DDX1,LARP4B,TBK1,AGO2,LSM12,ST7,ILF3,ANKRD17,KIF1B,LSM12,LZTS2,YTHDF1,FAM120A,ATXN2,IPO11,PABPC1,CNOT6L,PARN,SAMD4B,KIAA0355,OTUD4,MOV10,UNK,PRRC2A,ANKRD17,CNOT7,SAMD4B,ZC3H7A,CELF1,PRRC2B,PRRC2B,CPSF1,CELF1,NXF1,PRRC2B,PRRC2A,EIF4A3,ZCCHC11,GTPBP1,MEX3B,ILF3,TNRC6A,DDX3X,MEX3B,PRPF19,TNRC6A,CNOT9,DDX6,PABPC1,ANKRD17,MARF1,STRAP,CDC5L,CAPRIN1,EIF4A1,TOP3B,PRRC2A,FXR2,AGO2,LSM2,RC3H2,PRRC2A,ATXN2,LSM2,KIAA1429,DDX3X,EIF4A3,CNOT7,XRN2,UNK,G3BP1,CAPRIN1,PARN,PRRC2A,YTHDF3,MARF1,YTHDF3,RNF214,STAU1,LSM1,PAIP1,PRRC2A,USP10,HDLBP,YTHDF1,MOV10,MOV10,STAU1,PRRC2B,CELF1,IGF2BP2,DDX19B,FAM120A,LSM1,STRAP,XRN1,ELAVL1,CNOT6L,CTIF,CEP85,RC3H2,PRRC2B,IGF2BP2,TNRC6A,EXOSC10,EDC3,EIF4A3,SYNCRIP,CSDE1,CNOT9,TNRC6C,FXR2,CNOT2,CPEB4,EXOSC10,PABPC1,UNK,ATXN2,CNOT6L,MEX3B,PRPF19,ZCCHC11,STRAP,CNOT7,UBAP2L,TOP3B,TOP3B,XRN1,IPO11,ANKRD17,CPEB4,RBMS1,CNOT1,KIAA0355,DDX1,STAU1,RBM47,SMAP2,EIF4A1,TOP3B,UNK,IPO11,RC3H2,CTIF,CPSF1,RNF214,TIA1,DDX1,PATL1,TOP3B,TDRD3,HELZ,NCBP2,UNK,PAIP1,CSDE1,KIAA1429,FXR2,LSM12,ZC3HAV1,MOV10,TNRC6A,PABPC1,TNRC6A,IGF2BP2,PRPF19,ANKRD17,SAMD4B,FAM120C,KIAA1429,PDCD4,RBM47,RBMS1,KIF1B,PRPF19,MCRIP2,PRRC2A,HELZ,SMAP2,TDRD3,SAMD4B,CPEB4,ZC3H7A,HDLBP,UNK,UNK,CNOT6L,SYMPK,FAM120C,NUFIP2,RNF214,PRRC2A,G3BP1,LSM4,PUM1,ZC3H7A,G3BP1,CPEB4,MKRN2,CDC5L,EIF4A3,DDX3X,EIF4A1,G3BP1,ANKRD17,EXOSC10,FAM120C,FXR1,USP10,HDLBP,SUPT5H,STRAP,GRSF1,NXF1,FXR1,LSM12,CELF1,LSM4,PAIP2,LSM1,SMG6,SDCCAG3,TOP3B,TDRD3,LARP4B,LSM2,USP10,FMR1,PABPC1,MCRIP2,SUPT5H,XRN1,CDC5L,FAM120C,R3HDM2,CSDE1,GRSF1,LSM14A,CSDE1,TIA1,XRN1,KIAA1429,ZFP36,ZC3HAV1,ZC3HAV1,KIAA0355,ELAVL1,LZTS2,FAM120C,HELZ,XRN2,TIA1,RC3H2,DDX3X,RC3H1,CEP85,TRIM56,CNOT2,TNRC6A,STRAP,TNRC6A,CTIF,DDX19B,OTUD4,SAMD4B,PAIP2,EDC3,LARP4B,MARF1,EDC3,GRSF1,MEX3B,SAMD4B,CAPRIN1,CEP85,PRRC2A,ANKRD17,LSM2,PAIP2,CNOT2,ZCCHC11,LSM2,KIAA0355,TRIM56,LZTS2,UNK,CNOT6L,EDC3,MEX3B,CNOT6L,CELF1,CELF1,IBTK,SMG6,SAMD4B,TIA1,STAU1,TRIM56,XRN2,ZCCHC11,AGO2,ALG13,TBK1,PAIP1,FAM120A,YTHDF1,CNOT6L,YTHDF3,PUM1,DDX19B,XRN2,OTUD4,CTIF,MOV10,CPEB4,ZCCHC11,GLE1,CNOT2,RC3H2,SMG7,RNF214,TDRD3,SMAP2,KIF1B,ETF1,GLE1,RC3H2,CNOT7,LZTS2,SMG7,ZFP36,SMG6,RNGTT,YTHDF3,SYMPK,KIAA0355,IGF2BP2,HELZ,UNK,DDX3X,UBAP2L,ELAVL1,NUFIP2,TIA1,SUPT5H,EDC3,LSM14A,ZC3HAV1,TNRC6C
CEP85,CPEB4,SYNCRIP,SYMPK,TRIM56,CEP85,LARP4B,CNOT1,FAM120A,NUFIP2,IGF2BP1,DDX3X,TOP3B,ATXN2,KIF1B,CNOT9,CNOT2,TNRC6A,MARF1,SMG6,MOV10,HELZ,RBM47,PDCD4,PABPC1,PARN,GLE1,GLE1,RBM47,STRAP,G3BP1,G3BP1,TBK1,PARN,SYMPK,KIF1B,STAU1,PARN,PARN,ETF1,KIAA0355,MEX3B,ALG13,RBM47,LSM2,PAIP1,ILF3,YTHDF3,LSM14A,CTIF,HDLBP,CTIF,CNOT7,TOP3B,CSDE1,USP10,XRN1,PUM1,MKRN2,DAZL,IBTK,STAU1,KIAA1429,ILF3,EIF4ENIF1,SDCCAG3,TBK1,EIF4A2,RNF219,CNOT1,TNRC6C,RC3H2,YTHDF1,LARP4B,KIF1B,ETF1,EIF4A1,SAMD4B,CNOT2,SDCCAG3,KIF1B,TNRC6B,CTIF,SAMD4B,CELF1,LSM2,PUM1,PUM1,USP10,CSDE1,EIF4A3,LSM14A,PRPF19,EIF4A1,CNOT6L,PDCD4,ILF3,DCP1A,GTPBP1,RC3H1,IBTK,DCP1A,MKRN2,NCBP2,CPSF1,AGO2,DDX20,CNOT7,OTUD4,SMG7,FXR1,ZC3HAV1,DDX19B,IGF2BP1,SMG6,CNOT2,DDX6,FXR1,EIF4ENIF1,KIAA1429,IBTK,SMAP2,TNRC6C,G3BP1,NXF1,TBK1,ETF1,DDX3X,PAIP1,EIF4A1,PDCD4,ZC3HAV1,DCP1A,KIAA1429,IGF2BP2,TNRC6B,MARF1,HDLBP,FXR2,EIF4ENIF1,FAM120A,DDX1,EXOSC10,OTUD4,G3BP1,ZCCHC11,ELAVL1,THOC1,FXR1,DCP1A,RBMS1,PUM1,RC3H1,RC3H1,MKRN2,SYMPK,ZCCHC11,EIF4A1,FAM120C,RC3H1,ZC3H7A,CNOT9,PAIP2,FUBP3,DCP1A,NCBP2,PAIP1,CNOT1,AGO2,EXOSC10,PRRC2A,THOC1,XRN1,PAIP2,PRRC2B,TDRD3,NXF1,MARF1,SMG6,PATL1,CPEB4,NUFIP2,LSM12,LSM2,YTHDF1,SMG7,TRIM25,FAM120C,ATXN2,TNRC6A,CTIF,EIF4ENIF1,XRN2,ILF3,MCRIP2,PAIP1,NXF1,RC3H2,MEX3B,RNF214,CAPRIN1,FUBP3,UNK,MCRIP2,SUPT5H,GLE1,MARF1,PAIP1,IPO11,NCBP2,RC3H1,YTHDF2,DDX3X,DDX19B,FMR1,UBAP2L,DCP1A,TIA1,G3BP1,NUFIP2,CPSF1,CAPRIN1,ST7,OTUD4,TOP3B,CTIF,DDX20,PAIP2,YTHDF2,HELZ,ZFP36,TRIM25,HELZ,CNOT6L,TIA1,STAU1,ILF3,MOV10,EXOSC10,DDX1,RBMS1,SUPT5H,MOV10,ZFP36,XRN2,PRRC2A,PDCD4,XRN1,PUM1,CPEB4,LARP4B,SUPT5H,YTHDF3,FUBP3,CNOT1,CNOT6L,EIF4ENIF1,RBM47,SMAP2,PATL1,EDC3,GTPBP1,YTHDF2,DCP1A,SUPT5H,NCBP2,GRSF1,MOV10,PDCD4,FXR1,SMG7,UNK,LARP4B,CNOT6L,CDC5L,PAIP1,TBK1,CAPRIN1,SMG7,KIAA0355,NXF1,IGF2BP1,LSM4,FAM120A,NUFIP2,ZC3HAV1,RC3H1,RBM47,YTHDF1,XRN1,HDLBP,SYMPK,STAU1,EIF4A2,KIAA1429,RNF219,RBMS1,CTIF,NXF1,ALG13,DDX3X,STRAP,PAIP1,FXR2,AGO2,SYNCRIP,FAM120A,PABPC1,DDX3X,TRIM25,LARP4B,SUPT5H,IGF2BP2,CNOT2,CNOT7,IPO11,FAM120A,CNOT7,PDCD4,YTHDF2,CDC5L,LSM1,UNK,PATL1,CNOT6L,RC3H2,TNRC6A,SAMD4B,TNRC6B,XRN2,TIA1,DDX1,FMR1,PDCD4,TDRD3,YTHDF1,PRPF19,FMR1,MARF1,OTUD4,NCBP2,NXF1,EIF4A1,CNOT2,FXR1,DDX6,MCRIP2,RBM47,ZFP36,RC3H1,RNF214,PAIP1,FMR1,NXF1,LSM2,EIF4ENIF1,TDRD3,PABPC1,PAIP1,PARN,DDX6,FAM120C,EIF4A1,ETF1,HELZ,PRPF19,SAMD4B,PDCD4,TNRC6A,DDX6,EIF4A1,PABPC1,SMG6,STAU1,GLE1,ZC3HAV1,SMAP2,TDRD3,RNF219,LARP4B,TIA1,PRRC2A,TNRC6B,YTHDF3,TNRC6B,ZC3HAV1,KIAA1429,NUFIP2,IPO11,GLE1,HELZ,NUFIP2,FAM120A,TNRC6B,DDX1,CTIF,RNF214,LZTS2,CDC5L,RNF214,EXOSC10,IGF2BP2,MARF1,CTIF,DDX19B,CNOT2,CPSF1,CAPRIN1,RC3H1,YTHDF3,CTIF,LSM4,SMG7,UBAP2L,SUPT5H,DDX19B,IPO11,DDX20,LARP4B,LSM12,EIF4ENIF1,PUM1,STAU1,PAIP2,NUFIP2,LZTS2,UNK,CPEB4,TBK1,CNOT1,UNK,DCP1A,DDX6,THOC1,PRRC2A,FMR1,HELZ,CDC5L,CEP85,LSM2,TOP3B,RC3H2,R3HDM2,PAIP2,YTHDF2,XRN1,KIF1B,LSM1,SYMPK,MARF1,TDRD3,STRAP,RBMS1,ALG13,NCBP2,NCBP2,LARP4B,TBK1,SAMD4B,FUBP3,MKRN2,EIF4ENIF1,IGF2BP2,GRSF1,LSM1,TBK1,SYNCRIP,PARN,KIF1B,CDC5L,PAIP1,SAMD4B,CTIF,TNRC6A,KIF1B,LSM1,KIAA0355,STRAP,CSDE1,STRAP,EIF4A3,EIF4ENIF1,DDX1,FAM120C,DDX20,G3BP1,MEX3B,ZFP36,XRN2,ZC3HAV1,G3BP1,CSDE1,TNRC6C,IGF2BP2,FUBP3,XRN1,FXR2,LSM2,EIF4A3,HDLBP,PAIP1,IGF2BP1,IBTK,RC3H2,KIF1B,DDX3X,PUM1,LSM12,TNRC6B,DDX6
TNRC6B,RC3H1,GRSF1,TBK1,IGF2BP1,ST7,FMR1,IPO11,CTIF,MARF1,ST7,OTUD4,G3BP1,EIF4ENIF1,EIF4A2,ZC3H7A,LSM12,SAMD4B,ALG13,GLE1,DDX3X,PAIP2,FXR2,LARP4B,PRRC2B,LSM14A,CNOT9,RC3H2,ALG13,USP10,THOC1,TRIM25,PRPF19,HDLBP,PRRC2A,ETF1,CELF1,EDC3,CNOT1,RNF219,XRN1,LSM1,OTUD4,PAIP2,PUM1,RBM47,IBTK,FMR1,CNOT2,LSM4,NXF1,ST7,LSM4,PAIP1,SYNCRIP,LSM12,XRN2,SYMPK,TRIM25,PUM1,NCBP2,GTPBP1,PRPF19,THOC1,EIF4A3,ZC3H7A,CNOT2,SYMPK,KIF1B,ELAVL1,STRAP,PARN,GTPBP1,R3HDM2,ATXN2,CNOT7,CTIF,CPEB4,PABPC1,PDCD4,XRN1,LSM1,STRAP,DDX19B,PRRC2B,PAIP2,TRIM25,PRRC2B,LSM14A,CNOT6L,CNOT6L,YTHDF2,CDC5L,KIAA0355,EIF4A1,R3HDM2,MCRIP2,DDX20,THOC1,CPSF1,CSDE1,SYNCRIP,DAZL,FXR2,R3HDM2,ATXN2,MEX3B,NUFIP2,TRIM25,LSM12,TRIM25,UNK,UBAP2L,PAIP2,AGO2,NXF1,CELF1,LZTS2,IBTK,CAPRIN1,MEX3B,IGF2BP2,ELAVL1,ZC3HAV1,PAIP1,SAMD4B,FAM120C,RC3H2,CELF1,NCBP2,MARF1,YTHDF3,G3BP1,THOC1,ALG13,NCBP2,ZC3H7A,FAM120C,LSM4,LSM12,SMG7,SMAP2,STAU1,XRN1,XRN1,ETF1,THOC1,XRN1,DDX3X,CNOT6L,DDX19B,MOV10,GLE1,YTHDF3,PARN,RNGTT,ZFP36,ST7,SAMD4B,CDC5L,KIAA1429,CELF1,CNOT2,DCP1A,RBMS1,HELZ,SUPT5H,SAMD4B,SMAP2,SMAP2,NXF1,MCRIP2,THOC1,PRRC2A,CNOT7,EIF4A1,ZC3HAV1,PAIP1,ZCCHC11,RBM47,SYNCRIP,HELZ,PDCD4,DDX1,GTPBP1,SDCCAG3,MEX3B,CTIF,DDX3X,YTHDF3,EIF4A3,IGF2BP1,CSDE1,CNOT6L,FMR1,THOC1,GLE1,ZCCHC11,RC3H2,SAMD4B,HELZ,LSM4,CNOT7,PRRC2A,ZFP36,DCP1A,NCBP2,CSDE1,CTIF,CAPRIN1,ZFP36,EXOSC10,CNOT2,CNOT1,FXR1,NUFIP2,RC3H2,LSM12,CTIF,PRRC2A,YTHDF3,SUPT5H,YTHDF2,PRRC2B,PRRC2B,PDCD4,TBK1,CNOT2,LSM4,SMAP2,STAU1,EDC3,IBTK,RNGTT,RNGTT,LSM1,STRAP,NCBP2,CNOT9,SMAP2,PUM1,TNRC6B,GTPBP1,LSM14A,ALG13,LSM12,STAU1,IGF2BP2,OTUD4,DCP1A,ETF1,TNRC6B,FXR2,CDC5L,ST7,EDC3,GTPBP1,YTHDF3,R3HDM2,DAZL,DDX6,KIF1B,SMG7,RBMS1,GLE1,OTUD4,TNRC6B,TOP3B,DCP1A,PUM1,RNF214,DDX20,IBTK,FMR1,LZTS2,TBK1,ILF3,EIF4A1,XRN1,RC3H2,FAM120A,R3HDM2,RNF219,ATXN2,ZC3H7A,ATXN2,LSM12,SAMD4B,TOP3B,DAZL,MARF1,TNRC6B,HDLBP,PAIP1,DAZL,G3BP1,PABPC1,SMAP2,EIF4A1,CNOT1,CNOT9,DDX3X,SMAP2,EXOSC10,YTHDF2,DDX3X,CNOT7,TNRC6C,MARF1,LSM2,YTHDF2,RBM47,ZFP36,MOV10,PAIP1,XRN2,TBK1,SYNCRIP,TOP3B,GLE1,R3HDM2,LSM12,GTPBP1,NXF1,FAM120A,CTIF,DDX1,SMG7,USP10,PAIP1,TNRC6B,PRPF19,ZFP36,CTIF,CEP85,YTHDF3,SUPT5H,LSM4,SUPT5H,FXR1,ELAVL1,CEP85,DDX20,FXR1,CELF1,PABPC1,PDCD4,CTIF,HDLBP,CTIF,EDC3,USP10,KIF1B,HELZ,TNRC6A,EIF4A3,YTHDF1,ILF3,OTUD4,TRIM25,SDCCAG3,ST7,R3HDM2,GRSF1,RC3H2,CNOT6L,SMAP2,CDC5L,FAM120C,CDC5L,MARF1,MEX3B,LSM1,GLE1,PRRC2B,AGO2,PUM1,STRAP,PAIP2,FAM120A,XRN2,PABPC1,OTUD4,ST7,LSM1,CPEB4,ZC3H7A,RNF214,ZCCHC11,ZCCHC11,IPO11,MOV10,DDX3X,SYNCRIP,HDLBP,CNOT6L,RBM47,PRRC2A,AGO2,YTHDF3,OTUD4,CNOT1,CDC5L,LSM14A,YTHDF2,EIF4A2,SYMPK,EIF4A2,FUBP3,TIA1,EDC3,YTHDF2,TOP3B,SMG7,FUBP3,SYNCRIP,TNRC6C,CNOT6L,TIA1,DCP1A,TRIM56,EDC3,EXOSC10,IGF2BP1,CEP85,XRN1,PDCD4,SAMD4B,ZC3H7A,AGO2,XRN2,UBAP2L,ALG13,PRRC2A,FUBP3,MCRIP2,YTHDF3,G3BP1,CPEB4,CNOT2,CPSF1,RBM47,IGF2BP1,TNRC6B,RC3H1,YTHDF1,SDCCAG3,NUFIP2,EIF4A3,IGF2BP2,DAZL,RBMS1,ELAVL1,TRIM56,NXF1,ATXN2,GTPBP1,LZTS2,ST7,YTHDF3,CSDE1,NCBP2,PAIP2,CEP85,USP10,LSM4,DDX3X,YTHDF3,EDC3,ZCCHC11,ILF3,FMR1,ST7,EIF4A3,CTIF,PABPC1,TDRD3,USP10,TNRC6B,SMG7,STAU1,GRSF1,DDX20,KIAA0355,YTHDF2,PRRC2A,DDX19B,G3BP1,DDX19B,TBK1,TOP3B,CPEB4,STRAP,CDC5L,DDX20,FXR2,CNOT2,ZC3HAV1,ALG13,LSM14A,RC3H1,THOC1,ANKRD17,PARN,CPSF1,LSM14A,FXR1,STRAP,NCBP2,CELF1
EIF4A2,ALG13,LSM4,TRIM56,TBK1,LSM1,ZFP36,SAMD4B,SAMD4B,RNF219,MCRIP2,ELAVL1,PATL1,KIF1B,ETF1,FAM120C,CEP85,PAIP2,ANKRD17,XRN2,LSM14A,TNRC6B,TBK1,ANKRD17,MCRIP2,HELZ,ZC3HAV1,YTHDF1,ETF1,FMR1,HDLBP,NUFIP2,ILF3,CNOT9,RC3H2,PRRC2A,SUPT5H,MCRIP2,EIF4A2,AGO2,LZTS2,SMG6,FMR1,EIF4A2,SMG7,PABPC1,OTUD4,SDCCAG3,TDRD3,SMG6,CNOT1,UBAP2L,OTUD4,STAU1,LZTS2,CNOT1,NUFIP2,NUFIP2,YTHDF2,CPEB4,LSM14A,YTHDF3,EIF4A3,FMR1,ALG13,EXOSC10,CNOT6L,ANKRD17,EIF4A1,SMG6,HDLBP,ST7,TDRD3,TRIM25,PUM1,PAIP1,NCBP2,KIF1B,RBM47,KIF1B,CEP85,YTHDF3,MARF1,ZC3HAV1,ATXN2,G3BP1,ST7,ZCCHC11,PDCD4,DDX6,LSM1,EDC3,SDCCAG3,STRAP,FXR2,ALG13,PARN,CAPRIN1,ATXN2,CNOT7,EIF4ENIF1,LZTS2,TRIM25,TRIM56,EIF4A1,ST7,MOV10,TIA1,ZCCHC11,AGO2,DCP1A,SMG6,GLE1,FAM120A,XRN1,FAM120A,ALG13,SYNCRIP,MEX3B,MCRIP2,XRN1,LSM1,PRRC2B,NCBP2,RBMS1,STAU1,CAPRIN1,TDRD3,IGF2BP1,R3HDM2,SDCCAG3,RBM47,SDCCAG3,GRSF1,TNRC6A,ZCCHC11,MCRIP2,EIF4A3,YTHDF1,RNF214,CTIF,LSM1,ZC3H7A,RC3H2,TNRC6A,CSDE1,GLE1,TOP3B,IBTK,MKRN2,HDLBP,KIF1B,YTHDF3,TNRC6C,NXF1,LSM4,PATL1,ALG13,ETF1,RNGTT,TRIM56,PAIP1,CEP85,EIF4ENIF1,ILF3,LARP4B,TIA1,EIF4A1,PAIP2,GLE1,EDC3,RC3H1,ZCCHC11,CNOT7,PAIP2,IGF2BP2,XRN2,SMAP2,CEP85,MOV10,STAU1,EIF4A3,NCBP2,ALG13,SYMPK,ZC3HAV1,EDC3,LSM12,YTHDF3,YTHDF2,PARN,CSDE1,OTUD4,TBK1,LZTS2,LZTS2,RNGTT,CNOT9,KIAA0355,PARN,DDX19B,THOC1,PRRC2B,TNRC6B,DDX19B,FUBP3,CPEB4,TNRC6B,UBAP2L,LSM1,CELF1,SMG7,CAPRIN1,YTHDF3,HDLBP,MARF1,MKRN2,TRIM25,CEP85,FXR1,IPO11,PARN,FAM120C,CNOT2,RBM47,EIF4A2,FXR2,STAU1,RNF214,PRRC2B,TNRC6A,IPO11,CNOT6L,LSM14A,PAIP2,ST7,CELF1,TIA1,STAU1,SYNCRIP,PATL1,SMG7,TOP3B,STRAP,DCP1A,SDCCAG3,CSDE1,ZC3H7A,NXF1,GTPBP1,PATL1,OTUD4,EIF4A1,ILF3,DCP1A,FMR1,IPO11,LSM12,PDCD4,RNF219,MOV10,G3BP1,LSM14A,YTHDF3,YTHDF1,DDX3X,LSM12,ZC3H7A,TNRC6B,MKRN2,MARF1,CNOT6L,RNF219,ANKRD17,CAPRIN1,STRAP,LSM4,G3BP1,GRSF1,SAMD4B,EXOSC10,XRN1,LSM2,YTHDF1,TNRC6A,DDX1,ZCCHC11,SMAP2,IBTK,ELAVL1,RC3H2,TOP3B,SYNCRIP,TNRC6A,PUM1,LSM14A,STRAP,LSM4,SYNCRIP,G3BP1,MCRIP2,TRIM25,PARN,RBM47,LZTS2,CPEB4,IBTK,FXR1,RBM47,ELAVL1,TDRD3,CPEB4,CNOT1,TOP3B,RNF219,TDRD3,TNRC6C,MKRN2,NXF1,USP10,FXR1,USP10,FMR1,R3HDM2,R3HDM2,FAM120C,MCRIP2,CPSF1,TRIM25,XRN1,LSM2,SYMPK,ALG13,NXF1,LSM4,SYNCRIP,CNOT6L,LSM2,MCRIP2,TIA1,ZC3HAV1,PRRC2A,PDCD4,IGF2BP1,GRSF1,STRAP,UBAP2L,MKRN2,GLE1,CEP85,UNK,R3HDM2,PRPF19,OTUD4,FMR1,STRAP,KIAA1429,NUFIP2,MARF1,RBMS1,EIF4A1,SMG7,FUBP3,G3BP1,EXOSC10,PRRC2B,SUPT5H,TRIM25,LZTS2,THOC1,CPEB4,FUBP3,OTUD4,IGF2BP1,CDC5L,SMAP2,ILF3,TNRC6C,PABPC1,IGF2BP2,TRIM25,EIF4ENIF1,IGF2BP1,SMG6,LSM14A,LSM2,PDCD4,EIF4A1,TRIM25,IGF2BP2,DAZL,ANKRD17,SYNCRIP,ZC3H7A,PDCD4,PDCD4,RNGTT,CNOT6L,SYMPK,FAM120C,G3BP1,ILF3,IPO11,CELF1,ALG13,IPO11,MEX3B,MCRIP2,UBAP2L,TRIM56,DCP1A,FUBP3,CNOT7,CELF1,ZC3HAV1,YTHDF2,LSM12,TIA1,DDX19B,HDLBP,R3HDM2,FXR1,XRN2,NCBP2,IPO11,USP10,PABPC1,CDC5L,LSM14A,MCRIP2,DDX3X,NXF1,GRSF1,TBK1,DDX1,EIF4A3,ELAVL1,SMG6,FXR2,SMG7,EXOSC10,EDC3,ANKRD17,CNOT2,RBMS1,DDX20,IBTK,SMG6,ILF3,CNOT1,PAIP1,NUFIP2,SMG6,MKRN2,TRIM25,TOP3B,FMR1,CEP85,NCBP2,CPEB4,UNK,CAPRIN1,CDC5L,UNK,PATL1,ZC3HAV1,ILF3,GRSF1,SMG7,EDC3,DDX1,DDX20,CDC5L,SAMD4B,R3HDM2,NCBP2,PUM1,TDRD3,ZCCHC11,EIF4ENIF1,THOC1,XRN1,CNOT7,LSM4,RC3H2,PDCD4,IGF2BP1,CNOT2,RC3H1,ZCCHC11,UBAP2L,OTUD4,IBTK,FAM120A,IBTK,RC3H1,PAIP1,THOC1,USP10,USP10,CNOT7,EIF4ENIF1,PABPC1,TNRC6B,NXF1,KIAA1429,KIAA0355,YTHDF2,RC3H1,SAMD4B
DDX6,TNRC6B,DDX19B,RC3H1,CDC5L,ZC3H7A,CNOT7,CNOT9,KIAA1429,CNOT2,ZFP36,TRIM56,XRN2,CELF1,LSM4,PAIP2,LSM1,DCP1A,GTPBP1,TNRC6B,ALG13,IPO11,RNF214,TIA1,TNRC6A,EXOSC10,LSM2,SDCCAG3,TRIM56,FAM120A,SUPT5H,FXR2,RNF219,MOV10,HDLBP,TIA1,NXF1,TIA1,EDC3,UBAP2L,CNOT9,G3BP1,KIF1B,THOC1,NXF1,EIF4A1,LARP4B,TIA1,XRN1,HELZ,ST7,TNRC6A,DDX1,UBAP2L,CAPRIN1,STRAP,SDCCAG3,PDCD4,RNGTT,CELF1,PARN,FUBP3,MEX3B,SYNCRIP,SMG7,PRRC2B,GTPBP1,PARN,EXOSC10,EIF4A2,PARN,IGF2BP1,ZCCHC11,HELZ,OTUD4,SYNCRIP,EIF4A3,FMR1,RC3H1,PRPF19,FAM120C,FMR1,PRRC2A,TRIM56,KIF1B,SDCCAG3,EIF4A2,ILF3,TIA1,YTHDF3,CAPRIN1,DCP1A,TNRC6C,PUM1,PRPF19,CTIF,ST7,ZCCHC11,ALG13,PAIP2,SDCCAG3,SMG6,MCRIP2,RC3H1,KIAA1429,EIF4ENIF1,SYMPK,RC3H2,CNOT7,DDX6,THOC1,NXF1,CNOT1,ST7,CTIF,PRRC2A,KIAA1429,RNF219,LSM2,RNGTT,ANKRD17,CNOT7,KIAA1429,SAMD4B,CNOT1,ZCCHC11,IPO11,TOP3B,YTHDF1,CPSF1,DDX19B,GRSF1,HDLBP,LSM12,DDX6,CPEB4,CAPRIN1,FXR2,ZFP36,MOV10,XRN1,USP10,NCBP2,PUM1,NXF1,LSM14A,SDCCAG3,TBK1,FXR2,SYNCRIP,CPSF1,OTUD4,CNOT7,ZFP36,PATL1,TNRC6B,TRIM25,TDRD3,PARN,KIAA1429,CEP85,EXOSC10,UBAP2L,YTHDF1,CNOT9,USP10,RBM47,CTIF,OTUD4,PDCD4,SMG7,TNRC6A,RBM47,UBAP2L,DDX19B,G3BP1,SUPT5H,ZC3HAV1,IBTK,HDLBP,KIAA1429,ZFP36,SMAP2,RNF214,LSM2,CPEB4,PAIP1,PABPC1,ST7,MCRIP2,PRRC2A,DDX6,HDLBP,HDLBP,CPEB4,IGF2BP2,UNK,IBTK,MCRIP2,RNGTT,ELAVL1,GRSF1,TRIM25,SMAP2,PARN,SDCCAG3,EIF4ENIF1,ANKRD17,PARN,YTHDF1,ALG13,TIA1,PAIP2,ELAVL1,FXR2,CNOT2,PRRC2A,PATL1,MKRN2,SYNCRIP,PRPF19,LSM2,KIAA1429,CNOT9,SYNCRIP,RBMS1,FAM120C,PUM1,TOP3B,ILF3,ANKRD17,LSM1,YTHDF1,RBM47,LZTS2,FXR1,CNOT9,DCP1A,XRN2,IBTK,FAM120A,DAZL,PATL1,CDC5L,CNOT7,STAU1,XRN2,MCRIP2,SAMD4B,PAIP1,ZC3H7A,UNK,TIA1,MARF1,FMR1,TDRD3,STRAP,EIF4ENIF1,FXR1,DDX19B,RC3H1,KIAA0355,DDX19B,FAM120C,LSM14A,TRIM25,ATXN2,CPSF1,SMG7,YTHDF3,PARN,CNOT1,TNRC6A,DDX20,DDX6,RNF219,NXF1,ZFP36,CPSF1,TRIM56,FXR1,RNF214,ELAVL1,RNF219,FAM120A,LSM1,RBM47,PRPF19,DDX1,USP10,STRAP,RNF219,MKRN2,G3BP1,RBMS1,YTHDF2,LSM12,YTHDF2,YTHDF3,LSM14A,RNF214,PRRC2B,PUM1,CPSF1,FAM120A,TIA1,KIAA1429,RBMS1,EIF4A3,SMAP2,KIAA1429,CSDE1,AGO2,ZFP36,CTIF,FXR2,DDX6,SAMD4B,CNOT9,MARF1,PAIP2,NCBP2,EDC3,TRIM56,SYNCRIP,ZC3H7A,STAU1,IBTK,SUPT5H,PAIP2,XRN1,EXOSC10,TDRD3,PAIP1,DDX20,MARF1,YTHDF1,CNOT9,SMAP2,PAIP2,CELF1,NUFIP2,RNF219,FXR2,FUBP3,TRIM56,RBM47,CPSF1,RC3H1,TNRC6B,TRIM25,RC3H2,TRIM56,ZCCHC11,TOP3B,SUPT5H,CAPRIN1,IGF2BP1,XRN2,CNOT9,AGO2,ELAVL1,PAIP1,TRIM56,CAPRIN1,EDC3,DDX19B,DAZL,NUFIP2,EIF4A2,FXR1,CNOT9,GRSF1,PATL1,YTHDF2,EDC3,EIF4A3,GTPBP1,CSDE1,LSM4,FAM120C,DCP1A,ATXN2,LZTS2,ETF1,NXF1,SMAP2,DCP1A,PRRC2B,KIAA0355,CNOT9,SYMPK,CSDE1,PATL1,NUFIP2,UBAP2L,GLE1,CNOT7,TRIM56,ZC3H7A,DCP1A,ZCCHC11,PRPF19,HELZ,TDRD3,LSM4,CEP85,DDX3X,RBM47,FMR1,OTUD4,CDC5L,RC3H2,KIAA0355,IGF2BP2,TOP3B,HDLBP,KIAA0355,CNOT9,HELZ,DDX3X,TDRD3,OTUD4,FXR1,UNK,DAZL,CNOT6L,DDX3X,SMG6,DCP1A,EIF4ENIF1,CAPRIN1,CDC5L,NXF1,CPEB4,UNK,KIF1B,EDC3,TRIM25,RC3H2,ZC3H7A,SUPT5H,PDCD4,SMAP2,PRRC2A,RNF214,XRN2,MARF1,DAZL,ILF3,KIAA1429,NCBP2,GLE1,CNOT6L,MCRIP2,SMG6,CTIF,IGF2BP2,LSM2,SMG7,MCRIP2,HELZ,TDRD3,TRIM25,MKRN2,IPO11,CNOT7,TDRD3,NXF1,R3HDM2,MEX3B,ZFP36,MCRIP2,EIF4A2,IBTK,OTUD4,CELF1,PUM1,ZFP36,EIF4A1,IGF2BP2,UNK,CNOT2,XRN2,SAMD4B,MARF1,GTPBP1,YTHDF1,DCP1A,NCBP2,LARP4B,XRN1,CDC5L,OTUD4,EIF4A3,KIAA1429,MOV10,GRSF1,MKRN2,LSM2,HDLBP,FMR1,HELZ,FXR1,LSM2,NCBP2,EIF4A2,FMR1,LSM2,EDC3
ELAVL1,KIF1B,FXR2,CAPRIN1,GLE1,TRIM56,NCBP2,TNRC6C,XRN1,DDX6,PRPF19,ZCCHC11,TNRC6B,ST7,NUFIP2,DCP1A,IGF2BP1,PDCD4,PRPF19,ELAVL1,GRSF1,PAIP1,SUPT5H,DDX1,LZTS2,PDCD4,DDX6,PATL1,USP10,SMG6,TNRC6A,TNRC6B,RC3H1,USP10,USP10,TNRC6C,FAM120C,LZTS2,FAM120C,IPO11,AGO2,CNOT7,RNF214,CSDE1,NCBP2,YTHDF2,EXOSC10,CELF1,MEX3B,DDX3X,G3BP1,RNF214,TIA1,DDX6,PAIP1,RNGTT,AGO2,IBTK,SYNCRIP,TNRC6B,HELZ,IGF2BP1,PUM1,LARP4B,CNOT1,LSM14A,MARF1,IPO11,NUFIP2,NCBP2,DDX3X,DDX20,ANKRD17,STRAP,YTHDF1,TDRD3,XRN1,CNOT9,G3BP1,TNRC6A,R3HDM2,CNOT2,ELAVL1,PATL1,MKRN2,RC3H1,ETF1,FXR1,R3HDM2,OTUD4,PDCD4,MEX3B,ETF1,LSM4,NCBP2,HELZ,KIAA0355,STRAP,DDX20,EIF4A2,FXR1,G3BP1,SYMPK,ANKRD17,IGF2BP2,KIAA0355,TDRD3,SMG7,THOC1,PUM1,EIF4A2,IGF2BP1,CSDE1,LSM2,PABPC1,SYNCRIP,CNOT9,KIAA1429,XRN2,LZTS2,PAIP2,DDX19B,NUFIP2,CNOT7,ANKRD17,UBAP2L,FXR2,RC3H1,LSM1,CDC5L,LSM4,ST7,CNOT2,FAM120C,CAPRIN1,YTHDF1,LSM2,SDCCAG3,MARF1,ZFP36,NUFIP2,EIF4A3,TBK1,FAM120C,USP10,SMAP2,EIF4A1,RNF219,ATXN2,LSM1,GTPBP1,IGF2BP1,DDX1,PARN,UBAP2L,ZCCHC11,IPO11,DAZL,MOV10,UBAP2L,MOV10,CNOT6L,ZCCHC11,HELZ,HELZ,ILF3,DDX19B,HDLBP,CNOT1,EIF4A2,YTHDF2,LSM14A,PDCD4,CEP85,AGO2,DDX19B,SMAP2,TOP3B,YTHDF3,ETF1,SUPT5H,ETF1,G3BP1,ST7,KIAA1429,G3BP1,TDRD3,HELZ,DCP1A,STAU1,TOP3B,SMG6,EIF4A3,EIF4A3,NUFIP2,FMR1,GRSF1,SMG7,ZC3H7A,DCP1A,YTHDF3,IPO11,SMG6,THOC1,MKRN2,USP10,FXR2,NUFIP2,ZCCHC11,TBK1,XRN1,LSM2,FAM120C,TNRC6A,MKRN2,PUM1,DDX3X,PUM1,CPSF1,EIF4A1,NUFIP2,YTHDF2,CPEB4,ZC3H7A,SMAP2,CELF1,SDCCAG3,SYMPK,PAIP2,SYMPK,SYMPK,FXR1,EDC3,ILF3,ALG13,TNRC6C,PATL1,DDX19B,ST7,NXF1,PAIP2,PRRC2B,FXR1,RNF214,DAZL,DAZL,FUBP3,TNRC6C,FUBP3,ZCCHC11,GLE1,NUFIP2,UBAP2L,RC3H2,PAIP1,IPO11,ALG13,PDCD4,EIF4A3,GLE1,RNF219,STRAP,CEP85,FAM120A,STRAP,CNOT2,NCBP2,FUBP3,CNOT9,STRAP,LSM14A,DCP1A,EXOSC10,FAM120A,DDX1,EIF4A1,DDX3X,GLE1,TDRD3,RNF214,MCRIP2,DDX3X,THOC1,ELAVL1,PABPC1,STRAP,DDX20,EXOSC10,PRPF19,CPEB4,LZTS2,ATXN2,SUPT5H,KIAA1429,TRIM56,DDX20,FAM120C,ETF1,EXOSC10,XRN1,PDCD4,DDX1,GTPBP1,STRAP,UNK,CNOT6L,PAIP2,CTIF,KIF1B,RNF214,DDX3X,USP10,CSDE1,DDX20,YTHDF2,ZC3HAV1,KIAA0355,DDX3X,LSM2,FMR1,KIAA0355,SMG6,EIF4ENIF1,TIA1,CELF1,GLE1,THOC1,PARN,ILF3,CPEB4,MARF1,SMAP2,KIAA0355,DAZL,PABPC1,FAM120C,PUM1,ZC3HAV1,YTHDF3,MKRN2,FMR1,PARN,EIF4A3,DAZL,STAU1,ILF3,CTIF,STRAP,MARF1,NXF1,RC3H1,LARP4B,PAIP1,RBMS1,FAM120A,HELZ,DDX19B,FXR1,ANKRD17,ELAVL1,EXOSC10,DDX3X,GTPBP1,R3HDM2,MOV10,USP10,CTIF,LSM4,DAZL,ST7,XRN1,PARN,CPEB4,SMG7,CTIF,PAIP2,ZC3HAV1,IGF2BP1,TNRC6A,NCBP2,GRSF1,DDX6,ANKRD17,CELF1,LSM12,MKRN2,FXR1,FXR1,RBMS1,STRAP,ZC3HAV1,ZC3HAV1,TNRC6A,YTHDF1,TDRD3,UNK,ST7,EIF4A1,LARP4B,EIF4A2,SMG6,DDX20,MCRIP2,YTHDF3,PABPC1,KIAA1429,USP10,IPO11,MOV10,DCP1A,PRPF19,FMR1,RBMS1,CNOT2,DCP1A,RNF219,SUPT5H,AGO2,SDCCAG3,XRN2,MOV10,RC3H2,CDC5L,CDC5L,HELZ,MKRN2,HELZ,TIA1,EIF4A1,CNOT9,ST7,CTIF,TIA1,USP10,ALG13,MEX3B,PRRC2B,PABPC1,CNOT7,CNOT9,GTPBP1,PATL1,CPEB4,NCBP2,IBTK,PATL1,DAZL,TRIM25,DDX3X,EDC3,SYNCRIP,ATXN2,HELZ,DAZL,RBMS1,ZC3H7A,CDC5L,EXOSC10,SUPT5H,NUFIP2,SYNCRIP,FXR2,GTPBP1,ZC3HAV1,EIF4A2,CAPRIN1,G3BP1,CSDE1,SYNCRIP,ST7,RC3H1,IGF2BP1,DDX1,RNF214,KIAA1429,R3HDM2,GTPBP1,YTHDF2,STAU1,AGO2,PRRC2B,YTHDF1,ELAVL1,FAM120A,USP10,DDX1,XRN2,PRPF19,FAM120C,GRSF1,PDCD4,CNOT2,XRN2,LSM14A,CEP85,GTPBP1,TRIM56,DDX19B,LSM2,NXF1,TOP3B,HELZ,PAIP2,YTHDF2,G3BP1,TNRC6B,UBAP2L,SDCCAG3,SMG6,FXR1
,,,,,,,,,,XRN2,LZTS2,ELAVL1,PABPC1,ZC3H7A,NUFIP2,LARP4B,ATXN2,ZC3HAV1,AGO2,FAM120C,FMR1,MARF1,ZC3HAV1,NXF1,IBTK,FXR2,STRAP,RC3H2,LSM14A,NXF1,RNF219,USP10,ELAVL1,TRIM56,RC3H1,IPO11,R3HDM2,CAPRIN1,USP10,CELF1,ZCCHC11,PAIP2,RNGTT,ZC3H7A,DCP1A,LZTS2,ZFP36,SMG7,RNF219,CAPRIN1,KIF1B,LSM14A,TRIM25,CNOT1,PATL1,RNF214,MEX3B,LSM14A,MCRIP2,TRIM25,CPSF1,DDX19B,CTIF,SUPT5H,CNOT6L,NXF1,YTHDF2,R3HDM2,RC3H2,UNK,ZC3HAV1,LSM2,PABPC1,ALG13,ZC3H7A,TRIM25,CAPRIN1,CAPRIN1,PATL1,AGO2,EIF4A3,EIF4A2,FXR2,CNOT9,CNOT2,TNRC6C,ELAVL1,TNRC6C,MEX3B,ILF3,PRRC2A,FAM120C,UNK,SUPT5H,LARP4B,ETF1,TRIM25,MEX3B,MCRIP2,CNOT1,LARP4B,THOC1,MARF1,DDX20,TNRC6B,NCBP2,ALG13,TIA1,SUPT5H,GLE1,SDCCAG3,DAZL,RC3H2,FXR1,PDCD4,LSM1,GLE1,SMG7,ZC3H7A,EDC3,TIA1,FXR2,KIF1B,RNF214,IBTK,MEX3B,CNOT9,ANKRD17,THOC1,PAIP1,HDLBP,LSM4,HELZ,STRAP,CSDE1,NUFIP2,FUBP3,CAPRIN1,DCP1A,DDX3X,EXOSC10,EDC3,IBTK,LARP4B,G3BP1,CPEB4,LSM12,ALG13,DDX3X,PRRC2A,CNOT9,PABPC1,ZC3HAV1,SMG6,ST7,ELAVL1,CDC5L,RNF214,LARP4B,MKRN2,FAM120C,CNOT6L,MOV10,FXR2,XRN1,HELZ,SMAP2,THOC1,CSDE1,PAIP1,CPSF1,DDX6,IBTK,RNGTT,SDCCAG3,EIF4A3,TNRC6C,MEX3B,AGO2,AGO2,LSM12,TBK1,PDCD4,G3BP1,PRRC2A,GRSF1,CPEB4,TNRC6B,ZCCHC11,KIAA0355,LSM4,TRIM25,ANKRD17,EXOSC10,SAMD4B,LSM12,CPEB4,TOP3B,ELAVL1,KIF1B,EIF4A3,SUPT5H,LSM2,CTIF,RBMS1,ATXN2,CPSF1,TRIM56,RNGTT,TNRC6C,AGO2,LSM14A,FUBP3,ANKRD17,NXF1,CTIF,MEX3B,NCBP2,PAIP2,SAMD4B,ZC3HAV1,TDRD3,PAIP2,LSM1,EIF4A3,KIF1B,RNF219,LZTS2,PABPC1,LZTS2,THOC1,TOP3B,CNOT7,KIF1B,EIF4A3,ST7,LSM12,NUFIP2,ZC3HAV1,DDX20,CPEB4,EXOSC10,SYNCRIP,EIF4A3,RNF219,EIF4A3,GRSF1,HELZ,DDX6,ATXN2,EXOSC10,DDX3X,GRSF1,EIF4A3,GTPBP1,TNRC6C,KIAA1429,MCRIP2,CAPRIN1,LSM2,CNOT1,TIA1,PABPC1,ZC3HAV1,ZCCHC11,CNOT6L,FXR1,DDX1,DDX6,RBMS1,LSM1,MARF1,HELZ,PDCD4,PRPF19,FXR2,TBK1,YTHDF3,RBM47,ANKRD17,ALG13,CEP85,TBK1,UBAP2L,STAU1,HDLBP,FXR1,PAIP2,CNOT1,ZC3HAV1,PRRC2B,SMG6,DDX3X,FMR1,UNK,TDRD3,SDCCAG3,IBTK,GRSF1,FAM120A,RC3H2,ZC3HAV1,SMAP2,NCBP2,PATL1,FMR1,PRPF19,TNRC6A,PUM1,CNOT1,CTIF,CEP85,SDCCAG3,SMG6,CNOT9,TOP3B,EIF4A3,RBM47,LARP4B,TNRC6B,KIAA0355,LARP4B,IPO11,ZFP36,NXF1,R3HDM2,SYNCRIP,TNRC6A,CTIF,SMAP2,LSM1,KIAA1429,ZFP36,ALG13,SDCCAG3,SMG7,TOP3B,CDC5L,SYNCRIP,ETF1,RC3H2,TBK1,SYNCRIP,ELAVL1,CNOT7,CEP85,ANKRD17,ILF3,G3BP1,LARP4B,ZFP36,G3BP1,LARP4B,DDX6,THOC1,FUBP3,TOP3B,CNOT9,ST7,ALG13,IGF2BP2,ZC3HAV1,TDRD3,DCP1A,FXR1,FXR2,ELAVL1,SUPT5H,RNF214,RC3H2,XRN1,SDCCAG3,ZC3HAV1,DCP1A,TBK1,UNK,G3BP1,RBMS1,ZC3HAV1,ZCCHC11,OTUD4,NUFIP2,XRN1,EIF4A2,TNRC6A,AGO2,R3HDM2,FXR1,DAZL,DDX6,XRN1,G3BP1,CPSF1,STRAP,SMG7,NXF1,DDX6,PARN,EDC3,RC3H2,CNOT7,PATL1,TNRC6A,SMAP2,SYMPK,IPO11,SYMPK,PRRC2B,ALG13,IGF2BP2,CNOT2,SYMPK,R3HDM2,SMAP2,KIAA0355,SMAP2,IGF2BP1,TDRD3,YTHDF1,DDX20,FAM120C,EIF4A2,DCP1A,TNRC6A,RNGTT,PRRC2B,DDX19B,EXOSC10,NXF1,GLE1,TRIM56,ANKRD17,GRSF1,MOV10,TDRD3,ATXN2,CNOT1,THOC1,PARN,R3HDM2,RNF214,LARP4B,AGO2,ILF3,EIF4A2,EXOSC10,SDCCAG3,RBMS1,ALG13,FUBP3,LSM12,EXOSC10,TOP3B,EIF4A2,LSM2,LSM4,YTHDF3,TDRD3,ZC3HAV1,YTHDF2,TDRD3,OTUD4,DDX19B,PRRC2A,PAIP1,TOP3B,LZTS2,TRIM25,ANKRD17,STAU1,DDX3X,LARP4B,CNOT2,PABPC1,YTHDF1,LSM14A,HELZ,IBTK,STAU1,CPEB4,DCP1A,DCP1A,PRRC2B,PDCD4,IPO11,XRN1,GLE1,FXR1,CNOT6L,EIF4A2,PAIP1,ELAVL1,DDX20,RNF219,SYNCRIP,ZCCHC11,FXR1,PATL1,FAM120C,CAPRIN1,HDLBP,R3HDM2,EDC3,DCP1A,CTIF,MARF1,HDLBP,MCRIP2,MARF1
,,,,,,,,,,,,,,,,,,,,MEX3B,DAZL,CNOT7,THOC1,CELF1,CELF1,THOC1,CAPRIN1,FAM120A,IGF2BP1,CNOT6L,CNOT6L,LSM1,ALG13,IGF2BP2,CPSF1,MARF1,SYNCRIP,RNGTT,STRAP,FUBP3,TDRD3,R3HDM2,TOP3B,ELAVL1,DDX6,STRAP,XRN1,SUPT5H,RBMS1,YTHDF1,YTHDF1,SYMPK,IBTK,PRRC2B,GTPBP1,FAM120C,KIAA0355,SUPT5H,PRRC2A,CDC5L,TOP3B,LSM12,SDCCAG3,LSM2,PRPF19,DDX19B,KIF1B,TRIM25,LSM2,ALG13,RNF214,XRN1,DAZL,CAPRIN1,FAM120C,HDLBP,SDCCAG3,ZFP36,IPO11,UBAP2L,IBTK,FXR2,ANKRD17,TOP3B,DDX3X,SYNCRIP,CDC5L,SDCCAG3,EIF4A2,KIAA1429,IGF2BP1,CAPRIN1,GLE1,LSM12,CNOT7,CNOT2,PUM1,DCP1A,DDX20,DDX3X,MEX3B,DDX1,CNOT1,UBAP2L,LSM12,RC3H1,TRIM25,PABPC1,MOV10,SYNCRIP,PAIP1,PRRC2B,KIF1B,SAMD4B,KIAA1429,MEX3B,SMAP2,CNOT2,UBAP2L,R3HDM2,MCRIP2,IGF2BP1,DDX19B,GLE1,RC3H2,ATXN2,EIF4ENIF1,LZTS2,AGO2,DDX6,AGO2,LARP4B,CPEB4,RC3H2,SDCCAG3,MEX3B,IGF2BP2,ATXN2,SYNCRIP,PABPC1,CNOT2,ST7,LSM1,SAMD4B,GLE1,FAM120C,GRSF1,PRPF19,TRIM56,EDC3,DAZL,PUM1,FMR1,TOP3B,PDCD4,ZC3HAV1,YTHDF2,CPSF1,MARF1,LSM4,IBTK,CNOT7,IGF2BP1,NXF1,ZFP36,SYMPK,DDX19B,UNK,ST7,DDX1,PRRC2B,CNOT2,XRN2,TRIM56,CAPRIN1,PUM1,PDCD4,EIF4A3,FXR2,XRN1,G3BP1,ZFP36,YTHDF3,ZC3H7A,PDCD4,CDC5L,DDX6,MKRN2,UBAP2L,MEX3B,CNOT9,ANKRD17,SYNCRIP,MARF1,USP10,CPEB4,RC3H1,CDC5L,LZTS2,EIF4A2,CNOT7,PAIP2,TBK1,TDRD3,CELF1,FXR1,YTHDF3,TNRC6A,DDX20,UNK,CNOT1,TNRC6A,NCBP2,PRRC2B,USP10,TRIM56,R3HDM2,ETF1,GTPBP1,FAM120A,ANKRD17,ZC3HAV1,FXR1,FXR1,PATL1,YTHDF3,LSM12,CPSF1,IPO11,TBK1,SUPT5H,FMR1,CNOT1,KIAA0355,IBTK,TNRC6B,PUM1,STRAP,MCRIP2,UBAP2L,RNF214,YTHDF1,LSM4,RNF219,RNGTT,G3BP1,RC3H2,MEX3B,IGF2BP2,HELZ,CEP85,PRPF19,G3BP1,CNOT2,NCBP2,EXOSC10,EXOSC10,CNOT2,SDCCAG3,PATL1,IGF2BP1,RC3H1,PDCD4,CTIF,GTPBP1,CAPRIN1,FAM120C,FAM120C,LSM4,FXR2,DDX6,OTUD4,THOC1,GTPBP1,SMAP2,NCBP2,DDX1,IGF2BP2,PAIP1,THOC1,GLE1,LARP4B,TDRD3,ALG13,RNF214,MARF1,STAU1,PATL1,TNRC6A,NXF1,RC3H1,FMR1,DDX19B,NUFIP2,SYMPK,SMG6,KIF1B,DDX6,GTPBP1,TIA1,LSM1,RC3H1,SMG6,MARF1,MARF1,YTHDF2,CNOT1,LSM4,MCRIP2,ZCCHC11,KIF1B,GTPBP1,PDCD4,EXOSC10,MEX3B,TIA1,PATL1,PRRC2B,FAM120C,RNF214,KIF1B,IGF2BP1,DDX6,YTHDF2,RBMS1,IBTK,OTUD4,CPSF1,CNOT6L,TDRD3,NXF1,PARN,SUPT5H,YTHDF3,EIF4A1,PAIP1,TNRC6B,ZC3H7A,YTHDF1,TRIM56,LSM14A,SMAP2,PUM1,TRIM56,RNF219,FUBP3,LSM12,DAZL,TBK1,RBM47,IBTK,LARP4B,UBAP2L,STAU1,ZC3H7A,DDX20,LSM1,YTHDF3,MEX3B,DDX3X,FXR1,CSDE1,LSM4,PDCD4,GLE1,IBTK,LSM1,NXF1,LSM14A,UBAP2L,TRIM25,FMR1,PRRC2A,TRIM25,DAZL,RBM47,MARF1,CPEB4,DDX19B,SMG6,XRN2,LSM4,TIA1,ZC3H7A,ZCCHC11,EIF4A2,LSM12,HELZ,RC3H1,DDX3X,ALG13,LSM2,TNRC6C,XRN2,CNOT9,PABPC1,DAZL,ZC3HAV1,DCP1A,PRPF19,PABPC1,SYMPK,STAU1,IBTK,IGF2BP1,HELZ,GRSF1,SYMPK,MCRIP2,CNOT2,KIAA0355,PRRC2A,YTHDF2,SYNCRIP,EIF4ENIF1,LZTS2,DDX1,USP10,TIA1,CPEB4,SAMD4B,PAIP2,TOP3B,EIF4A1,SMG7,UBAP2L,FAM120A,GTPBP1,LSM2,LSM2,IBTK,CNOT7,GLE1,GRSF1,RBM47,ZFP36,GRSF1,MARF1,RBM47,KIAA1429,FUBP3,KIF1B,RNGTT,STAU1,MEX3B,UBAP2L,ALG13,CPSF1,MOV10,UBAP2L,TBK1,RNGTT,MOV10,TNRC6C,R3HDM2,CAPRIN1,SAMD4B,CSDE1,FXR2,LARP4B,IGF2BP1,SDCCAG3,LSM14A,ILF3,LSM1,MOV10,UBAP2L,LARP4B,ATXN2,ZFP36,LSM14A,TNRC6C,DAZL,RBMS1,PUM1,SAMD4B,SMG7,DCP1A,IGF2BP2,SDCCAG3,FXR1,STAU1,LZTS2,STAU1,TRIM25,DDX1,XRN1,CELF1,RNF219,MARF1,PAIP2,NUFIP2,YTHDF3,EIF4A1,EXOSC10,CNOT7,ZC3H7A,XRN2,CSDE1,CPSF1,FAM120C,NXF1,MCRIP2,DAZL,NXF1,XRN2,CNOT1,PAIP1,LARP4B
,,,,,,,,,,,,,,,,,,,,,,,,,,,,,,IPO11,STRAP,EXOSC10,LSM14A,RC3H1,CTIF,SDCCAG3,UBAP2L,IPO11,YTHDF2,PRPF19,SMAP2,FAM120C,G3BP1,YTHDF1,KIF1B,ZFP36,SAMD4B,LARP4B,G3BP1,CNOT6L,PABPC1,PDCD4,CEP85,HDLBP,SMG6,ELAVL1,AGO2,CNOT7,LSM14A,DAZL,NCBP2,OTUD4,ATXN2,RC3H1,FAM120A,MOV10,KIAA0355,RNGTT,SMAP2,NXF1,CSDE1,RC3H1,CNOT6L,CNOT1,PATL1,CNOT2,TNRC6B,EIF4A2,GTPBP1,TRIM56,DDX20,UBAP2L,ALG13,CEP85,USP10,CDC5L,GLE1,DDX1,MKRN2,ZFP36,ST7,KIAA0355,EIF4ENIF1,RNF219,RC3H2,DDX20,ZC3H7A,SYMPK,UNK,GLE1,CPEB4,NUFIP2,CTIF,MCRIP2,CSDE1,SMG6,CELF1,PAIP2,EXOSC10,STAU1,MOV10,PRPF19,GLE1,HELZ,TNRC6C,CAPRIN1,CAPRIN1,LSM12,TIA1,THOC1,UNK,SYMPK,CDC5L,SMAP2,TRIM25,EIF4A3,EXOSC10,CNOT9,KIAA0355,ETF1,FXR2,CNOT1,DCP1A,YTHDF2,FUBP3,IPO11,FMR1,EXOSC10,PUM1,PRRC2B,TRIM56,AGO2,UNK,CELF1,DAZL,PRRC2B,MEX3B,NCBP2,PRRC2B,ST7,TRIM56,DCP1A,ETF1,TRIM56,CEP85,EXOSC10,ANKRD17,EIF4ENIF1,KIAA0355,YTHDF1,UBAP2L,GLE1,FXR2,XRN2,CELF1,LSM4,DDX1,TNRC6A,CPEB4,SAMD4B,CSDE1,PRPF19,DDX3X,SUPT5H,CNOT9,YTHDF2,AGO2,ANKRD17,ATXN2,FUBP3,RNF219,ANKRD17,CNOT7,LSM12,CNOT2,LSM12,ANKRD17,SMAP2,CSDE1,EIF4A2,YTHDF3,CDC5L,KIAA0355,DAZL,R3HDM2,SDCCAG3,SYMPK,SUPT5H,ETF1,ETF1,TNRC6A,LSM1,ETF1,NUFIP2,SYMPK,ELAVL1,IBTK,NUFIP2,IGF2BP1,STRAP,TBK1,MKRN2,HELZ,TNRC6B,TOP3B,OTUD4,SMG6,SDCCAG3,TBK1,XRN2,XRN1,PRPF19,LSM12,DDX6,IGF2BP2,MCRIP2,EIF4A1,CPEB4,IGF2BP2,DCP1A,RBMS1,YTHDF3,ANKRD17,FXR1,LSM12,YTHDF2,MCRIP2,SMAP2,CNOT1,IPO11,TNRC6C,PAIP2,SMG7,FUBP3,SUPT5H,EXOSC10,LSM14A,LSM2,DDX3X,KIAA0355,TIA1,NXF1,SMAP2,IGF2BP2,EIF4A3,RNGTT,CSDE1,LZTS2,DDX20,ST7,TIA1,ST7,FUBP3,SDCCAG3,RNGTT,STRAP,ZC3HAV1,IGF2BP1,RC3H2,GRSF1,ZC3H7A,AGO2,UNK,ATXN2,KIAA1429,RBMS1,PAIP1,RNF219,RNF219,CSDE1,GTPBP1,TNRC6C,SAMD4B,PAIP1,CNOT1,LSM14A,TRIM56,XRN2,TRIM56,KIAA1429,LSM2,RC3H2,LARP4B,CELF1,UBAP2L,DDX19B,CSDE1,LSM4,LSM4,GTPBP1,GLE1,SYMPK,XRN2,SMG7,RNGTT,ALG13,DAZL,ETF1,PDCD4,MKRN2,GTPBP1,KIAA1429,CDC5L,EIF4A3,DCP1A,LARP4B,RC3H2,TRIM56,SDCCAG3,FAM120C,DAZL,XRN2,MOV10,RNF219,PABPC1,PDCD4,MARF1,CNOT2,GRSF1,IBTK,EIF4A1,TIA1,SMG6,DDX6,GTPBP1,XRN2,RC3H2,SYMPK,NUFIP2,CNOT2,XRN1,SYMPK,OTUD4,LSM4,CNOT9,SAMD4B,ALG13,EIF4A1,FUBP3,SDCCAG3,EIF4A2,SMG6,FAM120C,TDRD3,PRPF19,ANKRD17,LSM4,SMG7,CPSF1,YTHDF1,FXR2,RNGTT,IPO11,PATL1,RBM47,DDX20,EDC3,FMR1,PRRC2B,SMG7,SMAP2,ZC3H7A,RNGTT,TBK1,ETF1,SAMD4B,FAM120A,ZC3HAV1,ZC3H7A,NXF1,IGF2BP1,THOC1,TBK1,FUBP3,OTUD4,TOP3B,SYMPK,TNRC6C,NXF1,RC3H2,YTHDF1,SMG6,FMR1,YTHDF1,EIF4A1,LSM12,RBMS1,ZFP36,TBK1,FXR1,OTUD4,CAPRIN1,PUM1,ILF3,LSM2,THOC1,RBM47,ZFP36,UBAP2L,EIF4A3,TNRC6B,TRIM25,THOC1,PRRC2A,CNOT9,DDX3X,TNRC6A,LSM4,LSM2,TNRC6A,GTPBP1,TIA1,EDC3,TNRC6C,NUFIP2,ALG13,PRRC2B,OTUD4,R3HDM2,TNRC6B,ZFP36,USP10,EIF4A3,OTUD4,TRIM56,DDX6,SDCCAG3,CNOT1,LSM1,ANKRD17,CDC5L,EIF4A2,MARF1,DCP1A,USP10,ALG13,PRRC2A,EXOSC10,RBMS1,XRN2,STAU1,DDX3X,FXR1,CDC5L,PAIP1,ZC3H7A,UNK,YTHDF2,EXOSC10,CDC5L,NUFIP2,GRSF1,LSM2,SYMPK,CTIF,CSDE1,CNOT2,IPO11,MEX3B,EIF4A3,EIF4ENIF1,RC3H2,ILF3,ILF3,CNOT6L,LSM1,ZC3HAV1,PAIP2,EIF4A3,IPO11,STRAP,TNRC6B,IGF2BP2,TBK1,RNF219,IBTK,ZC3HAV1,YTHDF2,DDX19B,TNRC6A,EIF4ENIF1,CPSF1,ELAVL1,PUM1,XRN2,LSM2,HDLBP,RC3H2,R3HDM2,IGF2BP2,ZC3HAV1,DCP1A,SAMD4B,EIF4A1,LSM2,DCP1A,FXR1,DDX3X,FAM120C
,,,,,,,,,,,,,,,,,,,,,,,,,,,,,,,,,,,,,,,,LSM12,KIAA1429,TRIM25,MARF1,TNRC6A,CPSF1,PARN,ANKRD17,ZC3H7A,TRIM25,ALG13,EIF4A2,STRAP,EXOSC10,YTHDF1,XRN1,MCRIP2,KIF1B,XRN2,YTHDF2,FAM120A,XRN2,UNK,EIF4A1,EIF4A1,RNGTT,ST7,THOC1,HDLBP,XRN1,ZFP36,EIF4A3,IGF2BP2,SAMD4B,CPEB4,TBK1,CNOT9,EXOSC10,YTHDF1,SYNCRIP,DDX3X,ANKRD17,FAM120A,KIF1B,CDC5L,ANKRD17,DAZL,DDX3X,IPO11,CNOT7,TOP3B,DDX20,EIF4A1,TRIM56,IBTK,LSM14A,CNOT6L,XRN2,HELZ,ZC3HAV1,LZTS2,EIF4A1,DDX20,CPSF1,PDCD4,EIF4A2,KIAA1429,CAPRIN1,SDCCAG3,CEP85,G3BP1,KIF1B,CNOT7,PRRC2A,UBAP2L,TIA1,OTUD4,YTHDF1,CPEB4,TNRC6C,PRRC2A,LZTS2,ZFP36,IGF2BP2,THOC1,LZTS2,IBTK,AGO2,RNGTT,PARN,STRAP,GTPBP1,EIF4A3,DAZL,R3HDM2,NXF1,TNRC6A,LSM14A,CNOT6L,RC3H2,RBMS1,ATXN2,CNOT1,LZTS2,TDRD3,YTHDF1,YTHDF2,IPO11,PARN,CNOT1,XRN1,UNK,THOC1,NUFIP2,TNRC6A,CELF1,SYNCRIP,IPO11,RBM47,PATL1,RNF219,IGF2BP1,THOC1,TDRD3,PRRC2A,RBMS1,LZTS2,FAM120C,YTHDF3,TNRC6A,ANKRD17,G3BP1,SYNCRIP,RBMS1,TBK1,MARF1,PAIP1,TRIM56,DDX20,DDX1,CNOT6L,YTHDF3,RNF219,YTHDF2,FXR2,IPO11,NXF1,TIA1,EIF4A1,FAM120C,XRN1,ETF1,RC3H1,ZFP36,KIAA1429,PUM1,LSM2,SDCCAG3,UBAP2L,CNOT2,RNF219,LZTS2,GLE1,LSM1,YTHDF1,EIF4ENIF1,TRIM56,RC3H1,IGF2BP2,ATXN2,OTUD4,CELF1,THOC1,PRRC2A,DCP1A,RNGTT,CNOT1,ZFP36,KIAA0355,EIF4ENIF1,RNF219,XRN2,KIF1B,XRN2,EIF4A3,YTHDF3,RBMS1,USP10,USP10,RNF219,AGO2,RNGTT,UBAP2L,ETF1,CSDE1,STRAP,RBMS1,EDC3,PDCD4,LSM1,XRN2,KIF1B,ETF1,CELF1,PATL1,CNOT9,ATXN2,DDX20,NUFIP2,EIF4A3,ZCCHC11,GRSF1,LZTS2,YTHDF3,TDRD3,CNOT7,CPSF1,ZFP36,PRPF19,PABPC1,TNRC6A,SMAP2,CELF1,CNOT2,PDCD4,USP10,CPSF1,ETF1,STAU1,CNOT1,UBAP2L,XRN1,NUFIP2,TNRC6B,HELZ,RC3H2,RC3H1,DDX6,FXR1,SYNCRIP,IPO11,LARP4B,EDC3,SYNCRIP,TIA1,EDC3,PRRC2A,CNOT7,TRIM25,GLE1,ALG13,RC3H2,PRRC2A,FXR1,EDC3,PAIP1,MCRIP2,DDX6,FUBP3,ANKRD17,SMG6,FAM120C,SMG7,NUFIP2,FXR2,IBTK,IGF2BP1,DDX3X,SYNCRIP,IBTK,IBTK,CAPRIN1,NXF1,KIAA1429,PABPC1,LSM12,MEX3B,CSDE1,RNF219,KIF1B,LSM2,MARF1,R3HDM2,YTHDF1,RBM47,TRIM56,ST7,LSM1,PAIP2,ELAVL1,CNOT2,CNOT2,LARP4B,SYMPK,TBK1,PRRC2B,KIAA0355,CDC5L,DCP1A,FAM120A,CEP85,EDC3,CELF1,CNOT6L,IGF2BP1,PUM1,ETF1,SMG6,TNRC6B,UBAP2L,IGF2BP2,XRN2,EIF4ENIF1,STAU1,DCP1A,EDC3,LZTS2,ZCCHC11,LSM1,RNGTT,CELF1,ZCCHC11,SUPT5H,PATL1,THOC1,UBAP2L,EIF4ENIF1,KIAA0355,TDRD3,LZTS2,PARN,IGF2BP1,TIA1,FUBP3,RC3H1,EIF4A2,DDX1,OTUD4,RNGTT,FXR1,DDX1,EXOSC10,CDC5L,CAPRIN1,PATL1,ATXN2,KIF1B,PAIP1,EXOSC10,KIF1B,LZTS2,RBMS1,HELZ,FXR1,TRIM56,LSM12,USP10,CTIF,DDX20,SMAP2,DDX1,THOC1,CELF1,ILF3,TBK1,MKRN2,PUM1,FMR1,ALG13,DDX20,LSM4,STAU1,LARP4B,FAM120A,TIA1,GTPBP1,ZCCHC11,G3BP1,FUBP3,CNOT6L,MEX3B,CEP85,DAZL,OTUD4,EDC3,THOC1,SMAP2,MARF1,AGO2,LSM4,TDRD3,DDX20,CNOT9,EDC3,ANKRD17,RC3H2,ANKRD17,GTPBP1,STAU1,EDC3,SMG7,MOV10,TOP3B,EDC3,TDRD3,DDX1,SYNCRIP,PRRC2B,MEX3B,EXOSC10,LSM4,USP10,PRPF19,MEX3B,TDRD3,FMR1,AGO2,CSDE1,SYMPK,PDCD4,PRRC2A,SMAP2,DDX3X,ZFP36,DAZL,CDC5L,EDC3,DDX3X,DDX1,LSM14A,R3HDM2,CEP85,DDX6,PRRC2B,PRRC2A,UBAP2L,ZC3H7A,THOC1,PRRC2A,NUFIP2,PARN,CNOT6L,LARP4B,LSM1,SYMPK,STAU1,FAM120C,MCRIP2,LSM1,CPEB4,TNRC6B,GRSF1,RC3H2,PATL1,LSM12,ZCCHC11,CPEB4,PUM1,ETF1,PUM1,SUPT5H,PARN,DAZL,TRIM25,STAU1,EDC3,TIA1,TNRC6C,CTIF,TOP3B
,,,,,,,,,,,,,,,,,,,,,,,,,,,,,,,,,,,,,,,,,,,,,,,,,,SMAP2,DDX3X,CEP85,DCP1A,LSM14A,FAM120A,PATL1,EIF4A1,SMAP2,PARN,YTHDF3,CNOT2,ATXN2,PABPC1,SMAP2,IPO11,CNOT9,TDRD3,MEX3B,ZC3H7A,LSM2,CTIF,SMAP2,RBMS1,IGF2BP2,EXOSC10,PAIP2,CNOT6L,LSM2,PRRC2B,STAU1,ELAVL1,LSM2,ILF3,LSM14A,MOV10,LSM4,EIF4A1,XRN1,XRN1,STAU1,NUFIP2,KIAA1429,PAIP1,TDRD3,ATXN2,OTUD4,MARF1,RC3H1,DCP1A,IGF2BP2,RNF214,LSM2,PATL1,LARP4B,CELF1,PUM1,DCP1A,RC3H1,LSM4,HELZ,STRAP,TNRC6C,CAPRIN1,TNRC6B,CDC5L,EIF4A3,DDX19B,XRN1,USP10,SYMPK,RBM47,DDX6,PATL1,KIF1B,ZC3HAV1,PRPF19,RNGTT,ZC3H7A,KIAA1429,CDC5L,PRRC2A,CELF1,IPO11,ZC3H7A,SAMD4B,LSM4,PAIP2,IGF2BP2,EXOSC10,R3HDM2,SYMPK,KIF1B,TOP3B,IGF2BP1,PUM1,TDRD3,SDCCAG3,NXF1,FAM120C,LSM12,TOP3B,NUFIP2,CNOT6L,ST7,XRN2,KIAA1429,CPEB4,XRN1,SYNCRIP,PARN,TRIM25,RC3H1,LZTS2,GTPBP1,CNOT7,FMR1,RC3H2,GRSF1,STRAP,IPO11,MARF1,EXOSC10,YTHDF2,CNOT6L,MEX3B,OTUD4,MEX3B,MARF1,GRSF1,ALG13,IGF2BP2,DDX19B,DDX3X,UBAP2L,KIAA1429,LSM2,DDX20,KIAA0355,CEP85,TBK1,DDX1,MKRN2,PAIP2,SAMD4B,KIF1B,DDX20,USP10,USP10,RC3H1,DDX6,LSM12,USP10,AGO2,ETF1,GTPBP1,CNOT2,LARP4B,FAM120A,MKRN2,RC3H2,NXF1,R3HDM2,LSM1,PATL1,SYNCRIP,ILF3,SYMPK,YTHDF1,SAMD4B,RNGTT,MOV10,LSM2,IBTK,RC3H2,XRN2,DDX1,RBMS1,ATXN2,CNOT9,IGF2BP1,RNF214,ZFP36,ALG13,XRN1,ANKRD17,CPSF1,LSM2,SMG6,ALG13,MEX3B,EXOSC10,MKRN2,CPEB4,NUFIP2,YTHDF2,MKRN2,SMAP2,UBAP2L,G3BP1,MEX3B,ILF3,PABPC1,FAM120C,PUM1,OTUD4,EIF4A2,PARN,EXOSC10,SMG6,GTPBP1,EIF4ENIF1,NCBP2,DDX20,IBTK,RBM47,HELZ,CNOT6L,LARP4B,LSM1,TOP3B,ZC3HAV1,MCRIP2,ALG13,CTIF,ILF3,CPSF1,LSM1,ST7,CPSF1,EIF4A2,EIF4A1,PAIP2,XRN2,KIAA0355,TRIM25,LSM2,CNOT1,STRAP,PRRC2B,DDX19B,RBM47,FAM120A,NUFIP2,RC3H1,GLE1,KIAA1429,GRSF1,YTHDF2,EIF4A2,EIF4A1,R3HDM2,CDC5L,ZC3HAV1,CDC5L,ZC3HAV1,ATXN2,NCBP2,TRIM25,HDLBP,TIA1,EIF4A2,KIAA0355,CEP85,LARP4B,CTIF,PABPC1,DAZL,CPEB4,SUPT5H,SMG6,TNRC6A,STRAP,RBM47,PUM1,CSDE1,MKRN2,EIF4A3,CNOT1,EXOSC10,CNOT9,CTIF,AGO2,XRN1,ATXN2,LSM2,HELZ,EDC3,CEP85,CNOT2,MOV10,FXR2,XRN1,ALG13,DDX6,IGF2BP1,PRRC2A,NUFIP2,CPEB4,LSM14A,MKRN2,CPEB4,EXOSC10,HDLBP,PUM1,FXR1,MARF1,ZC3HAV1,XRN1,CTIF,STAU1,OTUD4,MEX3B,MARF1,SMG7,RNF219,TRIM25,TNRC6B,ETF1,DDX20,RNF214,KIAA0355,XRN1,PARN,IPO11,SAMD4B,LSM4,THOC1,EIF4A2,IGF2BP1,DDX20,LSM14A,XRN2,FXR1,FXR1,PABPC1,UNK,TIA1,HDLBP,LSM1,CNOT1,CNOT7,PAIP2,STAU1,YTHDF3,PRPF19,SMAP2,HELZ,THOC1,EIF4A1,GRSF1,EIF4A2,TRIM25,TNRC6C,STAU1,CNOT7,MARF1,EDC3,DDX3X,ZFP36,EIF4ENIF1,PARN,AGO2,KIF1B,EIF4A1,ELAVL1,EXOSC10,LSM14A,R3HDM2,MCRIP2,DDX6,CNOT6L,ELAVL1,PRRC2A,PABPC1,CTIF,FXR2,MOV10,TOP3B,DDX6,SYNCRIP,CNOT9,MOV10,XRN1,CSDE1,SAMD4B,RBMS1,IPO11,LSM1,IGF2BP1,ILF3,CEP85,RNF219,DCP1A,TOP3B,FXR1,KIAA0355,UNK,PABPC1,KIF1B,HDLBP,SMG6,SMAP2,EXOSC10,EIF4ENIF1,TIA1,FXR2,MKRN2,DCP1A,CPSF1,FAM120C,TRIM56,DDX19B,FAM120C,IBTK,KIAA0355,CNOT9,RNGTT,THOC1,ETF1,AGO2,LZTS2,YTHDF3,XRN2,CNOT9,TIA1,NXF1,TNRC6C,SMAP2,CEP85,LSM4,RNGTT,RNF214,SUPT5H,IGF2BP2,ZCCHC11,PARN,DDX20,GRSF1,PRPF19,OTUD4,CNOT1,SYNCRIP,GTPBP1,NXF1,CEP85,EIF4A1,EXOSC10,PARN,RNGTT,PRRC2B,RC3H2,CDC5L,RC3H1,IGF2BP1,TDRD3,ILF3,PABPC1,EXOSC10,PRRC2B
,,,,,,,,,,,,,,,,,,,,,,,,,,,,,,,,,,,,,,,,,,,,,,,,,,,,,,,,,,,,XRN1,R3HDM2,R3HDM2,RBMS1,YTHDF2,SMAP2,TNRC6B,UNK,NCBP2,ATXN2,CTIF,SMAP2,DDX6,TNRC6A,NXF1,NXF1,KIAA0355,MARF1,RBMS1,TDRD3,THOC1,YTHDF1,RBMS1,ATXN2,CAPRIN1,XRN2,ELAVL1,ATXN2,CSDE1,SAMD4B,FXR1,TBK1,CPSF1,SAMD4B,ETF1,GTPBP1,THOC1,MOV10,CNOT7,LZTS2,LSM12,YTHDF3,AGO2,IPO11,MKRN2,NCBP2,UNK,LSM4,DAZL,HDLBP,MOV10,DDX3X,FAM120A,PAIP1,PARN,IGF2BP2,ATXN2,RC3H1,EIF4A1,CPEB4,IPO11,G3BP1,OTUD4,KIAA1429,MKRN2,SUPT5H,PRRC2A,DAZL,IBTK,LARP4B,UNK,MKRN2,ZCCHC11,NXF1,DDX20,RNF214,FAM120C,CPSF1,IPO11,RBMS1,RNF214,THOC1,CDC5L,SMG6,RC3H2,MCRIP2,DDX3X,UNK,EIF4A2,LSM2,FAM120A,NCBP2,SMG6,FXR1,CDC5L,ZC3H7A,PABPC1,ATXN2,KIAA1429,KIF1B,G3BP1,MOV10,ALG13,SYMPK,NCBP2,AGO2,SAMD4B,PRRC2B,YTHDF1,ELAVL1,STRAP,GRSF1,PARN,R3HDM2,KIAA1429,ANKRD17,CSDE1,ELAVL1,MKRN2,YTHDF3,TNRC6B,MCRIP2,PUM1,G3BP1,MARF1,SUPT5H,PARN,DAZL,EIF4ENIF1,PAIP1,TDRD3,CEP85,ATXN2,CNOT7,YTHDF2,ZC3HAV1,MEX3B,CNOT6L,SYMPK,OTUD4,RNGTT,RNF219,FXR2,ILF3,ELAVL1,TBK1,SYNCRIP,MKRN2,EDC3,PAIP2,CAPRIN1,SAMD4B,GTPBP1,NXF1,CTIF,SAMD4B,EXOSC10,DDX20,RNF214,TOP3B,DDX1,ILF3,ATXN2,MARF1,CAPRIN1,LSM1,OTUD4,IGF2BP1,GTPBP1,ZC3H7A,LSM2,KIF1B,NUFIP2,IGF2BP1,DAZL,PRRC2A,CTIF,GTPBP1,AGO2,SDCCAG3,GTPBP1,CEP85,CTIF,CEP85,AGO2,DCP1A,DDX20,CNOT9,PABPC1,PABPC1,PARN,XRN2,AGO2,PARN,ZFP36,RNF214,PRRC2A,DCP1A,ZFP36,TNRC6C,MEX3B,PUM1,ATXN2,FMR1,DDX6,PUM1,MEX3B,CSDE1,ANKRD17,DDX19B,SMAP2,UBAP2L,ALG13,IBTK,MEX3B,CNOT6L,EIF4A1,ZCCHC11,ELAVL1,HDLBP,SAMD4B,SDCCAG3,NXF1,CNOT7,SYNCRIP,ALG13,CELF1,PRRC2B,TDRD3,KIAA0355,YTHDF3,RNF214,ZC3H7A,SYNCRIP,CNOT9,NXF1,RBM47,ZC3H7A,ZC3H7A,THOC1,TNRC6C,CPEB4,PDCD4,LSM4,NXF1,LSM12,CAPRIN1,LARP4B,CNOT9,PARN,ZC3H7A,STRAP,YTHDF3,GRSF1,CPEB4,RBMS1,ALG13,TBK1,SMAP2,STAU1,UNK,DDX6,MEX3B,TOP3B,GLE1,TBK1,KIAA0355,YTHDF3,DDX19B,ZC3H7A,CTIF,UNK,PRPF19,KIF1B,HELZ,TNRC6A,DAZL,CNOT6L,SYNCRIP,PDCD4,EIF4ENIF1,SDCCAG3,PABPC1,KIF1B,TOP3B,PAIP1,NCBP2,IPO11,CSDE1,EIF4ENIF1,MCRIP2,TOP3B,ZCCHC11,PATL1,CNOT2,CDC5L,EIF4A2,FAM120C,THOC1,THOC1,IPO11,LSM4,ZC3H7A,IGF2BP1,SYNCRIP,LSM2,CAPRIN1,TDRD3,DCP1A,ILF3,PRPF19,SMG6,FUBP3,ATXN2,TIA1,LSM12,TRIM56,PAIP2,TNRC6B,PDCD4,LZTS2,USP10,IGF2BP2,KIAA1429,HELZ,USP10,TDRD3,SMAP2,EDC3,LSM4,EXOSC10,SYNCRIP,DDX20,SDCCAG3,SYMPK,ELAVL1,GRSF1,KIF1B,EIF4A1,ZC3HAV1,XRN1,FMR1,LSM1,EIF4A2,DCP1A,THOC1,DDX20,IGF2BP1,STRAP,CPSF1,LSM14A,UBAP2L,IGF2BP2,FUBP3,CAPRIN1,STRAP,SYNCRIP,CNOT1,MEX3B,XRN1,CEP85,KIAA0355,FMR1,IGF2BP2,YTHDF1,GLE1,DDX6,SDCCAG3,UBAP2L,EIF4A3,FXR2,RNF214,TRIM25,LSM2,YTHDF3,PRPF19,RNF219,EIF4A2,PAIP1,PUM1,UBAP2L,CPSF1,TNRC6B,HDLBP,G3BP1,DDX19B,R3HDM2,LSM2,ELAVL1,FUBP3,UNK,FUBP3,FXR2,TBK1,FXR1,LSM4,KIF1B,YTHDF1,LSM4,CNOT6L,TNRC6A,TNRC6C,PRRC2B,RC3H2,TNRC6B,DDX20,RNF219,MCRIP2,ETF1,YTHDF2,ZCCHC11,SMG7,FAM120C,ALG13,KIAA0355,ELAVL1,UNK,CPSF1,IGF2BP1,PRRC2A,KIF1B,ZCCHC11,LSM12,CELF1,LSM1,EXOSC10,ETF1,ALG13,PARN,ALG13,TIA1,FUBP3,PRRC2A,YTHDF1,USP10,LSM1,SYNCRIP,CTIF,DAZL,SAMD4B,CNOT9,TIA1,OTUD4,IPO11,RNGTT,GLE1,PATL1,ALG13,OTUD4,YTHDF2
,,,,,,,,,,,,,,,,,,,,,,,,,,,,,,,,,,,,,,,,,,,,,,,,,,,,,,,,,,,,,,,,,,,,,,RNF214,AGO2,SYNCRIP,STAU1,PAIP1,LSM14A,CELF1,TDRD3,PDCD4,STRAP,NCBP2,LSM2,FMR1,TIA1,PAIP1,PRRC2B,G3BP1,RNGTT,LZTS2,FXR2,HDLBP,EXOSC10,OTUD4,SMAP2,FAM120C,YTHDF2,RBMS1,ELAVL1,CELF1,RC3H2,RC3H1,DDX3X,PDCD4,XRN2,GLE1,ELAVL1,RNF214,NCBP2,DCP1A,IGF2BP1,ATXN2,PABPC1,ILF3,CNOT1,RC3H2,CNOT7,YTHDF1,EIF4A3,ALG13,THOC1,GTPBP1,DDX20,TNRC6B,RNF214,EIF4A1,MOV10,SYMPK,TNRC6A,IPO11,GTPBP1,DDX1,RNF219,GRSF1,MOV10,KIF1B,KIF1B,DDX6,ATXN2,R3HDM2,EIF4A3,LZTS2,SAMD4B,DDX3X,IGF2BP1,PDCD4,SAMD4B,FXR2,CNOT1,TDRD3,IGF2BP1,ZC3H7A,FXR1,PRPF19,ELAVL1,YTHDF1,CNOT2,LARP4B,MEX3B,MARF1,DDX1,PUM1,ILF3,TNRC6C,LARP4B,STAU1,TRIM56,SMG7,LSM14A,TBK1,EDC3,LSM4,ALG13,ZFP36,ETF1,UNK,PUM1,USP10,FAM120C,LSM4,R3HDM2,FXR1,GLE1,XRN1,CEP85,ATXN2,TRIM25,LSM4,LSM14A,CAPRIN1,DDX1,SMAP2,SMAP2,DDX3X,XRN2,TBK1,SMG6,KIAA1429,DCP1A,CPSF1,RBM47,PDCD4,DCP1A,UBAP2L,ANKRD17,CEP85,THOC1,CNOT9,LZTS2,ANKRD17,UNK,FXR1,LSM1,IGF2BP1,UNK,LSM14A,UNK,KIAA1429,TNRC6A,LSM14A,ZFP36,NXF1,IGF2BP2,MCRIP2,STRAP,MOV10,FAM120A,IPO11,ZC3HAV1,NUFIP2,EIF4ENIF1,MCRIP2,SMAP2,GLE1,XRN1,SAMD4B,YTHDF2,TBK1,FAM120C,ZCCHC11,LSM2,EIF4A1,DDX6,CPEB4,RC3H1,MARF1,CPEB4,ZC3HAV1,MKRN2,SMG6,ZFP36,ZFP36,TRIM56,TOP3B,EXOSC10,EXOSC10,PRRC2A,TIA1,ETF1,CELF1,UBAP2L,DDX19B,EDC3,IPO11,RNF214,ZC3H7A,SYNCRIP,EIF4ENIF1,FXR2,ZC3HAV1,SMAP2,PATL1,SMAP2,LSM12,PARN,SDCCAG3,RNGTT,EIF4ENIF1,FUBP3,TOP3B,CTIF,ZFP36,FAM120C,NCBP2,DAZL,CDC5L,RBM47,DDX6,NCBP2,PRRC2B,DDX19B,ILF3,CNOT7,IGF2BP2,PDCD4,XRN2,LSM12,HELZ,LSM2,KIAA0355,IPO11,YTHDF2,UBAP2L,DDX19B,CDC5L,LSM2,ATXN2,SMG7,EIF4ENIF1,DAZL,TOP3B,DDX1,R3HDM2,ALG13,IGF2BP1,KIAA1429,NXF1,ZFP36,CNOT2,ZCCHC11,ALG13,EIF4ENIF1,PATL1,TOP3B,OTUD4,UNK,EXOSC10,SMG6,RBM47,SDCCAG3,NUFIP2,CDC5L,HELZ,YTHDF2,PUM1,YTHDF1,DDX20,DDX1,YTHDF2,LZTS2,ETF1,IGF2BP2,MKRN2,PAIP1,STRAP,ZFP36,NCBP2,ZC3H7A,PAIP1,NXF1,PARN,PUM1,RNF219,ILF3,AGO2,LZTS2,TNRC6B,MKRN2,MKRN2,CAPRIN1,IPO11,RBMS1,THOC1,CPSF1,DAZL,CNOT1,MOV10,TBK1,MARF1,SYMPK,TNRC6B,THOC1,TNRC6B,PARN,LSM4,TOP3B,ZCCHC11,MOV10,CTIF,AGO2,DDX20,ST7,PRPF19,CNOT2,ANKRD17,CNOT2,RBMS1,SMG6,SMG6,ZFP36,FMR1,SMG7,R3HDM2,GTPBP1,IGF2BP2,STAU1,CAPRIN1,STAU1,CNOT2,EIF4A2,CNOT9,PRRC2B,LZTS2,CTIF,LSM1,SMG7,MARF1,CTIF,FXR1,TBK1,ANKRD17,FXR2,CPEB4,TNRC6C,UNK,ANKRD17,PAIP2,ZC3HAV1,NCBP2,CPEB4,PDCD4,CNOT6L,TNRC6C,UNK,YTHDF3,EXOSC10,SMAP2,NUFIP2,ATXN2,FMR1,CPSF1,CNOT1,EIF4A1,FUBP3,ALG13,TNRC6C,HDLBP,CPSF1,DAZL,CTIF,GTPBP1,OTUD4,PDCD4,MEX3B,STRAP,SMG7,EIF4A1,ZC3HAV1,RBM47,PRRC2B,PAIP2,RBM47,YTHDF2,TRIM56,FUBP3,SYMPK,HDLBP,CNOT9,LSM12,CNOT6L,LZTS2,IPO11,TOP3B,USP10,ZCCHC11,SMG6,GTPBP1,YTHDF2,ELAVL1,SDCCAG3,LSM4,CEP85,MARF1,PDCD4,HELZ,EIF4A1,ZC3HAV1,TOP3B,MEX3B,KIF1B,FAM120C,TNRC6B,LZTS2,AGO2,NXF1,CEP85,TRIM56,TNRC6B,PAIP2,YTHDF1,THOC1,DDX6,TNRC6C,MCRIP2,DAZL,TNRC6A,RBM47,SDCCAG3,LSM1,CNOT1,TNRC6B,ILF3,CNOT6L,CAPRIN1,MEX3B,TNRC6A,CNOT1,THOC1,PARN,MKRN2,PABPC1
,,,,,,,,,,,,,,,,,,,,,,,,,,,,,,,,,,,,,,,,,,,,,,,,,,,,,,,,,,,,,,,,,,,,,,,,,,,,,,,,ELAVL1,TDRD3,SMG7,CELF1,NCBP2,ST7,DDX3X,ZFP36,SYMPK,NCBP2,ANKRD17,G3BP1,FXR2,CEP85,XRN1,PATL1,TNRC6B,TBK1,KIAA0355,LSM1,KIF1B,CELF1,LSM12,NXF1,CTIF,CNOT1,RC3H2,ANKRD17,NCBP2,XRN1,ALG13,CNOT1,OTUD4,TIA1,PRRC2A,ATXN2,FXR2,ELAVL1,FXR2,PABPC1,TRIM25,DDX6,ZC3HAV1,TNRC6C,RBM47,LSM14A,TOP3B,ST7,MOV10,SAMD4B,XRN1,DAZL,PDCD4,USP10,EIF4A1,SUPT5H,ZFP36,HELZ,PATL1,IGF2BP1,DDX19B,TIA1,PDCD4,FXR1,TIA1,ZC3H7A,SMAP2,SMG7,ZFP36,CPEB4,SUPT5H,RC3H2,PDCD4,NXF1,ZCCHC11,RNF214,CELF1,LZTS2,SDCCAG3,NCBP2,PATL1,PUM1,SMG7,UBAP2L,MOV10,IBTK,IGF2BP2,PABPC1,ELAVL1,HDLBP,TRIM56,YTHDF3,CNOT7,RC3H1,CSDE1,UBAP2L,RBM47,THOC1,ZFP36,PRRC2B,PABPC1,SUPT5H,CNOT2,IPO11,TIA1,MKRN2,YTHDF2,SMG6,PRRC2A,KIAA0355,THOC1,STRAP,CNOT2,CNOT9,CEP85,STAU1,IBTK,TRIM56,PATL1,STAU1,ZC3H7A,YTHDF3,CNOT1,ZC3H7A,FAM120A,G3BP1,HDLBP,YTHDF2,ETF1,USP10,ETF1,XRN2,MCRIP2,MARF1,CELF1,YTHDF1,IPO11,FMR1,PDCD4,DDX3X,FAM120C,IPO11,GRSF1,PABPC1,STRAP,ZCCHC11,STAU1,NCBP2,UBAP2L,TIA1,GLE1,EIF4A2,DDX6,MCRIP2,THOC1,PDCD4,MOV10,PAIP1,UNK,PABPC1,PRRC2B,FMR1,SDCCAG3,FUBP3,CPSF1,FUBP3,PUM1,CAPRIN1,IGF2BP1,CNOT6L,PUM1,EIF4A1,EDC3,CPSF1,ELAVL1,G3BP1,CTIF,IBTK,LSM14A,HDLBP,ZC3HAV1,NCBP2,ZC3HAV1,ZC3H7A,CSDE1,YTHDF2,ELAVL1,RC3H2,PRRC2B,IGF2BP1,MEX3B,SUPT5H,TNRC6B,YTHDF2,CPSF1,TOP3B,SDCCAG3,DDX20,ILF3,DCP1A,TOP3B,RC3H2,STRAP,SMG6,SMG6,ZC3H7A,STAU1,TNRC6B,RC3H1,ALG13,MOV10,CNOT2,UNK,CPSF1,EIF4ENIF1,TNRC6B,CEP85,FMR1,EIF4ENIF1,SMAP2,PARN,CNOT1,ST7,ELAVL1,CEP85,SDCCAG3,MARF1,PAIP2,PRRC2B,ATXN2,PRPF19,SDCCAG3,SDCCAG3,MEX3B,ETF1,GLE1,TRIM25,EIF4A1,LSM14A,PATL1,RBMS1,EIF4A2,TRIM56,FAM120C,CNOT1,MOV10,YTHDF3,SYMPK,MCRIP2,KIF1B,SDCCAG3,LSM14A,IPO11,FXR2,FXR2,RC3H1,NUFIP2,G3BP1,MKRN2,ZC3HAV1,NXF1,PAIP2,CTIF,CPSF1,RC3H1,NXF1,ILF3,SDCCAG3,THOC1,KIAA0355,CDC5L,NUFIP2,CNOT7,ST7,EIF4A3,SAMD4B,NUFIP2,PARN,AGO2,SMG7,IGF2BP2,STRAP,IBTK,EIF4A3,HDLBP,EIF4ENIF1,ELAVL1,ATXN2,KIAA0355,CEP85,YTHDF1,LARP4B,LZTS2,FXR2,KIAA1429,RC3H1,ZCCHC11,LSM14A,RBM47,ST7,ZC3H7A,TRIM56,LSM2,LARP4B,MARF1,THOC1,DDX3X,OTUD4,FAM120A,ILF3,PAIP1,GTPBP1,FXR2,PRRC2B,KIF1B,RNF214,ILF3,TDRD3,CEP85,FMR1,IPO11,LSM14A,FUBP3,STRAP,CELF1,KIF1B,LARP4B,HDLBP,XRN1,IPO11,PDCD4,CPSF1,TNRC6B,XRN1,RBM47,KIAA1429,USP10,LSM1,LSM2,SYMPK,ST7,RNGTT,NXF1,ZC3H7A,EIF4ENIF1,IGF2BP2,DDX19B,OTUD4,TRIM25,SMG6,RC3H1,TNRC6B,EIF4ENIF1,KIF1B,MCRIP2,SYMPK,IBTK,MKRN2,FUBP3,HDLBP,PARN,EIF4A2,AGO2,EIF4ENIF1,CPSF1,TBK1,TRIM56,EIF4ENIF1,HELZ,DDX1,ATXN2,UNK,FMR1,XRN1,KIF1B,DDX3X,PRPF19,EIF4A2,PDCD4,SYMPK,STAU1,LARP4B,FXR2,CNOT9,KIAA0355,PATL1,AGO2,DDX6,IBTK,EIF4A3,GLE1,LSM12,RNF219,CNOT1,RNF219,SAMD4B,R3HDM2,DDX3X,UNK,ZCCHC11,NCBP2,KIAA0355,SDCCAG3,TRIM25,FMR1,DDX6,TDRD3,TRIM25,MARF1,ATXN2,LSM2,FXR1,GLE1,LSM2,CSDE1,CTIF,IGF2BP1,KIAA1429,RNF214,YTHDF1,PUM1,GTPBP1,PRRC2B,LSM4,CELF1,DDX6,ZC3H7A,DDX19B,LSM1,RBM47
,,,,,,,,,,,,,,,,,,,,,,,,,,,,,,,,,,,,,,,,,,,,,,,,,,,,,,,,,,,,,,,,,,,,,,,,,,,,,,,,,,,,,,,,,,EIF4A1,PDCD4,CSDE1,CSDE1,MKRN2,G3BP1,PAIP2,LSM12,EIF4ENIF1,MOV10,ETF1,STAU1,IGF2BP2,ATXN2,EDC3,CNOT9,ANKRD17,TNRC6C,ILF3,TNRC6A,EIF4A3,ANKRD17,NXF1,FMR1,RNF219,MKRN2,PATL1,YTHDF2,RNGTT,LSM2,CSDE1,FMR1,ZCCHC11,TRIM56,PRRC2A,RBMS1,LSM1,MKRN2,NCBP2,UBAP2L,DDX20,TNRC6A,STRAP,STAU1,PUM1,FMR1,SYNCRIP,UNK,FAM120C,KIAA0355,EXOSC10,PRPF19,EIF4A1,YTHDF2,CSDE1,TDRD3,EIF4A2,LARP4B,FAM120A,TNRC6C,RC3H2,MCRIP2,HDLBP,MARF1,MOV10,SMG7,ATXN2,GRSF1,GLE1,LSM2,AGO2,LSM4,CPEB4,CDC5L,RNF214,FAM120C,KIAA1429,CPSF1,ALG13,YTHDF2,ILF3,CNOT1,DDX19B,G3BP1,DDX3X,ILF3,LSM12,STAU1,TIA1,SYNCRIP,USP10,LSM4,NXF1,TRIM56,TNRC6B,LZTS2,YTHDF1,FXR1,FXR1,TRIM56,DAZL,CNOT1,YTHDF1,IGF2BP1,SDCCAG3,DDX19B,XRN1,PRPF19,ANKRD17,CNOT9,PATL1,CTIF,LSM12,RBM47,DCP1A,IGF2BP2,ZC3H7A,CDC5L,RBM47,RC3H1,IPO11,G3BP1,KIAA1429,CNOT7,KIAA1429,MKRN2,SYMPK,FAM120A,PABPC1,SDCCAG3,FXR2,TNRC6C,EIF4A3,DAZL,PAIP1,CDC5L,SMG6,RC3H2,PATL1,PDCD4,EDC3,PAIP2,YTHDF2,LSM1,RNF219,EIF4A2,RNGTT,LZTS2,CAPRIN1,XRN2,DCP1A,DCP1A,PRRC2B,EIF4A3,DDX6,USP10,TNRC6B,ZC3HAV1,RNF214,DDX19B,TBK1,YTHDF2,PUM1,ZC3HAV1,MCRIP2,PATL1,CPEB4,GTPBP1,LSM4,EIF4A2,TBK1,FUBP3,CDC5L,DAZL,EIF4ENIF1,ELAVL1,CEP85,ALG13,NCBP2,SMG6,PAIP1,LSM2,CSDE1,ZCCHC11,TNRC6B,TIA1,RNF214,PRRC2A,SMG6,FXR1,TIA1,ZFP36,XRN1,XRN1,PDCD4,DCP1A,HELZ,RC3H1,DDX19B,CELF1,TNRC6B,ALG13,DDX6,CTIF,RNF214,RC3H1,DDX6,SYNCRIP,TNRC6A,DCP1A,ZC3HAV1,ANKRD17,PABPC1,FAM120A,FXR1,R3HDM2,IGF2BP2,RC3H2,CAPRIN1,GLE1,PRRC2A,HDLBP,PAIP2,EIF4A1,NUFIP2,EIF4A3,EXOSC10,TIA1,PUM1,DDX3X,NCBP2,YTHDF2,SYNCRIP,SDCCAG3,HELZ,TNRC6C,PABPC1,DDX3X,HDLBP,SYNCRIP,ZCCHC11,MKRN2,ANKRD17,GLE1,CNOT7,ATXN2,CNOT2,RNF219,FMR1,LSM14A,YTHDF3,PUM1,TNRC6B,PABPC1,XRN2,IBTK,PABPC1,FXR2,IGF2BP1,MOV10,DAZL,FXR2,SMAP2,NUFIP2,NXF1,LARP4B,TNRC6A,CAPRIN1,EIF4ENIF1,YTHDF1,CNOT9,DDX6,TRIM25,CELF1,PRPF19,LARP4B,LZTS2,NCBP2,LSM12,PABPC1,ELAVL1,YTHDF3,ETF1,STRAP,IGF2BP2,RNF219,DDX19B,SYNCRIP,TRIM25,RC3H1,PARN,DDX19B,TOP3B,IGF2BP2,HDLBP,ETF1,CDC5L,SUPT5H,YTHDF2,DDX6,SMG6,GRSF1,DCP1A,AGO2,G3BP1,FAM120C,IPO11,YTHDF3,CTIF,TNRC6A,CTIF,RBM47,DDX19B,SYMPK,EIF4ENIF1,PDCD4,TNRC6B,RNF214,CTIF,IBTK,EIF4A1,CELF1,FMR1,MKRN2,EIF4A2,ATXN2,FAM120C,CPEB4,ST7,YTHDF2,LARP4B,RC3H1,CPSF1,CNOT6L,NXF1,XRN2,GLE1,PAIP1,MEX3B,MOV10,SMG7,OTUD4,LSM14A,DDX6,KIAA0355,PRRC2A,SUPT5H,FMR1,STRAP,RNGTT,ZCCHC11,SMG7,LSM14A,IBTK,RNF219,YTHDF2,CAPRIN1,ZC3HAV1,LSM12,LARP4B,CSDE1,TNRC6C,CDC5L,CPSF1,TNRC6B,ILF3,DDX19B,CPSF1,R3HDM2,R3HDM2,RBMS1,ZCCHC11,SYMPK,EIF4A2,CNOT7,ATXN2,CELF1,SYMPK,UBAP2L,ILF3,LSM2,CNOT1,LZTS2,TDRD3,SMAP2,PATL1,FXR2,CNOT1,CNOT6L,TNRC6C,USP10,FAM120A,RNGTT,AGO2,CNOT2,ILF3,CPSF1,EIF4A1,SMG6,GTPBP1,LSM4,CPSF1,AGO2,PAIP1,TOP3B,SAMD4B,ZC3H7A,SYNCRIP,DDX1,CPSF1,SMG6,RNGTT,DDX20,DDX19B,RNF214,CNOT6L,USP10,PUM1,PRRC2B,LSM1
,,,,,,,,,,,,,,,,,,,,,,,,,,,,,,,,,,,,,,,,,,,,,,,,,,,,,,,,,,,,,,,,,,,,,,,,,,,,,,,,,,,,,,,,,,,,,,,,,,,,SYMPK,FMR1,FMR1,ST7,LSM2,PRRC2A,RNF219,YTHDF3,ALG13,HELZ,TOP3B,MEX3B,YTHDF3,YTHDF2,STRAP,GRSF1,MOV10,G3BP1,MKRN2,ETF1,RC3H1,ANKRD17,HDLBP,YTHDF3,SDCCAG3,ILF3,USP10,DDX6,CSDE1,FXR2,GRSF1,EIF4A3,XRN2,PDCD4,CPEB4,LZTS2,DDX3X,PAIP1,USP10,MEX3B,KIAA0355,CTIF,ZCCHC11,RC3H1,YTHDF3,PRPF19,R3HDM2,PABPC1,LSM12,PRRC2A,ANKRD17,TNRC6A,ZCCHC11,YTHDF2,LSM1,RBMS1,ILF3,PATL1,TNRC6C,TIA1,R3HDM2,EDC3,MEX3B,CPEB4,HDLBP,MKRN2,YTHDF2,RNF214,IPO11,MOV10,ELAVL1,LSM2,GRSF1,CNOT9,ZC3HAV1,UNK,TDRD3,LSM14A,EIF4A2,LSM12,UBAP2L,CDC5L,ELAVL1,EXOSC10,KIF1B,EDC3,CTIF,NCBP2,CNOT7,ALG13,EXOSC10,SYNCRIP,USP10,MOV10,ZCCHC11,TNRC6B,DDX3X,GRSF1,DDX20,RBMS1,NUFIP2,RBM47,R3HDM2,PAIP2,CPSF1,ZC3HAV1,IGF2BP1,R3HDM2,TOP3B,KIAA0355,UBAP2L,PAIP1,TRIM56,PRPF19,ILF3,KIAA0355,ETF1,G3BP1,SUPT5H,ZC3HAV1,SMAP2,CEP85,ILF3,FMR1,ZCCHC11,DDX19B,DDX19B,TRIM56,RNGTT,TBK1,MEX3B,FAM120A,KIAA0355,RC3H1,IPO11,EDC3,RNF219,FXR2,RNGTT,TNRC6B,LSM12,CNOT1,HELZ,LSM2,LSM4,PRPF19,PRRC2A,TNRC6A,LSM1,PRRC2A,TDRD3,SMAP2,ZC3HAV1,ATXN2,EIF4A2,ZC3HAV1,ZFP36,EIF4A1,DDX3X,DCP1A,IPO11,TBK1,KIF1B,LSM14A,TRIM56,FAM120A,KIF1B,SYNCRIP,CAPRIN1,MOV10,YTHDF3,TDRD3,RNF214,EXOSC10,DAZL,PATL1,OTUD4,MEX3B,LSM12,IBTK,ALG13,FXR2,DDX6,DDX1,CNOT2,EXOSC10,CPEB4,CEP85,ZCCHC11,IGF2BP1,LSM14A,KIAA0355,TDRD3,CNOT9,SYNCRIP,ILF3,PAIP2,PARN,FMR1,PABPC1,CNOT7,EIF4A2,MARF1,CNOT2,THOC1,PRRC2A,SMG6,PARN,AGO2,TDRD3,DAZL,ATXN2,SYNCRIP,CNOT9,MKRN2,ELAVL1,HELZ,XRN1,FXR1,FXR1,CELF1,RC3H2,SMAP2,CDC5L,G3BP1,PRRC2B,DDX19B,MOV10,PRRC2B,DAZL,EIF4A3,ELAVL1,RBMS1,RNF219,NUFIP2,PAIP1,GLE1,MKRN2,SMG7,TRIM25,UBAP2L,FUBP3,ALG13,CNOT1,ETF1,RBM47,EIF4A1,FAM120C,KIAA0355,KIAA1429,GTPBP1,LSM2,LSM12,SYMPK,DDX1,NUFIP2,XRN2,NXF1,EIF4A3,SYNCRIP,ZFP36,UBAP2L,CEP85,CPEB4,UNK,RNGTT,YTHDF2,PAIP1,TBK1,CPSF1,TNRC6B,KIF1B,CNOT2,NXF1,ZCCHC11,SDCCAG3,YTHDF3,PAIP1,SDCCAG3,CEP85,CELF1,CSDE1,PARN,NCBP2,YTHDF1,IBTK,RBMS1,XRN2,RNGTT,CELF1,EIF4A3,UBAP2L,ILF3,ZCCHC11,AGO2,MARF1,ANKRD17,CELF1,UNK,EXOSC10,DDX3X,ST7,SDCCAG3,SYNCRIP,KIAA0355,PAIP1,ZFP36,CSDE1,EIF4A1,CTIF,DDX1,RBMS1,FUBP3,LSM2,DDX19B,CDC5L,DCP1A,OTUD4,NUFIP2,GTPBP1,LSM1,CNOT7,ETF1,CAPRIN1,GTPBP1,DDX6,MOV10,KIAA0355,PRPF19,OTUD4,PRRC2A,TIA1,STAU1,RC3H2,FXR2,ALG13,MCRIP2,ALG13,ZC3H7A,YTHDF1,TIA1,TNRC6C,PARN,SMG6,ANKRD17,LSM14A,ANKRD17,LZTS2,UBAP2L,CTIF,GRSF1,PATL1,HDLBP,SDCCAG3,ZC3H7A,EIF4A1,DDX6,DCP1A,PARN,ALG13,NUFIP2,CELF1,PDCD4,RNF214,R3HDM2,EIF4ENIF1,LSM2,LSM1,ILF3,CEP85,EIF4ENIF1,PATL1,EIF4A1,DDX20,SYMPK,FUBP3,CDC5L,AGO2,SYMPK,ANKRD17,RNF214,LSM4,SMG7,G3BP1,CNOT7,NUFIP2,FXR1,GTPBP1,TNRC6C,CELF1,SAMD4B,PRRC2B,MOV10,RBM47,GLE1,TRIM25,LZTS2,GLE1,CTIF,KIAA1429,DDX6,PDCD4,ILF3,DDX20,PAIP2,GTPBP1,ST7,LSM2,TRIM25,ZC3H7A
,,,,,,,,,,,,,,,,,,,,,,,,,,,,,,,,,,,,,,,,,,,,,,,,,,,,,,,,,,,,,,,,,,,,,,,,,,,,,,,,,,,,,,,,,,,,,,,,,,,,,,,,,,,,,,LSM4,PATL1,CELF1,LSM12,YTHDF2,PABPC1,YTHDF3,CDC5L,DCP1A,IBTK,YTHDF2,TOP3B,LSM4,FXR2,SUPT5H,FUBP3,R3HDM2,CEP85,MCRIP2,CAPRIN1,PAIP2,MEX3B,TOP3B,MEX3B,XRN2,PRPF19,KIAA0355,CSDE1,DDX3X,ZC3HAV1,STAU1,SMG6,CPEB4,NUFIP2,DCP1A,NXF1,CNOT2,IGF2BP1,ELAVL1,LARP4B,STRAP,AGO2,CTIF,ATXN2,RNGTT,UNK,EIF4A3,TBK1,SUPT5H,TOP3B,USP10,NXF1,FUBP3,USP10,CPSF1,DAZL,TRIM56,KIF1B,CELF1,TNRC6B,HELZ,IGF2BP1,CNOT1,PRPF19,PDCD4,RNF219,TNRC6B,TNRC6B,OTUD4,CELF1,ILF3,LSM14A,TRIM56,DCP1A,DDX6,ETF1,MARF1,R3HDM2,PAIP1,CPSF1,CNOT7,PABPC1,EXOSC10,EIF4ENIF1,EIF4A1,EIF4A1,NUFIP2,ETF1,NUFIP2,TIA1,PRRC2A,SYNCRIP,GTPBP1,IGF2BP2,GTPBP1,RNF214,DAZL,LSM4,ZC3HAV1,EIF4A1,CNOT7,FUBP3,EXOSC10,NUFIP2,DDX1,PRRC2A,CAPRIN1,KIF1B,CNOT7,LARP4B,DDX3X,SMAP2,CEP85,DCP1A,HELZ,SYMPK,IGF2BP2,SAMD4B,EDC3,DDX20,LSM12,DDX6,FXR2,EIF4A1,PATL1,IGF2BP2,EIF4A3,LSM1,CTIF,CNOT2,RC3H2,GLE1,PABPC1,RC3H2,CTIF,LSM4,ILF3,KIF1B,MCRIP2,IGF2BP1,G3BP1,DDX20,NUFIP2,DAZL,XRN2,USP10,PATL1,SMG7,CPSF1,SMAP2,ILF3,LSM2,PDCD4,KIF1B,STAU1,G3BP1,RNGTT,PAIP2,THOC1,NCBP2,FXR1,EDC3,LSM1,PRRC2B,ST7,UNK,HDLBP,TNRC6A,RBM47,IGF2BP1,HELZ,MOV10,LSM1,RBM47,KIF1B,RBMS1,MOV10,TBK1,SDCCAG3,KIF1B,ATXN2,EIF4ENIF1,IGF2BP1,PAIP2,THOC1,IBTK,R3HDM2,ILF3,MEX3B,ILF3,RBMS1,LZTS2,PATL1,LSM1,DDX6,LARP4B,RC3H1,DDX1,UBAP2L,EIF4A3,KIAA0355,LZTS2,FXR1,RBMS1,CSDE1,TIA1,RNF214,FAM120A,UBAP2L,CNOT7,FUBP3,EIF4A3,LZTS2,STAU1,RC3H1,SYMPK,DDX6,PAIP2,CNOT9,FUBP3,EIF4ENIF1,FXR2,HELZ,IBTK,ELAVL1,LSM14A,IBTK,DCP1A,DDX19B,TOP3B,OTUD4,KIAA1429,FUBP3,RC3H1,LSM1,MKRN2,TDRD3,EDC3,HELZ,AGO2,EIF4A1,ELAVL1,PATL1,RBM47,ST7,DDX20,MOV10,SMG6,ALG13,R3HDM2,CTIF,ILF3,ZFP36,PARN,TNRC6A,CSDE1,OTUD4,MKRN2,GRSF1,IPO11,PDCD4,PAIP1,MEX3B,OTUD4,EXOSC10,CNOT6L,XRN1,EDC3,CNOT9,EIF4A1,SUPT5H,LARP4B,RC3H1,MARF1,IGF2BP2,CEP85,CNOT7,AGO2,EIF4A2,PARN,G3BP1,ZFP36,ST7,KIF1B,PABPC1,IGF2BP1,TNRC6B,GLE1,FAM120A,KIAA0355,MEX3B,IGF2BP1,PUM1,KIF1B,G3BP1,XRN1,ILF3,LARP4B,CAPRIN1,OTUD4,RC3H1,G3BP1,ILF3,DDX20,NXF1,HDLBP,XRN2,YTHDF1,SMG7,ZCCHC11,FAM120A,ST7,PRPF19,CNOT2,CNOT9,RC3H1,LSM1,ZC3H7A,NXF1,FAM120C,PUM1,SMG7,PRPF19,STRAP,DDX6,EIF4ENIF1,SMAP2,ZC3H7A,TNRC6B,CELF1,RBM47,UBAP2L,EIF4A1,CEP85,XRN1,ANKRD17,CSDE1,R3HDM2,SMG6,TDRD3,G3BP1,HELZ,PATL1,IGF2BP2,SAMD4B,NUFIP2,EXOSC10,SDCCAG3,DDX6,CAPRIN1,DCP1A,PRRC2A,STRAP,TRIM56,TNRC6C,EIF4A3,ZFP36,FXR1,EIF4A3,HELZ,CNOT9,TIA1,EIF4A2,THOC1,MARF1,MCRIP2,ALG13,KIF1B,DDX19B,IPO11,IBTK,MARF1,STRAP,RC3H1,UNK,DCP1A,ALG13,EIF4A2,USP10,RBM47,TBK1,CAPRIN1,RNF214,NCBP2,DDX1,FMR1,ATXN2,ILF3,RBMS1,GRSF1,KIAA1429,CNOT2,KIAA0355,PRPF19,AGO2,PRRC2B,IPO11,FAM120A,TIA1,ELAVL1
,,,,,,,,,,,,,,,,,,,,,,,,,,,,,,,,,,,,,,,,,,,,,,,,,,,,,,,,,,,,,,,,,,,,,,,,,,,,,,,,,,,,,,,,,,,,,,,,,,,,,,,,,,,,,,,,,,,,,,,,IGF2BP2,ETF1,EIF4A3,STRAP,DAZL,FXR1,STAU1,ZC3H7A,AGO2,ATXN2,HELZ,FXR1,DDX20,KIAA0355,ELAVL1,EIF4ENIF1,FUBP3,GLE1,FXR1,EIF4A2,MEX3B,PUM1,SMAP2,STAU1,RC3H1,RNF219,CNOT1,HDLBP,SMG6,CELF1,CNOT6L,GRSF1,EIF4A2,HDLBP,LZTS2,TBK1,SYMPK,FAM120C,HDLBP,XRN1,SAMD4B,LSM14A,RNF219,STRAP,PUM1,SMG6,PRRC2B,MOV10,MKRN2,CNOT2,STAU1,HDLBP,CAPRIN1,STAU1,XRN1,FAM120C,MEX3B,ANKRD17,CNOT9,ELAVL1,HELZ,TNRC6A,AGO2,TRIM25,FUBP3,CEP85,THOC1,IGF2BP2,CPSF1,ILF3,FXR2,CDC5L,YTHDF3,PUM1,PAIP1,MCRIP2,CEP85,TNRC6C,FXR1,KIAA0355,DDX3X,PAIP1,CAPRIN1,LSM4,YTHDF2,SMAP2,FAM120C,EIF4A1,CPSF1,CPSF1,LARP4B,LARP4B,ZCCHC11,EIF4ENIF1,GTPBP1,OTUD4,YTHDF1,CNOT6L,ZFP36,ELAVL1,DCP1A,PABPC1,FXR2,NCBP2,ZFP36,EXOSC10,CPEB4,EDC3,UNK,NXF1,THOC1,TRIM56,HDLBP,CELF1,OTUD4,SMAP2,MEX3B,ANKRD17,CSDE1,EIF4A2,LSM2,RBM47,TDRD3,TRIM25,STAU1,TNRC6C,CAPRIN1,FUBP3,MARF1,LARP4B,ILF3,MEX3B,HELZ,PAIP1,ZC3HAV1,HELZ,OTUD4,TNRC6B,SMG7,FXR2,IGF2BP1,PDCD4,TBK1,CELF1,RBM47,PRRC2B,RC3H2,CPEB4,LSM14A,CNOT6L,XRN1,GTPBP1,ZFP36,IPO11,IPO11,PAIP2,PAIP1,EIF4ENIF1,TNRC6B,TBK1,DDX3X,ETF1,ATXN2,R3HDM2,PRRC2B,PRPF19,KIAA1429,RC3H2,CSDE1,FXR1,EIF4A3,ANKRD17,CNOT7,PRRC2B,YTHDF3,ZCCHC11,IGF2BP2,LSM1,PRRC2A,CEP85,FMR1,FXR2,MOV10,PRRC2A,RNF214,EDC3,RNF219,ZC3HAV1,NUFIP2,SYMPK,FMR1,PAIP2,HDLBP,PUM1,DDX20,SYNCRIP,ILF3,PAIP1,CEP85,RC3H2,PRPF19,EDC3,TDRD3,FXR1,XRN2,LSM4,UNK,TIA1,RC3H2,YTHDF1,RNF219,R3HDM2,NXF1,MKRN2,LSM14A,TRIM25,CTIF,XRN2,GRSF1,CPSF1,FAM120A,CNOT6L,GRSF1,CNOT9,RNF214,FXR2,RNF219,KIAA1429,DDX19B,SMG7,YTHDF3,HDLBP,NCBP2,PAIP1,TNRC6B,EIF4A1,GLE1,EIF4A3,DCP1A,GLE1,EIF4A3,KIAA1429,LZTS2,SAMD4B,NCBP2,TRIM25,CNOT7,ZC3H7A,LSM4,ZC3H7A,ANKRD17,PRPF19,KIAA1429,TNRC6C,G3BP1,HELZ,DCP1A,SMG7,ATXN2,TNRC6C,SAMD4B,GLE1,MOV10,STAU1,UNK,CTIF,IBTK,CPEB4,DDX20,TRIM25,GRSF1,ZCCHC11,EDC3,GLE1,ZC3HAV1,TRIM25,PAIP2,TOP3B,FMR1,CNOT6L,EIF4A3,FAM120A,TNRC6C,CPEB4,EXOSC10,TOP3B,DDX1,TIA1,TNRC6C,EDC3,CDC5L,CTIF,LSM2,HDLBP,CDC5L,ANKRD17,RNGTT,IBTK,PRPF19,PUM1,ETF1,SMG6,TNRC6B,DDX6,ZC3H7A,EIF4A2,OTUD4,TNRC6B,EIF4A3,HELZ,MCRIP2,TRIM25,YTHDF3,IGF2BP2,NXF1,LSM1,TNRC6C,XRN2,YTHDF1,HELZ,ALG13,RC3H1,FUBP3,RBM47,CELF1,SUPT5H,EIF4A1,PARN,RC3H2,HDLBP,NUFIP2,TIA1,GTPBP1,CDC5L,KIAA1429,LSM12,RBMS1,CTIF,EIF4A2,NXF1,TRIM25,CNOT6L,EIF4A3,GLE1,EIF4A3,XRN2,CTIF,R3HDM2,GTPBP1,DAZL,EIF4A2,ATXN2,IPO11,ANKRD17,EIF4A2,EXOSC10,SMAP2,MOV10,TDRD3,USP10,YTHDF3,CNOT1,GRSF1,LSM12,PARN,DAZL,MCRIP2,RNF219,PAIP1,KIF1B,PABPC1,NUFIP2,TNRC6A,STAU1,LZTS2,HELZ,TRIM25,FXR2,DCP1A,CAPRIN1,LZTS2,YTHDF1,KIF1B,DCP1A,KIAA0355,TRIM25,UNK,MEX3B,EIF4ENIF1,RNF219
,,,,,,,,,,,,,,,,,,,,,,,,,,,,,,,,,,,,,,,,,,,,,,,,,,,,,,,,,,,,,,,,,,,,,,,,,,,,,,,,,,,,,,,,,,,,,,,,,,,,,,,,,,,,,,,,,,,,,,,,,,,,,,,,,,CNOT2,CDC5L,SYNCRIP,EDC3,ETF1,G3BP1,STAU1,LARP4B,SUPT5H,NUFIP2,ZCCHC11,MEX3B,TNRC6B,GTPBP1,CNOT9,RC3H1,LSM2,PDCD4,HELZ,ZCCHC11,TDRD3,SYNCRIP,RNF219,PATL1,AGO2,RNF219,DDX1,OTUD4,LSM12,PAIP2,DDX19B,NUFIP2,PAIP1,RNGTT,MEX3B,SYMPK,PUM1,FAM120A,CSDE1,PRRC2A,EXOSC10,CNOT7,HDLBP,PRRC2B,KIAA0355,MCRIP2,EDC3,PRRC2B,LSM14A,SUPT5H,RNGTT,DCP1A,PATL1,NXF1,CNOT6L,EIF4A3,AGO2,UBAP2L,LZTS2,LSM2,CNOT1,TIA1,FAM120C,GTPBP1,HDLBP,EIF4A2,MARF1,RBM47,DCP1A,DDX1,ILF3,EIF4ENIF1,MKRN2,G3BP1,HDLBP,KIAA1429,RNF214,YTHDF1,ELAVL1,DAZL,PAIP1,TDRD3,CPEB4,PUM1,SMAP2,TDRD3,ST7,TDRD3,SAMD4B,PATL1,CEP85,PDCD4,CTIF,TNRC6A,GRSF1,ZC3HAV1,TOP3B,FAM120A,DDX20,DDX6,FMR1,SAMD4B,TRIM25,PUM1,EIF4ENIF1,ZC3HAV1,EXOSC10,RC3H1,GTPBP1,SMG7,KIAA0355,CNOT6L,LSM14A,EXOSC10,DDX3X,KIAA1429,ST7,DDX6,DAZL,MEX3B,CTIF,HDLBP,TRIM25,SAMD4B,SDCCAG3,TRIM25,SYNCRIP,EIF4A3,LARP4B,THOC1,IGF2BP2,SUPT5H,CAPRIN1,EIF4A3,AGO2,IGF2BP2,AGO2,HDLBP,CNOT7,SMG7,ZFP36,TRIM25,ZCCHC11,LARP4B,FAM120A,PDCD4,RNGTT,STAU1,DDX1,UNK,IGF2BP1,CAPRIN1,TIA1,YTHDF2,HDLBP,TBK1,STRAP,NXF1,RNGTT,RNF219,SMG7,CPSF1,NUFIP2,MOV10,DDX1,CNOT9,DDX1,CPEB4,PAIP2,EIF4ENIF1,SAMD4B,LSM14A,LSM12,TBK1,EDC3,DCP1A,CNOT6L,YTHDF1,FUBP3,OTUD4,TNRC6C,UNK,ATXN2,CTIF,ST7,SMG6,ST7,FAM120C,YTHDF2,CAPRIN1,IGF2BP1,XRN2,ZC3HAV1,KIAA1429,CEP85,STAU1,CTIF,GRSF1,CAPRIN1,SDCCAG3,USP10,PARN,UNK,ALG13,MEX3B,TOP3B,EXOSC10,SYNCRIP,CNOT9,IGF2BP1,RBM47,TNRC6A,SUPT5H,TOP3B,EIF4A2,FAM120C,PRPF19,TRIM56,STAU1,MEX3B,OTUD4,MCRIP2,TOP3B,FXR1,ILF3,LZTS2,TBK1,RC3H2,STAU1,TNRC6B,FAM120C,CNOT6L,AGO2,PABPC1,EDC3,RC3H1,KIAA1429,CNOT7,DDX6,EIF4ENIF1,DDX3X,OTUD4,KIF1B,RBMS1,ETF1,MOV10,CDC5L,PRRC2A,XRN1,TBK1,LARP4B,LSM4,EXOSC10,PUM1,PARN,GRSF1,PRRC2B,ETF1,CNOT2,EIF4ENIF1,TNRC6B,CNOT2,RC3H1,TDRD3,SMG7,SYMPK,TIA1,CEP85,GLE1,FXR2,MCRIP2,RBMS1,YTHDF2,SUPT5H,OTUD4,TNRC6A,TNRC6C,SMG7,EIF4ENIF1,CNOT2,CSDE1,PABPC1,HELZ,EIF4ENIF1,OTUD4,KIF1B,IBTK,ZFP36,ZC3HAV1,PABPC1,ZC3H7A,ZC3HAV1,PARN,DDX1,MKRN2,CELF1,CTIF,PRRC2A,STAU1,EIF4ENIF1,PRRC2B,KIAA0355,MKRN2,DDX20,LSM14A,YTHDF2,XRN2,CNOT7,CSDE1,PRRC2B,ZC3HAV1,SMAP2,OTUD4,EIF4A3,FAM120C,LSM1,TNRC6A,KIAA0355,SUPT5H,XRN2,RNF219,SMG7,PRRC2B,CNOT7,ILF3,FAM120C,ALG13,ZFP36,MOV10,ILF3,R3HDM2,PARN,PARN,ANKRD17,PARN,CNOT6L,TRIM25,CAPRIN1,RNGTT,TDRD3,CNOT2,RBMS1,CNOT1,ELAVL1,DDX3X,CEP85,CSDE1,UBAP2L,AGO2,NXF1,CEP85,IBTK,EIF4A3,PABPC1,LSM2,IGF2BP2,TRIM56,DDX1,STAU1,IPO11,CPSF1,LSM14A,KIAA1429,CPEB4,TNRC6B,IGF2BP1,FUBP3,USP10,ILF3,ILF3,KIF1B,LARP4B,CNOT7,RNF214,SMAP2,ATXN2,MCRIP2,PRRC2B,TNRC6C,SYNCRIP
,,,,,,,,,,,,,,,,,,,,,,,,,,,,,,,,,,,,,,,,,,,,,,,,,,,,,,,,,,,,,,,,,,,,,,,,,,,,,,,,,,,,,,,,,,,,,,,,,,,,,,,,,,,,,,,,,,,,,,,,,,,,,,,,,,,,,,,,,,,,YTHDF2,STAU1,SYMPK,R3HDM2,LSM12,SYMPK,RC3H1,EXOSC10,MOV10,PUM1,PUM1,LSM14A,CNOT1,HELZ,CTIF,HDLBP,HDLBP,SMG7,SMG6,IGF2BP2,CNOT9,CSDE1,RBM47,PAIP2,SMG7,TNRC6A,CPEB4,DAZL,MARF1,LSM14A,ETF1,PAIP2,LZTS2,CELF1,TDRD3,HELZ,LZTS2,TNRC6A,RC3H1,CDC5L,PRPF19,TOP3B,FXR1,TBK1,PRRC2B,CDC5L,LSM14A,CNOT9,ALG13,MEX3B,ATXN2,KIAA0355,LSM12,FUBP3,CNOT7,UBAP2L,IPO11,DAZL,TNRC6B,PDCD4,SAMD4B,TIA1,EDC3,RNF219,GRSF1,ETF1,SMG7,MOV10,CNOT9,TIA1,IGF2BP2,EIF4A2,UNK,EIF4A2,GRSF1,EIF4A3,ALG13,PDCD4,DDX6,YTHDF3,RC3H2,DDX6,GTPBP1,YTHDF3,NXF1,SUPT5H,SMG7,RBM47,ZCCHC11,MARF1,FXR1,MEX3B,ANKRD17,SYNCRIP,FMR1,IGF2BP1,DAZL,PABPC1,EDC3,CEP85,IGF2BP1,DDX19B,ST7,ELAVL1,RC3H1,EIF4A2,IPO11,YTHDF1,DDX3X,CNOT1,CNOT1,EIF4ENIF1,DCP1A,SYMPK,ETF1,DDX20,CNOT1,CPEB4,LSM1,PAIP1,FAM120A,LZTS2,DDX1,ETF1,UNK,EDC3,PARN,CNOT7,R3HDM2,YTHDF1,STRAP,LARP4B,YTHDF2,YTHDF1,STRAP,LARP4B,CELF1,CTIF,MKRN2,LZTS2,MARF1,ELAVL1,ST7,CNOT2,G3BP1,SMAP2,EIF4A3,TNRC6A,PARN,TNRC6C,AGO2,TDRD3,PUM1,HELZ,ANKRD17,TRIM56,SDCCAG3,TIA1,SYMPK,OTUD4,SMG7,IBTK,CNOT2,DCP1A,CNOT2,SYMPK,HELZ,IGF2BP1,CNOT1,SUPT5H,LSM12,PAIP1,PRPF19,ELAVL1,PRPF19,ST7,SMG7,GRSF1,FAM120A,KIAA0355,EXOSC10,HELZ,RNGTT,ETF1,THOC1,FAM120A,TNRC6B,CPEB4,YTHDF2,DDX1,ALG13,PAIP1,DCP1A,MCRIP2,PAIP1,LZTS2,LSM2,FAM120A,XRN1,USP10,DDX6,DCP1A,SDCCAG3,NCBP2,LSM12,ATXN2,FXR1,PDCD4,FAM120A,DDX1,STRAP,NCBP2,CELF1,EIF4A3,PAIP2,MCRIP2,EIF4A1,MCRIP2,LARP4B,RBM47,DDX19B,SUPT5H,SDCCAG3,TRIM25,ZFP36,DDX1,PARN,RBM47,IGF2BP1,CTIF,TBK1,TNRC6A,CNOT1,KIAA1429,IBTK,LARP4B,DDX3X,CNOT1,CAPRIN1,ILF3,CNOT2,RNGTT,EIF4ENIF1,GTPBP1,ATXN2,GLE1,DCP1A,IPO11,SAMD4B,TNRC6B,CSDE1,TNRC6A,CPSF1,GTPBP1,PRPF19,KIAA0355,SYMPK,CAPRIN1,RC3H1,PUM1,HELZ,CSDE1,HDLBP,NUFIP2,LSM4,SAMD4B,ZCCHC11,EIF4A1,CSDE1,RBMS1,SMG6,TRIM25,RC3H1,SDCCAG3,FAM120A,SMG7,DDX19B,MKRN2,ZCCHC11,IGF2BP1,PUM1,MEX3B,LSM4,RC3H1,CNOT2,CNOT2,ELAVL1,RC3H2,MARF1,FXR2,NCBP2,CEP85,PAIP1,LSM12,YTHDF1,SDCCAG3,SYMPK,YTHDF2,RBM47,TRIM25,CAPRIN1,LARP4B,ZFP36,CNOT1,TNRC6C,CNOT1,CPSF1,ETF1,STRAP,XRN1,SMG6,PUM1,MEX3B,TNRC6C,LSM14A,KIAA0355,UBAP2L,PRRC2A,DDX20,G3BP1,HDLBP,TRIM25,KIAA0355,TNRC6B,LSM14A,OTUD4,ATXN2,SMG6,YTHDF1,USP10,PRRC2B,RBM47,DDX3X,EXOSC10,NUFIP2,RC3H1,ZFP36,EIF4A3,ZC3HAV1,HDLBP,SAMD4B,OTUD4,MEX3B,CSDE1,CTIF,UBAP2L,IGF2BP2,RC3H1,ZC3HAV1,MKRN2,ZC3H7A,USP10,LSM4,LSM4,STRAP,EIF4A2,MCRIP2,MEX3B,PUM1,EXOSC10,XRN1,ZC3H7A,EIF4A1,HELZ,RBMS1,RNGTT,MKRN2,FUBP3,GLE1,LSM14A
,,,,,,,,,,,,,,,,,,,,,,,,,,,,,,,,,,,,,,,,,,,,,,,,,,,,,,,,,,,,,,,,,,,,,,,,,,,,,,,,,,,,,,,,,,,,,,,,,,,,,,,,,,,,,,,,,,,,,,,,,,,,,,,,,,,,,,,,,,,,,,,,,,,,,,NCBP2,USP10,PARN,NCBP2,THOC1,LARP4B,FXR2,LSM1,R3HDM2,CNOT2,FAM120C,GRSF1,DDX20,SMAP2,RC3H1,ZC3HAV1,KIAA0355,CAPRIN1,NCBP2,DDX3X,NUFIP2,SYMPK,DDX1,GTPBP1,DCP1A,PARN,RC3H1,FMR1,CNOT1,DDX19B,CNOT1,EDC3,EIF4A2,PAIP1,IGF2BP2,DAZL,IGF2BP2,EIF4A2,RBM47,IGF2BP2,KIF1B,SAMD4B,CNOT1,RC3H2,TRIM56,TIA1,TNRC6B,EIF4A1,RNGTT,IGF2BP1,TRIM56,TRIM56,CNOT6L,RC3H1,RC3H2,ATXN2,OTUD4,FAM120A,SAMD4B,ZC3HAV1,EIF4ENIF1,EDC3,TBK1,LSM14A,DDX20,SYMPK,LSM2,HDLBP,USP10,GLE1,CNOT1,LSM1,TOP3B,MCRIP2,DDX3X,NXF1,EIF4A1,MEX3B,CNOT6L,EIF4A3,G3BP1,ST7,TBK1,YTHDF3,CNOT1,CTIF,PARN,ZC3HAV1,RC3H1,AGO2,OTUD4,STAU1,R3HDM2,ZC3H7A,EXOSC10,LSM14A,DDX19B,NCBP2,DDX6,TNRC6B,PAIP1,EIF4A2,XRN2,SMG7,YTHDF1,DDX1,CDC5L,FMR1,PRRC2B,MARF1,CPEB4,PRPF19,CNOT9,SAMD4B,EIF4A3,ALG13,TIA1,PARN,CDC5L,THOC1,TDRD3,PDCD4,CPSF1,RNF219,IBTK,EIF4A3,PRRC2A,KIF1B,XRN2,TOP3B,CNOT2,PAIP1,DDX3X,LSM14A,CPEB4,MARF1,PAIP2,CNOT2,SUPT5H,FUBP3,UBAP2L,IBTK,SDCCAG3,TRIM25,PABPC1,TBK1,LSM1,DDX1,STRAP,IGF2BP2,FAM120C,KIAA0355,STRAP,UNK,R3HDM2,ST7,CPSF1,HDLBP,PAIP1,CNOT1,R3HDM2,CNOT2,STAU1,ZCCHC11,RBM47,G3BP1,ANKRD17,SDCCAG3,DDX3X,ELAVL1,THOC1,THOC1,CNOT6L,ANKRD17,RBMS1,EIF4ENIF1,SYMPK,KIAA0355,FAM120A,RC3H2,RC3H1,OTUD4,CAPRIN1,DDX1,THOC1,TBK1,SYNCRIP,TIA1,RC3H2,EXOSC10,PATL1,UBAP2L,MOV10,SMAP2,PRPF19,DDX1,TNRC6B,NXF1,YTHDF3,IGF2BP2,CSDE1,PDCD4,GRSF1,TNRC6A,PRRC2A,YTHDF2,CNOT1,PRRC2B,RNGTT,EIF4A1,ATXN2,HELZ,XRN2,LSM14A,KIAA1429,ALG13,PRRC2B,CNOT2,DDX1,TNRC6C,G3BP1,XRN2,HDLBP,DDX1,CEP85,PABPC1,DDX6,LSM1,KIF1B,G3BP1,EXOSC10,ATXN2,CNOT7,PDCD4,RNGTT,ELAVL1,GTPBP1,KIAA1429,NXF1,EIF4A3,CAPRIN1,XRN2,SMAP2,LARP4B,CNOT7,RC3H1,RC3H1,HDLBP,EDC3,CNOT7,XRN2,ZC3H7A,CSDE1,PARN,TNRC6B,SUPT5H,EIF4ENIF1,NUFIP2,MCRIP2,MARF1,USP10,SYMPK,KIAA0355,KIAA1429,LSM2,NUFIP2,ANKRD17,MARF1,PATL1,EIF4A3,EXOSC10,LSM4,SMAP2,UBAP2L,SAMD4B,CNOT9,MEX3B,G3BP1,FAM120C,DAZL,YTHDF2,DDX19B,IBTK,ILF3,CDC5L,DDX19B,RC3H2,FXR1,EIF4A1,IBTK,RC3H1,CTIF,ZC3H7A,STAU1,ZCCHC11,PARN,EIF4A3,DDX6,LSM14A,FMR1,FMR1,TNRC6A,CPEB4,AGO2,GRSF1,FUBP3,RNF219,IGF2BP1,LZTS2,SYNCRIP,YTHDF1,TNRC6B,ELAVL1,IGF2BP1,MARF1,CNOT2,CNOT1,TRIM56,FUBP3,CSDE1,TRIM56,RC3H1,TOP3B,MCRIP2,DDX6,IGF2BP2,ATXN2,PRPF19,NCBP2,CNOT6L,SYNCRIP,EIF4A3,LSM14A,HDLBP,CPEB4,YTHDF1,GRSF1,TNRC6B,RNF219,RBMS1,AGO2,DDX20,CAPRIN1,CTIF,CNOT6L,DDX19B,TBK1,TDRD3,CDC5L,TNRC6A,FMR1,FXR1,SYMPK,XRN2,EIF4A2,OTUD4,NCBP2,IGF2BP2,LSM14A,HDLBP
,,,,,,,,,,,,,,,,,,,,,,,,,,,,,,,,,,,,,,,,,,,,,,,,,,,,,,,,,,,,,,,,,,,,,,,,,,,,,,,,,,,,,,,,,,,,,,,,,,,,,,,,,,,,,,,,,,,,,,,,,,,,,,,,,,,,,,,,,,,,,,,,,,,,,,,,,,,,,,,,RBM47,YTHDF1,TNRC6B,TNRC6B,SMG6,EIF4A1,LSM1,PAIP2,CPSF1,IGF2BP2,LARP4B,EIF4A3,PABPC1,STRAP,MKRN2,ALG13,ANKRD17,LSM12,AGO2,DDX3X,ZC3H7A,IBTK,UBAP2L,STRAP,MOV10,CSDE1,SYMPK,CEP85,SAMD4B,UNK,TNRC6C,LSM12,CNOT6L,PATL1,LSM14A,DDX6,ETF1,EIF4ENIF1,SMG6,CEP85,EIF4A1,ST7,PDCD4,SYNCRIP,MARF1,FMR1,ANKRD17,DDX19B,DDX3X,SMG6,PAIP2,PRRC2B,DCP1A,FXR1,EIF4A2,XRN1,PARN,TNRC6B,IPO11,TNRC6B,KIF1B,DCP1A,PDCD4,SUPT5H,ZC3H7A,YTHDF1,ETF1,DDX1,ILF3,KIF1B,DAZL,DDX19B,RNF219,SYMPK,DDX6,TRIM56,SMAP2,STRAP,DDX19B,CNOT9,ATXN2,OTUD4,UNK,LSM12,PRRC2B,MEX3B,DCP1A,RNF219,DDX1,CNOT7,SMAP2,CNOT2,CTIF,YTHDF2,PDCD4,CPSF1,ZCCHC11,G3BP1,PRRC2A,CELF1,RNF214,IBTK,UBAP2L,KIAA0355,TIA1,TNRC6B,IBTK,CEP85,SYMPK,RBMS1,THOC1,DDX1,ST7,TIA1,YTHDF1,FAM120C,R3HDM2,CNOT7,CNOT7,DDX3X,CNOT6L,TIA1,FUBP3,KIAA0355,DDX19B,IPO11,FAM120A,MCRIP2,TIA1,ST7,ZCCHC11,USP10,HELZ,LSM1,FAM120C,MARF1,SYMPK,EXOSC10,RNGTT,CPEB4,RC3H1,PAIP1,SDCCAG3,AGO2,CAPRIN1,KIAA1429,ZCCHC11,DCP1A,PARN,DDX20,EDC3,YTHDF2,G3BP1,CPSF1,LSM1,CSDE1,LSM1,SMAP2,CAPRIN1,FUBP3,LSM12,SAMD4B,PUM1,CSDE1,LSM2,CNOT6L,TRIM25,TNRC6B,IGF2BP1,RBM47,GRSF1,FAM120C,CEP85,TDRD3,ANKRD17,UNK,LSM14A,PARN,PARN,DDX6,UNK,AGO2,PRRC2B,HDLBP,MARF1,DCP1A,G3BP1,IGF2BP1,ST7,CSDE1,PAIP2,MEX3B,RC3H1,TDRD3,UBAP2L,PRRC2B,STRAP,ATXN2,CNOT6L,ZC3H7A,RNGTT,HDLBP,EIF4A2,OTUD4,LARP4B,EIF4A1,ETF1,HDLBP,SAMD4B,AGO2,TRIM56,ST7,CELF1,CNOT9,DDX19B,KIAA1429,SMG7,FAM120C,DDX1,FMR1,RNF214,DDX3X,PAIP1,SMAP2,PDCD4,EXOSC10,LSM14A,FXR2,IBTK,PATL1,THOC1,TRIM56,LZTS2,ANKRD17,EIF4ENIF1,AGO2,MCRIP2,ZCCHC11,XRN1,PARN,RBM47,RC3H2,UBAP2L,PABPC1,GRSF1,KIAA0355,FMR1,ETF1,R3HDM2,AGO2,MEX3B,DDX19B,LSM14A,FMR1,EIF4A3,DDX6,EIF4ENIF1,ZCCHC11,CELF1,GLE1,KIF1B,PAIP1,IPO11,DDX3X,RBM47,RBM47,FAM120A,ANKRD17,THOC1,KIAA0355,R3HDM2,DDX1,LSM1,ELAVL1,TNRC6A,YTHDF1,YTHDF1,UNK,LZTS2,UBAP2L,FAM120C,CNOT2,CNOT2,TDRD3,CNOT1,UNK,SYMPK,FXR2,ZCCHC11,SDCCAG3,ST7,THOC1,ILF3,RC3H1,USP10,THOC1,XRN2,STRAP,MKRN2,TNRC6C,USP10,PRRC2B,AGO2,UBAP2L,ZC3HAV1,YTHDF1,EIF4A3,EIF4A3,FMR1,UNK,SMG6,RC3H2,DCP1A,EIF4ENIF1,IGF2BP1,LSM4,SDCCAG3,CNOT6L,NXF1,SMG6,ELAVL1,DDX19B,NXF1,DDX6,CNOT9,DDX19B,USP10,ILF3,LZTS2,TNRC6C,EIF4ENIF1,DCP1A,IGF2BP2,CNOT7,MCRIP2,UNK,UNK,YTHDF1,PABPC1,DDX3X,SAMD4B,DDX6,CPSF1,AGO2,MARF1,CSDE1,TNRC6C,CPEB4,CNOT9,RBMS1
,,,,,,,,,,,,,,,,,,,,,,,,,,,,,,,,,,,,,,,,,,,,,,,,,,,,,,,,,,,,,,,,,,,,,,,,,,,,,,,,,,,,,,,,,,,,,,,,,,,,,,,,,,,,,,,,,,,,,,,,,,,,,,,,,,,,,,,,,,,,,,,,,,,,,,,,,,,,,,,,,,,,,,,,,,MARF1,CNOT9,SDCCAG3,PAIP1,EDC3,THOC1,YTHDF3,DCP1A,LSM1,RC3H1,LSM1,SDCCAG3,STRAP,SMG6,STAU1,EXOSC10,TRIM56,CNOT7,LSM2,NCBP2,LARP4B,ZC3H7A,DDX19B,TNRC6A,RNF214,MARF1,STAU1,RNF219,ETF1,R3HDM2,SMG6,CPSF1,LSM4,ATXN2,SYMPK,RC3H2,CPSF1,NXF1,HDLBP,NXF1,NCBP2,RC3H1,DDX19B,EDC3,XRN1,SMAP2,UBAP2L,ANKRD17,ANKRD17,CPSF1,KIAA0355,CNOT9,LSM12,ETF1,GTPBP1,CNOT9,CNOT9,HDLBP,ST7,TNRC6C,IGF2BP2,XRN1,SAMD4B,TNRC6B,ST7,PABPC1,RBM47,UNK,SAMD4B,LSM4,MARF1,KIAA0355,TNRC6A,CNOT2,CELF1,CNOT1,DDX6,OTUD4,G3BP1,SYNCRIP,UBAP2L,RC3H1,LARP4B,KIAA0355,RBMS1,UBAP2L,PAIP1,PRRC2A,ETF1,TRIM56,STRAP,FMR1,DAZL,HDLBP,IGF2BP2,ATXN2,EIF4A3,TRIM56,MCRIP2,EIF4A1,GLE1,PATL1,RBM47,LSM1,ZFP36,YTHDF2,PUM1,ZC3H7A,LSM4,SYMPK,DDX1,FXR1,ZC3H7A,LARP4B,FAM120C,SMG6,PUM1,SYMPK,RNF214,DDX6,KIF1B,NUFIP2,CELF1,XRN2,USP10,EDC3,PRRC2A,CNOT6L,SMG6,CPSF1,USP10,KIF1B,RNF219,RNGTT,DCP1A,ZC3H7A,PATL1,HELZ,TDRD3,CNOT7,RNF219,MARF1,PRRC2A,XRN1,TBK1,ZCCHC11,SAMD4B,NCBP2,CNOT6L,CNOT2,PARN,LSM4,LSM4,IGF2BP2,CNOT2,DDX19B,LSM2,LSM4,KIF1B,CNOT1,DAZL,IGF2BP2,G3BP1,UBAP2L,CSDE1,ZCCHC11,FXR2,SMG6,NUFIP2,EIF4A3,XRN2,GRSF1,ETF1,FMR1,KIAA1429,GTPBP1,MKRN2,ETF1,PABPC1,EIF4A3,MARF1,CNOT7,GLE1,ELAVL1,STRAP,GLE1,FMR1,EIF4A1,STRAP,CEP85,ANKRD17,ALG13,EIF4A3,ELAVL1,MEX3B,PDCD4,THOC1,LSM2,SMAP2,FXR2,CNOT1,TDRD3,CNOT7,KIF1B,TNRC6B,CNOT2,TBK1,PDCD4,LSM12,HELZ,RC3H2,GTPBP1,CNOT6L,G3BP1,SDCCAG3,CNOT2,USP10,CAPRIN1,KIAA0355,SMG7,NXF1,RNF219,ATXN2,YTHDF2,LSM2,ETF1,DDX3X,PAIP2,MKRN2,ILF3,DDX20,TOP3B,EDC3,NXF1,IGF2BP2,CNOT1,TRIM25,TNRC6A,ZC3H7A,KIF1B,KIAA1429,PAIP1,PDCD4,PRPF19,EDC3,DAZL,AGO2,UNK,CAPRIN1,UNK,PABPC1,SUPT5H,FUBP3,CEP85,TRIM56,MOV10,YTHDF3,FXR1,PRRC2A,ST7,SMAP2,EIF4A2,GLE1,FAM120C,EXOSC10,FXR2,CTIF,SUPT5H,RNF219,ETF1,NUFIP2,DDX3X,LSM1,LSM2,OTUD4,RBMS1,FUBP3,XRN2,UNK,PRRC2B,SUPT5H,EXOSC10,ZC3HAV1,UBAP2L,RC3H2,EDC3,LSM1,FAM120A,IGF2BP2,LARP4B,SMG7,PABPC1,TNRC6C,LARP4B,SUPT5H,FMR1,EXOSC10,SUPT5H,RNF214,SDCCAG3,CELF1,STAU1,CSDE1,CSDE1,CNOT1,SMG7,MEX3B,RBMS1,SAMD4B,IBTK,ZFP36,SMG7,CTIF,LARP4B,SDCCAG3,LARP4B,HELZ,FXR1,PRPF19,DCP1A,PRRC2A,GLE1,DCP1A,SAMD4B,ZFP36,TBK1,ETF1,TBK1,EXOSC10,TRIM56,LSM2,RNF219,LSM2,SMG6,XRN2,HELZ,STAU1,PATL1,PATL1,GRSF1
,,,,,,,,,,,,,,,,,,,,,,,,,,,,,,,,,,,,,,,,,,,,,,,,,,,,,,,,,,,,,,,,,,,,,,,,,,,,,,,,,,,,,,,,,,,,,,,,,,,,,,,,,,,,,,,,,,,,,,,,,,,,,,,,,,,,,,,,,,,,,,,,,,,,,,,,,,,,,,,,,,,,,,,,,,,,,,,,,,,,MEX3B,PDCD4,CPEB4,TNRC6B,STRAP,UNK,FXR1,ZFP36,RNGTT,SMG6,PAIP2,GLE1,RNGTT,CPSF1,CNOT2,UNK,RNF214,TNRC6A,XRN2,UBAP2L,IPO11,CNOT2,TBK1,MEX3B,DDX6,FAM120C,TOP3B,CTIF,ZFP36,FAM120A,NXF1,RBM47,SYMPK,HDLBP,SAMD4B,ILF3,MOV10,STAU1,TOP3B,SMG7,ST7,MCRIP2,PUM1,SYMPK,ELAVL1,NUFIP2,DDX6,ST7,XRN1,TRIM56,EIF4A3,ZCCHC11,PATL1,THOC1,SYNCRIP,RBM47,CPEB4,STAU1,ETF1,NCBP2,PABPC1,SAMD4B,NCBP2,PUM1,RNF214,FXR2,EIF4A2,LSM4,SMAP2,FXR2,TIA1,IPO11,SYMPK,ANKRD17,UBAP2L,ZC3H7A,SMAP2,LZTS2,ZCCHC11,GTPBP1,PABPC1,LARP4B,RC3H2,SDCCAG3,DDX20,LARP4B,LSM14A,TNRC6A,SMAP2,IPO11,LARP4B,EIF4A2,MEX3B,RBM47,CEP85,FXR1,ATXN2,SMAP2,ZCCHC11,PRRC2B,ELAVL1,SYNCRIP,R3HDM2,LSM2,SMAP2,TNRC6C,YTHDF1,IGF2BP1,HELZ,EIF4A1,DDX3X,PRRC2A,DAZL,CNOT6L,DCP1A,TRIM25,DCP1A,PRRC2B,DDX3X,EDC3,CPSF1,IPO11,USP10,LSM14A,LSM4,TRIM56,ILF3,CNOT2,CELF1,GTPBP1,GRSF1,KIAA0355,FMR1,CNOT6L,DAZL,YTHDF2,STRAP,USP10,XRN1,PABPC1,ZCCHC11,CDC5L,RC3H2,LSM1,SDCCAG3,SMAP2,DDX20,FAM120C,CSDE1,IPO11,RBM47,MARF1,GLE1,TIA1,RC3H1,NXF1,DDX6,FAM120C,ALG13,PATL1,FXR2,ZC3H7A,SAMD4B,TRIM25,R3HDM2,TNRC6A,YTHDF3,RNF219,IBTK,SAMD4B,TOP3B,TDRD3,RBMS1,R3HDM2,PATL1,OTUD4,EIF4ENIF1,ZC3H7A,CSDE1,TNRC6C,GRSF1,EXOSC10,MARF1,KIAA0355,SUPT5H,UNK,ALG13,FXR2,ST7,TNRC6A,PABPC1,ZC3H7A,EDC3,RBM47,SMG6,STAU1,STRAP,LSM12,IPO11,FXR2,RC3H1,NUFIP2,SMG6,RNF219,OTUD4,RNF219,EIF4A3,MCRIP2,LSM2,NUFIP2,RNGTT,IPO11,IGF2BP2,RC3H1,ANKRD17,CPEB4,FXR2,CNOT9,PAIP2,FXR1,UBAP2L,YTHDF3,RNGTT,YTHDF2,TIA1,SDCCAG3,SYNCRIP,FAM120A,ETF1,YTHDF2,ZC3H7A,AGO2,GLE1,LZTS2,HDLBP,SMG6,FMR1,FAM120C,GTPBP1,SUPT5H,FMR1,DCP1A,IGF2BP2,MOV10,IGF2BP1,PRRC2B,IGF2BP1,UBAP2L,EDC3,SMG7,PRPF19,CELF1,DDX19B,CPSF1,RNGTT,TIA1,UNK,PATL1,ST7,SYNCRIP,TDRD3,G3BP1,STAU1,DDX19B,EIF4ENIF1,KIF1B,DDX19B,CDC5L,TNRC6A,LSM2,ZFP36,LSM14A,DDX6,EIF4A3,EIF4A1,PRPF19,PATL1,RC3H2,IPO11,IGF2BP2,EIF4A3,RNGTT,ZFP36,CNOT2,STAU1,HELZ,TDRD3,ANKRD17,LSM14A,LARP4B,SMG7,DDX1,FUBP3,SDCCAG3,ZC3H7A,YTHDF2,STRAP,CELF1,DDX20,YTHDF1,UBAP2L,EIF4A2,FAM120A,CPEB4,RNF214,DDX3X,G3BP1,CPSF1,UBAP2L,SMG6,TDRD3,THOC1,HELZ,LZTS2,LSM1,FAM120A,PRRC2A,FAM120A,UNK,DAZL,EIF4A1,NUFIP2,CPEB4,EIF4A2,NUFIP2,CPSF1,RBM47,LSM1,RNF219,TRIM56
,,,,,,,,,,,,,,,,,,,,,,,,,,,,,,,,,,,,,,,,,,,,,,,,,,,,,,,,,,,,,,,,,,,,,,,,,,,,,,,,,,,,,,,,,,,,,,,,,,,,,,,,,,,,,,,,,,,,,,,,,,,,,,,,,,,,,,,,,,,,,,,,,,,,,,,,,,,,,,,,,,,,,,,,,,,,,,,,,,,,,,,,,,,,,,DDX6,FUBP3,RNF214,LSM1,RNGTT,CSDE1,KIAA0355,PRRC2A,LSM2,XRN2,LARP4B,EIF4A2,RNGTT,FAM120A,ANKRD17,TNRC6C,R3HDM2,PDCD4,YTHDF2,R3HDM2,RNF214,CPSF1,TNRC6C,TDRD3,UBAP2L,CEP85,FMR1,NUFIP2,HDLBP,CNOT9,R3HDM2,SYNCRIP,NXF1,ILF3,RNF214,CPEB4,YTHDF1,ANKRD17,DDX3X,FXR1,SAMD4B,FAM120C,GTPBP1,UBAP2L,CNOT9,TIA1,TNRC6C,CELF1,PATL1,TNRC6C,ANKRD17,CPSF1,SMG6,TBK1,TOP3B,XRN1,PAIP1,CNOT2,YTHDF3,THOC1,SAMD4B,XRN1,GTPBP1,HELZ,GLE1,FXR2,TRIM25,MCRIP2,STRAP,PARN,SYMPK,EXOSC10,YTHDF1,KIAA1429,SYMPK,RC3H2,NUFIP2,LSM4,EDC3,HELZ,FAM120A,TRIM56,DDX1,TDRD3,PRRC2A,STAU1,MCRIP2,PAIP2,SUPT5H,ZCCHC11,TRIM56,PRRC2B,RNF214,NXF1,NXF1,DDX3X,THOC1,TRIM25,SMG7,NXF1,CEP85,SMAP2,ALG13,RNF219,ZC3H7A,NUFIP2,LSM14A,TDRD3,RNF219,RC3H2,LSM2,SDCCAG3,YTHDF2,IPO11,EIF4A2,CNOT7,KIAA0355,STAU1,PATL1,UBAP2L,ALG13,GRSF1,LSM2,TRIM25,RC3H1,EIF4A1,CPEB4,ZCCHC11,OTUD4,CEP85,CTIF,FAM120C,IBTK,SMAP2,RNF214,LSM14A,FAM120C,CNOT2,TRIM56,RNF219,LZTS2,FAM120A,PATL1,PRPF19,EIF4A3,YTHDF2,SAMD4B,R3HDM2,THOC1,DDX3X,IBTK,SMG7,LSM1,GLE1,ATXN2,EIF4ENIF1,RBMS1,XRN2,GRSF1,RNF214,MEX3B,DDX1,PRRC2B,PUM1,CAPRIN1,CELF1,R3HDM2,CNOT2,ZFP36,PATL1,RNF219,IPO11,ZCCHC11,UBAP2L,TIA1,EXOSC10,FAM120C,ZCCHC11,DDX3X,ZCCHC11,CNOT7,TOP3B,PAIP1,EIF4A3,PAIP1,PDCD4,CPSF1,LSM4,TDRD3,RNGTT,IBTK,PRRC2B,TNRC6C,THOC1,ZCCHC11,LSM4,R3HDM2,CNOT6L,CPEB4,RBMS1,STRAP,PAIP2,EIF4A2,ILF3,CTIF,ATXN2,LSM1,ZC3HAV1,NXF1,CPSF1,PAIP2,DDX1,LZTS2,YTHDF1,EDC3,DDX3X,CPEB4,CDC5L,CELF1,PABPC1,NCBP2,SMG6,IGF2BP1,CEP85,LARP4B,CSDE1,MEX3B,DDX6,DDX20,STAU1,CPSF1,FUBP3,EIF4A3,MARF1,SMAP2,IGF2BP1,DCP1A,ELAVL1,CPSF1,HDLBP,PATL1,CNOT7,PRRC2B,OTUD4,RNF219,PABPC1,ZC3HAV1,PDCD4,DDX20,KIAA1429,LSM12,YTHDF3,TNRC6C,NUFIP2,NXF1,THOC1,PRRC2B,KIF1B,SMG7,TRIM25,YTHDF2,SMAP2,SAMD4B,ANKRD17,NUFIP2,DCP1A,MARF1,EIF4A1,LSM1,LSM12,EIF4A1,XRN2,RC3H1,GTPBP1,DDX3X,UNK,OTUD4,PABPC1,MKRN2,PAIP2,IGF2BP1,NCBP2,ZFP36,TIA1,ELAVL1,ANKRD17,TIA1,PARN,EIF4A2,RNGTT,G3BP1,G3BP1,KIF1B,DDX1,ALG13,FXR2,ZFP36,NUFIP2,MKRN2,CSDE1,CNOT2,SMAP2,DAZL,TNRC6A,FAM120C,KIF1B,KIAA1429,NXF1,CNOT2,KIF1B,CTIF,ATXN2,ETF1,CTIF,PARN,EXOSC10,LSM1,UNK,TRIM56,GLE1
,,,,,,,,,,,,,,,,,,,,,,,,,,,,,,,,,,,,,,,,,,,,,,,,,,,,,,,,,,,,,,,,,,,,,,,,,,,,,,,,,,,,,,,,,,,,,,,,,,,,,,,,,,,,,,,,,,,,,,,,,,,,,,,,,,,,,,,,,,,,,,,,,,,,,,,,,,,,,,,,,,,,,,,,,,,,,,,,,,,,,,,,,,,,,,,,,,,,,,,,MOV10,MKRN2,CTIF,DDX6,PRPF19,IPO11,SUPT5H,CNOT2,KIAA0355,GLE1,MOV10,FMR1,EDC3,GLE1,PRRC2A,EXOSC10,LARP4B,EIF4A1,PRRC2A,IBTK,SMG7,YTHDF1,SYNCRIP,MEX3B,EDC3,FAM120C,RC3H2,FXR2,SDCCAG3,PATL1,ALG13,EIF4A3,STRAP,ST7,PDCD4,PAIP2,CNOT1,GRSF1,MEX3B,YTHDF3,MKRN2,EDC3,CELF1,DCP1A,SUPT5H,RC3H1,ETF1,CPEB4,FMR1,EIF4A1,CPEB4,ATXN2,MEX3B,FXR2,FXR1,AGO2,TOP3B,EDC3,DDX19B,YTHDF3,ATXN2,AGO2,SDCCAG3,DDX6,ZFP36,CPEB4,SAMD4B,G3BP1,SUPT5H,FAM120A,DDX6,LZTS2,ETF1,DDX6,EDC3,CNOT9,RC3H2,DAZL,CAPRIN1,FXR2,XRN2,CSDE1,ZC3HAV1,CELF1,USP10,THOC1,CSDE1,ILF3,EXOSC10,UBAP2L,R3HDM2,ZCCHC11,ZCCHC11,CNOT2,XRN1,LSM2,OTUD4,NXF1,MCRIP2,ZC3H7A,IBTK,EDC3,TIA1,SMG7,ZC3HAV1,TDRD3,CSDE1,XRN2,FMR1,CNOT9,ZFP36,CPSF1,EIF4A2,DDX1,MCRIP2,SDCCAG3,ZC3HAV1,UNK,IPO11,EIF4A1,CNOT2,ATXN2,HDLBP,HDLBP,PATL1,G3BP1,LARP4B,ALG13,ZC3HAV1,CPSF1,MOV10,STRAP,CNOT1,ANKRD17,CPSF1,SMG6,RBMS1,LARP4B,SDCCAG3,DDX19B,MEX3B,IGF2BP2,NUFIP2,RNF219,MOV10,KIAA1429,SMAP2,CPEB4,XRN2,DAZL,IBTK,TNRC6A,KIAA1429,TRIM25,IGF2BP1,ILF3,YTHDF2,R3HDM2,EIF4A2,EDC3,TDRD3,CNOT1,TIA1,CDC5L,CDC5L,FAM120A,TIA1,DCP1A,CDC5L,TIA1,KIF1B,NCBP2,GTPBP1,SMG6,FXR2,ALG13,G3BP1,XRN1,UNK,GRSF1,LSM14A,EIF4A2,SYMPK,ZCCHC11,DDX19B,ZFP36,SDCCAG3,LZTS2,RNF219,UNK,MKRN2,CPSF1,ELAVL1,DAZL,EIF4A3,IPO11,EIF4A1,PAIP1,LZTS2,HDLBP,TNRC6B,PDCD4,EIF4A1,FAM120C,IGF2BP1,UBAP2L,SMAP2,CTIF,EDC3,MOV10,MKRN2,EXOSC10,PAIP2,PRRC2B,TNRC6C,ETF1,TRIM25,SYMPK,ILF3,RBMS1,SDCCAG3,SYMPK,SAMD4B,RNGTT,PDCD4,PARN,PUM1,KIF1B,TNRC6C,PRPF19,ZFP36,ATXN2,CELF1,FXR2,PATL1,YTHDF3,GLE1,CPEB4,TIA1,LARP4B,IPO11,FMR1,TIA1,CDC5L,YTHDF1,PRRC2B,FXR2,PUM1,NCBP2,PDCD4,CNOT1,GLE1,NUFIP2,OTUD4,CPEB4,UBAP2L,IGF2BP1,GTPBP1,RC3H2,PRRC2B,EIF4ENIF1,G3BP1,KIAA1429,SMAP2,TRIM25,LARP4B,PUM1,EIF4A1,DAZL,ZC3HAV1,OTUD4,YTHDF1,GLE1,TNRC6C,FAM120C,ATXN2,CAPRIN1,KIAA1429,XRN2,LSM14A,FAM120C,DDX3X,ALG13,ELAVL1,ST7,CNOT2,RNF219,TOP3B,EIF4A1,SUPT5H,FXR1,FMR1,IGF2BP1,FAM120C,ELAVL1,YTHDF1,ALG13,YTHDF2,KIF1B,CNOT7,PRPF19,SMAP2,EXOSC10,CNOT7,R3HDM2,YTHDF1,SYMPK,ETF1,YTHDF1,CPSF1
,,,,,,,,,,,,,,,,,,,,,,,,,,,,,,,,,,,,,,,,,,,,,,,,,,,,,,,,,,,,,,,,,,,,,,,,,,,,,,,,,,,,,,,,,,,,,,,,,,,,,,,,,,,,,,,,,,,,,,,,,,,,,,,,,,,,,,,,,,,,,,,,,,,,,,,,,,,,,,,,,,,,,,,,,,,,,,,,,,,,,,,,,,,,,,,,,,,,,,,,,,,,,,,,,,EIF4A1,IGF2BP2,G3BP1,TIA1,PAIP2,ST7,GRSF1,RBM47,CNOT2,KIAA1429,ZCCHC11,FAM120C,DDX20,ZCCHC11,SYMPK,TDRD3,YTHDF2,TNRC6A,DCP1A,ALG13,RNGTT,YTHDF1,DDX20,ZC3H7A,LSM14A,CNOT9,SUPT5H,TOP3B,SYNCRIP,STRAP,ZFP36,FUBP3,ILF3,PRRC2A,GLE1,ZC3HAV1,LSM2,LSM12,TNRC6A,SAMD4B,USP10,LSM14A,USP10,MCRIP2,ZC3H7A,SYMPK,USP10,IPO11,DAZL,FAM120C,TOP3B,MOV10,TOP3B,EDC3,DCP1A,THOC1,PDCD4,LSM2,GLE1,EIF4A2,PRPF19,SAMD4B,EIF4A1,GTPBP1,LARP4B,DDX19B,ST7,THOC1,DDX3X,RBMS1,RC3H2,MEX3B,SMG7,PARN,SDCCAG3,PATL1,ETF1,CSDE1,DDX20,LZTS2,ZC3H7A,CNOT9,CPEB4,DDX6,UNK,LZTS2,DDX20,CAPRIN1,CELF1,MOV10,PATL1,PATL1,FXR1,FMR1,XRN1,EIF4A2,TIA1,TRIM56,ZCCHC11,LARP4B,ST7,NCBP2,CPSF1,MARF1,HDLBP,SYMPK,YTHDF2,DDX20,LZTS2,THOC1,ZFP36,FAM120A,PRPF19,KIF1B,IPO11,CEP85,ATXN2,NCBP2,EIF4A2,LSM4,FXR1,ST7,CPSF1,TRIM25,SMG7,TRIM56,EIF4A3,ELAVL1,RNF219,LZTS2,ALG13,STAU1,CNOT2,TNRC6C,SMG6,YTHDF1,ZFP36,ZCCHC11,IPO11,CAPRIN1,ZC3HAV1,G3BP1,HDLBP,CNOT1,ZC3H7A,ST7,FAM120A,KIF1B,EXOSC10,LZTS2,CNOT2,EDC3,TNRC6C,ATXN2,DDX6,ST7,PUM1,PRPF19,PARN,GTPBP1,FMR1,ALG13,TRIM25,CAPRIN1,ST7,YTHDF2,CTIF,LARP4B,ZC3H7A,CAPRIN1,ZC3HAV1,RBMS1,STRAP,LSM4,IPO11,CNOT7,FXR2,CSDE1,R3HDM2,FXR2,DDX20,KIF1B,CELF1,IGF2BP1,CEP85,DDX19B,CNOT7,PUM1,HELZ,DDX19B,PDCD4,SDCCAG3,CNOT7,SMAP2,SMG6,ANKRD17,FXR1,NXF1,SAMD4B,SDCCAG3,PATL1,ZC3H7A,CDC5L,ZFP36,ZCCHC11,PAIP1,ZFP36,GRSF1,CSDE1,IPO11,PAIP1,YTHDF1,ZFP36,THOC1,IBTK,DDX1,AGO2,RNGTT,DDX3X,RC3H2,ETF1,ZC3H7A,KIAA0355,CNOT7,TIA1,SYNCRIP,EDC3,STAU1,ILF3,EIF4A3,SAMD4B,XRN1,TRIM56,PARN,ALG13,IBTK,NUFIP2,CSDE1,TOP3B,FAM120A,GTPBP1,IBTK,CSDE1,ILF3,SMG7,GLE1,SDCCAG3,G3BP1,FAM120C,ETF1,DDX20,DDX20,NXF1,EIF4A3,RNF219,CSDE1,TRIM56,ILF3,TNRC6C,RC3H2,ETF1,CNOT2,LSM14A,RC3H2,TNRC6B,THOC1,G3BP1,IGF2BP2,EIF4A1,MOV10,TRIM56,NUFIP2,KIAA1429,XRN1,NXF1,GRSF1,ZC3H7A,ETF1,TDRD3,PRRC2B,FMR1,LSM1,FMR1,MEX3B,R3HDM2,FUBP3,TNRC6C,TNRC6B,LARP4B,IBTK,STAU1,STAU1,DDX6,ANKRD17,PRPF19,DDX19B,ALG13,CNOT6L,USP10,CNOT1
,,,,,,,,,,,,,,,,,,,,,,,,,,,,,,,,,,,,,,,,,,,,,,,,,,,,,,,,,,,,,,,,,,,,,,,,,,,,,,,,,,,,,,,,,,,,,,,,,,,,,,,,,,,,,,,,,,,,,,,,,,,,,,,,,,,,,,,,,,,,,,,,,,,,,,,,,,,,,,,,,,,,,,,,,,,,,,,,,,,,,,,,,,,,,,,,,,,,,,,,,,,,,,,,,,,,,,,,,,,,ATXN2,PAIP1,RNF214,ST7,ATXN2,GLE1,MEX3B,PAIP1,R3HDM2,CDC5L,KIAA1429,DDX20,LSM1,GRSF1,ZC3H7A,HDLBP,G3BP1,G3BP1,RNF219,LSM12,PRRC2A,LSM2,XRN1,CAPRIN1,PARN,AGO2,PATL1,TOP3B,CELF1,PUM1,KIAA1429,TDRD3,IGF2BP2,HDLBP,CDC5L,CSDE1,EIF4A3,GLE1,TNRC6B,LARP4B,PAIP1,CDC5L,FUBP3,CDC5L,OTUD4,FUBP3,CELF1,CELF1,FUBP3,PDCD4,DDX1,AGO2,HELZ,FUBP3,MKRN2,G3BP1,DDX6,FXR1,FMR1,G3BP1,KIAA0355,ZC3HAV1,MARF1,STAU1,SAMD4B,USP10,MEX3B,EIF4A3,MEX3B,CEP85,PRRC2A,IGF2BP1,TOP3B,RC3H1,ST7,TDRD3,PARN,EIF4ENIF1,RBM47,DAZL,ZCCHC11,XRN2,XRN2,TNRC6A,RBMS1,G3BP1,YTHDF1,RNF219,RC3H1,LZTS2,TBK1,TOP3B,LARP4B,CELF1,SUPT5H,SAMD4B,TNRC6A,THOC1,ZC3HAV1,PRRC2B,DDX3X,DDX1,PARN,EIF4A1,FAM120C,LSM1,TBK1,LARP4B,RBM47,OTUD4,LSM1,YTHDF3,PAIP1,GRSF1,LSM1,CEP85,AGO2,UBAP2L,NCBP2,CNOT9,GLE1,FAM120A,PAIP2,NUFIP2,CPEB4,TNRC6B,FMR1,MOV10,SDCCAG3,PRRC2B,CELF1,NXF1,TNRC6A,FAM120A,RNGTT,XRN2,ETF1,THOC1,SAMD4B,TIA1,GTPBP1,SYMPK,SMG6,SUPT5H,IBTK,CDC5L,EIF4A1,UBAP2L,CNOT1,CNOT6L,IPO11,EIF4A1,SMAP2,ZCCHC11,ZC3H7A,RBM47,LSM2,CPSF1,TIA1,ETF1,EDC3,LSM2,CNOT9,CPEB4,KIF1B,STRAP,LSM1,MEX3B,CNOT6L,PUM1,LSM1,OTUD4,DDX6,MKRN2,ATXN2,TOP3B,PRPF19,FXR2,IBTK,TDRD3,NCBP2,SYNCRIP,THOC1,DDX1,LSM1,FMR1,STAU1,HELZ,PAIP2,STAU1,GTPBP1,TNRC6C,GRSF1,EIF4A3,CNOT7,G3BP1,CTIF,USP10,CEP85,ILF3,ATXN2,ILF3,TBK1,EIF4A2,SYMPK,FAM120A,CPSF1,SUPT5H,DDX1,RNF214,EIF4A1,FMR1,SMAP2,PUM1,ST7,ATXN2,RC3H1,TOP3B,PATL1,MKRN2,DDX6,PRPF19,YTHDF2,YTHDF1,IPO11,KIAA1429,TOP3B,IGF2BP1,TRIM56,NCBP2,ILF3,RNF219,TIA1,KIF1B,DCP1A,PRRC2B,LSM12,CDC5L,LARP4B,RC3H1,PATL1,KIAA0355,FAM120C,USP10,PRPF19,FUBP3,PATL1,FUBP3,RC3H1,DDX20,PATL1,MKRN2,PUM1,IGF2BP1,TBK1,XRN1,SYMPK,OTUD4,SYNCRIP,PUM1,EIF4A1,EDC3,CPEB4,USP10,RNGTT,PUM1,TOP3B,NCBP2,SYMPK,CNOT7,RC3H2,ST7,YTHDF2,XRN2,PAIP2,LSM12,RC3H1,SUPT5H,FXR1,SDCCAG3,AGO2,RNF214,TIA1,IGF2BP1,MKRN2,CDC5L,GRSF1,MCRIP2,FXR2,KIAA1429
,,,,,,,,,,,,,,,,,,,,,,,,,,,,,,,,,,,,,,,,,,,,,,,,,,,,,,,,,,,,,,,,,,,,,,,,,,,,,,,,,,,,,,,,,,,,,,,,,,,,,,,,,,,,,,,,,,,,,,,,,,,,,,,,,,,,,,,,,,,,,,,,,,,,,,,,,,,,,,,,,,,,,,,,,,,,,,,,,,,,,,,,,,,,,,,,,,,,,,,,,,,,,,,,,,,,,,,,,,,,,,,,,,,,,,EXOSC10,KIAA1429,TDRD3,CSDE1,NXF1,FXR2,SMG7,DDX3X,DDX1,TNRC6A,CAPRIN1,DDX3X,ATXN2,THOC1,IGF2BP2,FMR1,RNF214,DCP1A,LSM14A,STRAP,IGF2BP2,SYMPK,MKRN2,TBK1,NUFIP2,TOP3B,MARF1,IGF2BP2,CDC5L,DDX1,CDC5L,LSM12,TDRD3,DDX3X,ZCCHC11,SMAP2,USP10,R3HDM2,RNF214,ANKRD17,ZC3HAV1,CSDE1,IGF2BP1,DAZL,SYNCRIP,ZFP36,MKRN2,SUPT5H,MOV10,TNRC6C,USP10,DAZL,MEX3B,KIAA1429,CELF1,ETF1,DDX19B,FAM120C,CNOT6L,MKRN2,FAM120A,EIF4A2,TNRC6B,CSDE1,CNOT2,FAM120A,GRSF1,UNK,YTHDF1,FUBP3,LSM4,DDX20,ETF1,DDX3X,LSM14A,SMG6,TRIM56,PDCD4,XRN2,EIF4ENIF1,G3BP1,FUBP3,NCBP2,EDC3,ANKRD17,CNOT6L,RBMS1,R3HDM2,LSM4,NCBP2,LSM4,SMAP2,DDX6,LSM2,DDX20,RBM47,ILF3,FAM120A,ANKRD17,DDX19B,DCP1A,LSM2,RC3H1,ELAVL1,ZCCHC11,DDX6,LARP4B,DAZL,PAIP2,CNOT1,LARP4B,SMG6,CEP85,ILF3,AGO2,NUFIP2,IPO11,LZTS2,SMG6,TRIM56,FAM120A,FAM120A,EDC3,EXOSC10,FAM120C,NXF1,ATXN2,ZFP36,USP10,OTUD4,HELZ,EIF4ENIF1,PAIP2,CTIF,STAU1,SYMPK,ZCCHC11,STRAP,KIAA1429,G3BP1,DDX19B,PRRC2B,RBM47,XRN1,THOC1,TRIM25,YTHDF2,RC3H2,PRRC2B,TIA1,CDC5L,TOP3B,YTHDF2,CTIF,PAIP2,LZTS2,GRSF1,IBTK,KIF1B,NCBP2,ST7,UNK,TBK1,EXOSC10,PAIP1,ALG13,CAPRIN1,EIF4ENIF1,EIF4ENIF1,PAIP2,FXR2,SMG6,SMG6,UBAP2L,CNOT9,ZCCHC11,EDC3,MKRN2,PAIP1,DAZL,NUFIP2,GRSF1,SMAP2,PUM1,CPEB4,EXOSC10,KIAA1429,FAM120A,LSM1,FXR2,HDLBP,TBK1,SDCCAG3,EIF4A1,RC3H1,STAU1,STAU1,UNK,RNF214,UBAP2L,CDC5L,NCBP2,RC3H1,RNF219,IGF2BP2,CPEB4,TDRD3,DDX19B,GLE1,LZTS2,MEX3B,FAM120A,ELAVL1,TOP3B,RNF214,GLE1,GRSF1,EIF4A3,CAPRIN1,ANKRD17,DDX3X,FAM120A,GRSF1,LZTS2,YTHDF2,MEX3B,IGF2BP2,EDC3,CNOT1,PAIP2,SMAP2,FAM120C,UNK,IBTK,AGO2,RNF219,TBK1,HDLBP,NUFIP2,CNOT2,TOP3B,GTPBP1,ALG13,KIF1B,TNRC6A,CSDE1,TRIM56,CEP85,MCRIP2,FUBP3,SMAP2,SAMD4B,PATL1,EIF4A2,LSM12,NCBP2,ZC3HAV1,CNOT1,DDX6,STRAP,SMAP2,RBMS1,ALG13,USP10,FXR1,NUFIP2,CEP85,PABPC1,LSM1,PRPF19,GRSF1,EXOSC10,PAIP1,LSM12,CAPRIN1,G3BP1,TRIM56,R3HDM2,LSM4,SDCCAG3
,,,,,,,,,,,,,,,,,,,,,,,,,,,,,,,,,,,,,,,,,,,,,,,,,,,,,,,,,,,,,,,,,,,,,,,,,,,,,,,,,,,,,,,,,,,,,,,,,,,,,,,,,,,,,,,,,,,,,,,,,,,,,,,,,,,,,,,,,,,,,,,,,,,,,,,,,,,,,,,,,,,,,,,,,,,,,,,,,,,,,,,,,,,,,,,,,,,,,,,,,,,,,,,,,,,,,,,,,,,,,,,,,,,,,,,,,,,,,,,,ELAVL1,UBAP2L,PDCD4,MKRN2,TBK1,IPO11,KIF1B,DDX19B,EIF4ENIF1,ZC3H7A,DDX20,EDC3,RNF214,LZTS2,PRRC2B,EIF4ENIF1,ILF3,OTUD4,THOC1,DDX6,SDCCAG3,TNRC6C,TRIM56,ELAVL1,MCRIP2,GLE1,DDX19B,XRN1,TRIM56,SYNCRIP,SYMPK,KIAA0355,DDX20,G3BP1,LSM2,FUBP3,LSM1,ILF3,RNF214,CDC5L,TBK1,ZC3H7A,KIF1B,PAIP2,ZCCHC11,YTHDF1,PAIP1,EDC3,FXR2,TOP3B,EIF4A1,STRAP,CPSF1,ZC3HAV1,GRSF1,CNOT7,RC3H1,IGF2BP1,LSM12,USP10,G3BP1,NUFIP2,DDX1,TNRC6B,YTHDF1,FAM120A,EXOSC10,IBTK,TRIM56,TIA1,CPEB4,NXF1,CPEB4,IGF2BP2,CELF1,PRRC2A,USP10,MEX3B,NUFIP2,SYNCRIP,PRRC2B,OTUD4,YTHDF1,DCP1A,CNOT7,DDX6,CEP85,TNRC6A,EIF4A3,TBK1,TBK1,CPSF1,MKRN2,MOV10,CNOT1,FMR1,NXF1,CTIF,DDX20,FMR1,PAIP2,USP10,SMG7,ETF1,DCP1A,ETF1,IGF2BP2,ZFP36,R3HDM2,YTHDF2,PDCD4,TRIM25,LSM14A,LSM4,CTIF,PABPC1,CDC5L,MOV10,DDX3X,STAU1,LARP4B,IBTK,DAZL,TNRC6A,LSM1,STAU1,PDCD4,CNOT6L,TRIM25,IGF2BP1,FAM120C,DDX3X,DDX1,SYNCRIP,EIF4A2,PRRC2B,PDCD4,DAZL,TRIM56,MOV10,YTHDF2,CPSF1,AGO2,GRSF1,CPEB4,HDLBP,PAIP2,CNOT9,PABPC1,MKRN2,YTHDF3,PRPF19,YTHDF2,ATXN2,CPEB4,PABPC1,TNRC6C,TRIM25,CNOT2,ATXN2,HDLBP,FXR2,DDX3X,RC3H1,LZTS2,CPSF1,CNOT2,RC3H1,CNOT2,USP10,TNRC6B,PATL1,EIF4A3,NXF1,DDX1,IBTK,CPSF1,XRN1,PABPC1,LSM4,RNGTT,R3HDM2,EIF4A1,TRIM25,PUM1,FUBP3,SYMPK,TRIM56,CEP85,TOP3B,LARP4B,TNRC6C,PRRC2A,ZCCHC11,FXR1,DDX1,SMG7,PAIP2,DDX19B,CSDE1,MCRIP2,TRIM25,EIF4ENIF1,LSM14A,FXR1,MCRIP2,LZTS2,CNOT9,PDCD4,CNOT9,DDX19B,RC3H2,DDX20,ATXN2,DAZL,SUPT5H,FXR1,R3HDM2,FXR2,YTHDF1,LSM4,RC3H2,IGF2BP1,SMG6,RNF214,YTHDF3,ZC3HAV1,CNOT7,SYMPK,SMG7,MKRN2,IBTK,SDCCAG3,DDX1,G3BP1,DDX6,IGF2BP1,XRN2,DDX3X,TIA1,TDRD3,TDRD3,EIF4A1,PDCD4,GTPBP1,IGF2BP1,ST7,PDCD4,CPEB4,PDCD4,GRSF1,ZC3HAV1,LSM1,PRPF19,LSM4,DDX3X,DDX3X,DAZL,TOP3B,LZTS2,TNRC6A,SYMPK,ZFP36,UNK,DDX3X,ST7,EIF4ENIF1,CDC5L,ZFP36,DAZL
,,,,,,,,,,,,,,,,,,,,,,,,,,,,,,,,,,,,,,,,,,,,,,,,,,,,,,,,,,,,,,,,,,,,,,,,,,,,,,,,,,,,,,,,,,,,,,,,,,,,,,,,,,,,,,,,,,,,,,,,,,,,,,,,,,,,,,,,,,,,,,,,,,,,,,,,,,,,,,,,,,,,,,,,,,,,,,,,,,,,,,,,,,,,,,,,,,,,,,,,,,,,,,,,,,,,,,,,,,,,,,,,,,,,,,,,,,,,,,,,,,,,,,,,,,TOP3B,DCP1A,ILF3,DCP1A,SMG6,TIA1,TNRC6A,TRIM56,TNRC6A,EIF4ENIF1,KIF1B,FAM120A,FXR2,CNOT9,HELZ,NUFIP2,ZC3H7A,FAM120A,UNK,SYMPK,NXF1,RNGTT,CNOT2,LSM12,CNOT2,DDX3X,CNOT7,CDC5L,EIF4A1,MOV10,YTHDF3,STRAP,IGF2BP2,THOC1,YTHDF2,GLE1,TRIM25,PATL1,NUFIP2,YTHDF2,EXOSC10,CDC5L,GTPBP1,MARF1,R3HDM2,PABPC1,FUBP3,LZTS2,KIF1B,IGF2BP1,DDX20,CDC5L,PRPF19,GRSF1,MOV10,TOP3B,NCBP2,ALG13,RBMS1,CEP85,UBAP2L,IGF2BP2,MEX3B,ALG13,AGO2,LZTS2,UNK,LSM4,PABPC1,GRSF1,CNOT6L,IPO11,IPO11,CELF1,PRPF19,KIF1B,ALG13,EIF4A2,STRAP,MOV10,TNRC6A,TDRD3,TNRC6B,HELZ,G3BP1,USP10,GTPBP1,KIAA1429,TRIM56,KIAA1429,SAMD4B,EIF4A1,KIAA1429,KIAA0355,THOC1,TOP3B,CAPRIN1,FAM120A,KIF1B,PUM1,PRPF19,DDX20,TRIM25,CAPRIN1,EIF4A2,CPSF1,THOC1,ELAVL1,SDCCAG3,PRPF19,IBTK,SDCCAG3,CNOT9,SYNCRIP,CELF1,CPEB4,NCBP2,CNOT1,PABPC1,SYMPK,GRSF1,DDX20,R3HDM2,TNRC6A,CNOT7,GTPBP1,RNF214,ZCCHC11,TBK1,KIF1B,ANKRD17,R3HDM2,LSM12,SYNCRIP,GTPBP1,RBM47,ZC3HAV1,LSM4,DDX19B,FUBP3,XRN1,ILF3,YTHDF1,LSM2,LARP4B,CPSF1,PARN,SDCCAG3,CNOT6L,SYMPK,LZTS2,IBTK,TNRC6A,LARP4B,CPSF1,R3HDM2,LSM1,XRN2,DDX20,LSM1,EIF4A2,TOP3B,ELAVL1,RBMS1,ILF3,TNRC6C,CNOT7,CEP85,YTHDF3,EXOSC10,PATL1,RBMS1,TNRC6A,CPSF1,YTHDF2,G3BP1,ILF3,RNF214,SYNCRIP,TRIM56,USP10,PAIP2,ELAVL1,MEX3B,FMR1,USP10,FAM120A,MOV10,GRSF1,LSM14A,IGF2BP1,XRN2,FXR2,NXF1,HDLBP,PAIP2,DDX6,KIAA1429,MOV10,USP10,CPSF1,SUPT5H,ALG13,CPEB4,CNOT1,CELF1,CELF1,TRIM25,FAM120A,RBM47,ZFP36,ETF1,LSM2,SYNCRIP,LSM12,TRIM25,CPSF1,YTHDF2,TOP3B,RC3H1,TIA1,CSDE1,PRRC2A,TNRC6B,HELZ,NUFIP2,LZTS2,TOP3B,CTIF,EXOSC10,RNF219,RNF219,SAMD4B,UBAP2L,DDX6,SAMD4B,EIF4A1,RNF214,MCRIP2,CTIF,PRPF19,KIAA0355,LSM14A,ETF1,SMG7,TOP3B,YTHDF1,LARP4B,SYNCRIP,NCBP2,NUFIP2,CPSF1,KIAA1429,YTHDF3,GRSF1,PUM1,SDCCAG3,LARP4B,ATXN2,RC3H2
,,,,,,,,,,,,,,,,,,,,,,,,,,,,,,,,,,,,,,,,,,,,,,,,,,,,,,,,,,,,,,,,,,,,,,,,,,,,,,,,,,,,,,,,,,,,,,,,,,,,,,,,,,,,,,,,,,,,,,,,,,,,,,,,,,,,,,,,,,,,,,,,,,,,,,,,,,,,,,,,,,,,,,,,,,,,,,,,,,,,,,,,,,,,,,,,,,,,,,,,,,,,,,,,,,,,,,,,,,,,,,,,,,,,,,,,,,,,,,,,,,,,,,,,,,,,,,,,,,,,FXR1,PAIP1,AGO2,TNRC6A,DDX19B,UBAP2L,DCP1A,YTHDF1,DDX3X,GLE1,SAMD4B,PUM1,TIA1,LZTS2,TNRC6C,TNRC6A,RNF219,PABPC1,TIA1,OTUD4,KIF1B,IBTK,ANKRD17,DDX19B,ZC3HAV1,ANKRD17,DDX1,IPO11,ELAVL1,XRN2,PAIP1,DCP1A,AGO2,GRSF1,EIF4A1,FMR1,PRRC2B,FXR2,RNF214,PRRC2B,CPEB4,SYNCRIP,LSM1,LZTS2,EIF4ENIF1,MCRIP2,SYMPK,LSM2,RNGTT,RNGTT,SYNCRIP,FAM120C,LZTS2,TNRC6B,PARN,NCBP2,THOC1,EXOSC10,LARP4B,LSM4,PATL1,CELF1,FUBP3,ZFP36,EDC3,ZCCHC11,DCP1A,TNRC6C,RNF214,PABPC1,SUPT5H,EIF4A2,FUBP3,AGO2,HDLBP,MKRN2,IGF2BP2,MCRIP2,YTHDF1,HDLBP,ZCCHC11,UNK,YTHDF2,MCRIP2,SMAP2,CNOT1,EIF4A3,PAIP2,EIF4A2,R3HDM2,TNRC6C,LSM12,SAMD4B,CEP85,YTHDF2,CPEB4,MEX3B,DDX3X,PAIP2,TOP3B,TOP3B,RBM47,ETF1,EIF4A2,YTHDF2,PARN,RBM47,CSDE1,CSDE1,PATL1,SYNCRIP,CTIF,MOV10,FXR1,DDX6,CPSF1,RNGTT,KIAA0355,EIF4A1,UNK,TDRD3,TDRD3,SMAP2,PRRC2A,NCBP2,YTHDF3,RNF219,SMG7,SMG6,ZC3HAV1,SYNCRIP,CNOT9,MEX3B,CNOT1,RC3H1,KIF1B,EIF4A3,LSM14A,SAMD4B,HELZ,IGF2BP1,EIF4A3,CPEB4,USP10,UNK,PRRC2B,PAIP2,GTPBP1,LSM1,FXR1,DDX3X,PAIP2,CNOT9,RC3H1,EIF4ENIF1,CPSF1,STRAP,TNRC6B,EIF4A2,AGO2,USP10,DDX3X,PDCD4,FAM120C,CDC5L,FMR1,PARN,XRN1,KIAA0355,SMAP2,AGO2,EIF4A3,SMG7,UBAP2L,YTHDF2,LSM2,ST7,EIF4ENIF1,MEX3B,MOV10,CTIF,RNGTT,PRRC2B,UNK,GRSF1,PRRC2A,CNOT6L,STRAP,GLE1,PATL1,YTHDF3,DCP1A,SUPT5H,PARN,FUBP3,DDX20,PABPC1,NUFIP2,ILF3,SMG6,DDX19B,PAIP1,FAM120A,DAZL,DDX20,TOP3B,PAIP2,IBTK,ZC3H7A,SAMD4B,LSM4,SDCCAG3,TBK1,PAIP1,UNK,FXR2,PAIP2,RC3H2,GLE1,DCP1A,MEX3B,TNRC6C,EIF4A2,SAMD4B,GLE1,KIAA0355,PUM1,DDX19B,SYNCRIP,R3HDM2,SMG6,UBAP2L,CTIF,TIA1,LSM2,EIF4A1,RC3H2,SMG7,IBTK,DDX1,CSDE1,CTIF,GRSF1,CNOT1,CTIF,SYMPK,LSM4,DDX20,RC3H2,FAM120A
,,,,,,,,,,,,,,,,,,,,,,,,,,,,,,,,,,,,,,,,,,,,,,,,,,,,,,,,,,,,,,,,,,,,,,,,,,,,,,,,,,,,,,,,,,,,,,,,,,,,,,,,,,,,,,,,,,,,,,,,,,,,,,,,,,,,,,,,,,,,,,,,,,,,,,,,,,,,,,,,,,,,,,,,,,,,,,,,,,,,,,,,,,,,,,,,,,,,,,,,,,,,,,,,,,,,,,,,,,,,,,,,,,,,,,,,,,,,,,,,,,,,,,,,,,,,,,,,,,,,,,,,,,,,,,R3HDM2,IGF2BP2,R3HDM2,DCP1A,DDX19B,PABPC1,STRAP,HELZ,ZC3H7A,SMG7,RNF214,CELF1,CTIF,ETF1,MOV10,YTHDF3,CDC5L,PARN,USP10,ANKRD17,LSM4,TNRC6A,UBAP2L,SDCCAG3,TNRC6B,HDLBP,CELF1,EIF4A2,HELZ,LSM2,RNGTT,KIAA1429,FUBP3,THOC1,MKRN2,TNRC6C,STRAP,PRRC2A,USP10,STAU1,PARN,RNGTT,OTUD4,CSDE1,YTHDF1,KIF1B,ATXN2,STRAP,PATL1,LSM1,STRAP,LSM14A,UBAP2L,FAM120A,FXR1,TOP3B,TOP3B,SDCCAG3,KIAA1429,PATL1,R3HDM2,DAZL,NCBP2,DDX19B,SAMD4B,XRN2,EIF4ENIF1,IBTK,TRIM25,LSM4,EDC3,GLE1,DDX19B,MARF1,FAM120A,ANKRD17,SMG7,LSM4,G3BP1,TOP3B,TRIM56,CNOT9,DCP1A,TIA1,ZCCHC11,G3BP1,PUM1,RBM47,IPO11,TRIM56,YTHDF2,LSM12,LARP4B,STRAP,PABPC1,TDRD3,SYMPK,MOV10,LSM14A,NCBP2,FXR2,MKRN2,SMG7,R3HDM2,KIF1B,PRPF19,HDLBP,CNOT6L,IBTK,STAU1,TNRC6B,HELZ,TRIM25,LSM12,IGF2BP1,DDX20,OTUD4,TOP3B,IGF2BP2,TNRC6C,YTHDF2,LSM1,PATL1,EDC3,CNOT1,TRIM56,UNK,SMG7,IGF2BP1,GRSF1,FMR1,EIF4A1,ZFP36,MKRN2,SAMD4B,ILF3,NUFIP2,YTHDF2,RNF219,FXR2,FAM120C,NXF1,CELF1,AGO2,CPSF1,PRRC2B,EIF4A3,PABPC1,AGO2,RNF219,CNOT7,HDLBP,DDX6,CNOT1,CPSF1,MARF1,XRN2,TBK1,ANKRD17,ATXN2,XRN1,MCRIP2,CSDE1,SMG7,UBAP2L,ZFP36,MOV10,PRRC2A,DDX3X,EIF4A2,LSM14A,LSM12,ILF3,GTPBP1,GLE1,FAM120A,NXF1,TIA1,IPO11,TRIM56,RC3H2,CAPRIN1,SYNCRIP,R3HDM2,STAU1,PARN,TNRC6A,SMAP2,DDX3X,RNGTT,CNOT2,FMR1,ST7,PDCD4,DDX6,SMG6,ST7,DDX20,RBM47,CPEB4,THOC1,ST7,CPEB4,CEP85,ZC3HAV1,EIF4A3,PAIP1,SYMPK,SDCCAG3,SAMD4B,DDX3X,MOV10,CEP85,DAZL,FAM120C,EIF4A2,CNOT7,NXF1,CDC5L,DAZL,FAM120C,RNF214,DDX20,FMR1,RNGTT,LSM14A,FXR1,CNOT1,CEP85,SYNCRIP,SYNCRIP,KIAA1429,RNF214,MKRN2,FAM120C,YTHDF3,LARP4B,ZC3H7A,DDX1,CSDE1
,,,,,,,,,,,,,,,,,,,,,,,,,,,,,,,,,,,,,,,,,,,,,,,,,,,,,,,,,,,,,,,,,,,,,,,,,,,,,,,,,,,,,,,,,,,,,,,,,,,,,,,,,,,,,,,,,,,,,,,,,,,,,,,,,,,,,,,,,,,,,,,,,,,,,,,,,,,,,,,,,,,,,,,,,,,,,,,,,,,,,,,,,,,,,,,,,,,,,,,,,,,,,,,,,,,,,,,,,,,,,,,,,,,,,,,,,,,,,,,,,,,,,,,,,,,,,,,,,,,,,,,,,,,,,,,,,,,,,,,,PAIP2,CNOT7,ETF1,ST7,RNF214,MKRN2,NUFIP2,CELF1,TRIM56,IBTK,FUBP3,EXOSC10,R3HDM2,LZTS2,SMAP2,MCRIP2,ZFP36,PAIP2,TNRC6B,STAU1,DCP1A,TNRC6A,TNRC6A,MEX3B,G3BP1,HDLBP,THOC1,YTHDF2,MEX3B,AGO2,STAU1,LSM14A,RBMS1,ST7,ELAVL1,TRIM56,PAIP1,PABPC1,THOC1,MCRIP2,PRRC2A,ANKRD17,KIAA0355,IBTK,STRAP,CPEB4,SUPT5H,CNOT9,DCP1A,EIF4ENIF1,ETF1,PRRC2B,RNF219,RBM47,RNGTT,ZC3H7A,CSDE1,PAIP2,RNGTT,PARN,STAU1,EIF4ENIF1,HDLBP,ANKRD17,IPO11,SAMD4B,NXF1,PRPF19,MEX3B,ZC3HAV1,SUPT5H,LZTS2,MOV10,IGF2BP1,HELZ,XRN1,CSDE1,FAM120A,CNOT7,YTHDF3,STRAP,TNRC6A,IPO11,ST7,ALG13,DDX6,DDX1,TOP3B,R3HDM2,EDC3,STAU1,GRSF1,LSM14A,CTIF,MARF1,DDX3X,DAZL,IBTK,YTHDF3,CNOT6L,ILF3,MCRIP2,TBK1,ZC3HAV1,CTIF,RNF214,DDX19B,YTHDF1,SUPT5H,R3HDM2,LSM14A,LARP4B,TDRD3,UBAP2L,UNK,FMR1,TRIM56,SMG6,SMG6,CAPRIN1,ANKRD17,ZFP36,ATXN2,GRSF1,ATXN2,CNOT9,CNOT7,RBMS1,RC3H2,TNRC6A,UBAP2L,FAM120A,ZFP36,HELZ,MARF1,GLE1,GTPBP1,PAIP1,DDX6,FXR1,ZC3HAV1,IBTK,YTHDF1,FUBP3,USP10,CNOT6L,G3BP1,TNRC6A,ST7,TBK1,KIAA0355,RBMS1,MARF1,FUBP3,GLE1,R3HDM2,CNOT7,GLE1,KIAA0355,ST7,LSM1,CSDE1,CTIF,RBMS1,PABPC1,STAU1,FXR1,ANKRD17,IGF2BP1,CNOT7,TNRC6A,ZCCHC11,RNF214,MCRIP2,TIA1,HELZ,SUPT5H,RNF214,EXOSC10,STAU1,EDC3,YTHDF2,UBAP2L,IGF2BP2,ALG13,RC3H1,TNRC6A,TNRC6C,PAIP2,CNOT7,UBAP2L,CDC5L,KIF1B,IPO11,PUM1,CNOT9,RC3H2,CNOT7,YTHDF2,PRPF19,SYMPK,USP10,PRRC2B,CDC5L,DCP1A,PAIP2,UBAP2L,IGF2BP2,CSDE1,USP10,YTHDF3,MOV10,ZCCHC11,PRRC2A,NUFIP2,AGO2,TNRC6A,SMAP2,TNRC6C,PATL1,FAM120C,YTHDF3,ST7,ZC3H7A,STRAP,DCP1A,CNOT6L,ELAVL1,CELF1,SMAP2
,,,,,,,,,,,,,,,,,,,,,,,,,,,,,,,,,,,,,,,,,,,,,,,,,,,,,,,,,,,,,,,,,,,,,,,,,,,,,,,,,,,,,,,,,,,,,,,,,,,,,,,,,,,,,,,,,,,,,,,,,,,,,,,,,,,,,,,,,,,,,,,,,,,,,,,,,,,,,,,,,,,,,,,,,,,,,,,,,,,,,,,,,,,,,,,,,,,,,,,,,,,,,,,,,,,,,,,,,,,,,,,,,,,,,,,,,,,,,,,,,,,,,,,,,,,,,,,,,,,,,,,,,,,,,,,,,,,,,,,,,,,,,,,,,,EIF4A2,RBMS1,FXR1,SYMPK,RNF219,ETF1,SAMD4B,G3BP1,DDX19B,LSM12,EIF4A2,DDX6,IGF2BP1,NXF1,DAZL,ZFP36,ZC3HAV1,G3BP1,THOC1,LSM1,NXF1,SMG6,EDC3,PARN,PRRC2A,CNOT1,CNOT6L,LARP4B,EDC3,TRIM56,SMAP2,PAIP2,EIF4A1,TNRC6A,NCBP2,LSM12,EIF4A3,ZCCHC11,PDCD4,MCRIP2,SMG7,YTHDF2,SUPT5H,CEP85,SDCCAG3,CNOT7,XRN1,OTUD4,HDLBP,SYMPK,PRRC2B,ZCCHC11,USP10,PRRC2B,RBMS1,CAPRIN1,USP10,CDC5L,XRN1,EDC3,YTHDF1,IGF2BP2,LSM4,TNRC6C,ETF1,CEP85,NXF1,YTHDF1,TNRC6B,XRN2,ETF1,LSM1,LSM2,HELZ,IGF2BP1,DDX20,MOV10,DDX19B,YTHDF3,PUM1,PUM1,STAU1,AGO2,SYMPK,EIF4A3,PAIP1,THOC1,MOV10,SMAP2,MEX3B,CNOT9,ZCCHC11,ZC3HAV1,EXOSC10,FAM120C,IGF2BP1,ATXN2,ZC3H7A,LARP4B,TIA1,PRPF19,NXF1,EXOSC10,HELZ,TRIM25,STRAP,NUFIP2,MCRIP2,TOP3B,MEX3B,GTPBP1,PRPF19,SMG7,PAIP1,DAZL,DDX6,PARN,CEP85,ZCCHC11,SUPT5H,IBTK,YTHDF1,FXR2,SYNCRIP,UBAP2L,CNOT2,PRRC2A,GTPBP1,TOP3B,RC3H1,LZTS2,NXF1,ZC3HAV1,RNF214,NCBP2,YTHDF2,SMG7,DDX20,ELAVL1,G3BP1,EXOSC10,FAM120C,EIF4A2,R3HDM2,DCP1A,ZC3H7A,ILF3,ZFP36,RBMS1,MCRIP2,AGO2,KIAA0355,THOC1,PAIP1,SMG6,DDX3X,XRN1,ELAVL1,CNOT9,FXR1,EIF4A1,IGF2BP1,NXF1,DCP1A,YTHDF3,EIF4ENIF1,IBTK,PABPC1,PRPF19,LSM4,SAMD4B,GLE1,SYNCRIP,LSM12,TIA1,HDLBP,IPO11,TNRC6A,LSM1,YTHDF3,ELAVL1,DCP1A,NUFIP2,LZTS2,RBM47,RNF214,NUFIP2,MARF1,ALG13,RBMS1,TIA1,CELF1,UBAP2L,SMG6,SMAP2,EIF4ENIF1,R3HDM2,PARN,XRN1,TNRC6A,SUPT5H,YTHDF2,ZFP36,ALG13,THOC1,CPEB4,MKRN2,PRRC2B,KIAA0355,AGO2,DAZL,DCP1A,CELF1,STRAP,ZC3HAV1,SMAP2,TDRD3,LZTS2,R3HDM2,LSM12
,,,,,,,,,,,,,,,,,,,,,,,,,,,,,,,,,,,,,,,,,,,,,,,,,,,,,,,,,,,,,,,,,,,,,,,,,,,,,,,,,,,,,,,,,,,,,,,,,,,,,,,,,,,,,,,,,,,,,,,,,,,,,,,,,,,,,,,,,,,,,,,,,,,,,,,,,,,,,,,,,,,,,,,,,,,,,,,,,,,,,,,,,,,,,,,,,,,,,,,,,,,,,,,,,,,,,,,,,,,,,,,,,,,,,,,,,,,,,,,,,,,,,,,,,,,,,,,,,,,,,,,,,,,,,,,,,,,,,,,,,,,,,,,,,,,,,,,,,,,,RNF219,NXF1,PAIP2,TRIM56,SAMD4B,PRRC2B,CPEB4,RC3H1,ST7,MOV10,SMG7,LSM2,FAM120A,UBAP2L,HELZ,LARP4B,RC3H2,ILF3,PARN,IBTK,KIAA1429,PABPC1,RNF214,PRRC2B,PRRC2B,NCBP2,ANKRD17,CDC5L,UBAP2L,EIF4A1,STRAP,MOV10,EDC3,STRAP,LSM2,ILF3,CAPRIN1,RNF214,EIF4A1,CEP85,RNF214,CSDE1,LSM2,TRIM56,CTIF,RBMS1,CNOT7,DDX3X,MOV10,ST7,STAU1,STRAP,ST7,LSM2,GLE1,LSM14A,TNRC6C,CPEB4,RNF214,PABPC1,PARN,ZC3HAV1,RNF214,CEP85,IGF2BP2,KIAA0355,RC3H2,CELF1,RNF214,YTHDF2,KIAA0355,PAIP2,IBTK,PDCD4,EDC3,YTHDF3,SYNCRIP,RBM47,CPSF1,MARF1,FAM120A,FUBP3,PATL1,FXR2,TIA1,PAIP1,STRAP,CNOT2,MCRIP2,TBK1,FUBP3,PATL1,MARF1,FUBP3,NXF1,TBK1,G3BP1,FAM120A,FUBP3,RBMS1,YTHDF3,DDX6,GLE1,FXR1,PATL1,DCP1A,TNRC6A,RNGTT,ST7,ILF3,TNRC6A,LSM12,PATL1,TIA1,EXOSC10,IGF2BP2,RNF219,EIF4A2,LZTS2,UBAP2L,NXF1,RNF214,PRRC2B,ILF3,TNRC6B,YTHDF3,RNF219,GTPBP1,LSM1,TDRD3,LSM1,LSM4,LSM4,UNK,ATXN2,MARF1,EIF4A3,ETF1,SYNCRIP,STRAP,EIF4A3,DDX1,SMG7,ANKRD17,LSM4,FMR1,AGO2,FAM120C,KIAA1429,CSDE1,EDC3,XRN2,PAIP1,SUPT5H,MKRN2,ZCCHC11,SMG7,XRN1,PABPC1,PARN,GRSF1,RNF214,FXR1,TDRD3,ZC3H7A,RNGTT,R3HDM2,G3BP1,LSM2,EIF4A1,DDX3X,FXR2,TDRD3,MEX3B,STAU1,DDX19B,CNOT1,ZCCHC11,MEX3B,TDRD3,LSM2,LSM2,MARF1,FMR1,FXR1,FUBP3,FMR1,IGF2BP1,UNK,PAIP2,PAIP2,PRPF19,KIF1B,HELZ,ZC3HAV1,RBMS1,TOP3B,EIF4ENIF1,RBM47,IPO11,PATL1,ALG13,TNRC6B,CNOT2,YTHDF2,XRN1,CPSF1,MOV10,RBMS1,MKRN2
,,,,,,,,,,,,,,,,,,,,,,,,,,,,,,,,,,,,,,,,,,,,,,,,,,,,,,,,,,,,,,,,,,,,,,,,,,,,,,,,,,,,,,,,,,,,,,,,,,,,,,,,,,,,,,,,,,,,,,,,,,,,,,,,,,,,,,,,,,,,,,,,,,,,,,,,,,,,,,,,,,,,,,,,,,,,,,,,,,,,,,,,,,,,,,,,,,,,,,,,,,,,,,,,,,,,,,,,,,,,,,,,,,,,,,,,,,,,,,,,,,,,,,,,,,,,,,,,,,,,,,,,,,,,,,,,,,,,,,,,,,,,,,,,,,,,,,,,,,,,,,,,,,,,,,PAIP2,OTUD4,PATL1,FUBP3,LZTS2,FUBP3,LSM2,G3BP1,DCP1A,NUFIP2,OTUD4,CEP85,RC3H1,PAIP2,SUPT5H,PRPF19,KIF1B,RNF214,EDC3,CNOT2,DDX6,CELF1,PRRC2B,ATXN2,XRN1,PABPC1,DDX19B,SYMPK,G3BP1,RC3H2,XRN1,ZC3HAV1,TNRC6A,DDX3X,SYMPK,LSM14A,LSM14A,NCBP2,DDX20,DDX3X,PARN,DDX3X,DDX1,STRAP,RC3H2,TBK1,TOP3B,KIAA0355,RBMS1,LARP4B,SYNCRIP,SAMD4B,SMAP2,RC3H2,PUM1,FAM120C,RC3H1,UNK,PAIP2,HDLBP,SMG6,LSM2,HELZ,CNOT6L,ILF3,LSM14A,RBMS1,EIF4A2,DDX6,CELF1,STRAP,MARF1,LZTS2,KIAA0355,CEP85,TNRC6B,EIF4A1,GTPBP1,GRSF1,LZTS2,KIAA0355,MEX3B,RNF214,PABPC1,PAIP2,NXF1,FAM120A,RNF214,ZCCHC11,ETF1,TOP3B,TRIM56,PAIP2,CEP85,XRN1,ST7,RNF219,CNOT2,FMR1,YTHDF1,MOV10,THOC1,UNK,ST7,ZFP36,FUBP3,PARN,SMG6,DAZL,EIF4A2,KIAA1429,G3BP1,SMG7,ALG13,TOP3B,ANKRD17,EIF4A1,CEP85,STRAP,ALG13,ELAVL1,LZTS2,NCBP2,PRRC2B,UNK,EDC3,R3HDM2,DDX20,HDLBP,IPO11,TRIM56,SYNCRIP,NUFIP2,PATL1,TNRC6B,MARF1,CDC5L,SUPT5H,CNOT6L,ZCCHC11,SAMD4B,ZFP36,ZFP36,DDX3X,TNRC6A,SDCCAG3,ZCCHC11,FUBP3,THOC1,DDX1,ATXN2,DDX6,LSM14A,EXOSC10,TBK1,CNOT9,STRAP,TIA1,CDC5L,ALG13,SMAP2,R3HDM2,IGF2BP2,FAM120A,MEX3B,LSM2,USP10,RNF214,EIF4A3,CSDE1,PAIP1,EIF4A1,TNRC6C,FXR1,ELAVL1,UNK,YTHDF3,PABPC1,G3BP1,LSM12,MEX3B,YTHDF3,EIF4A1,FUBP3,CTIF,LARP4B,FMR1,AGO2,FUBP3,EIF4ENIF1,EXOSC10,MOV10,USP10,GRSF1,PATL1,YTHDF2,CPEB4,SUPT5H,G3BP1,NUFIP2
,,,,,,,,,,,,,,,,,,,,,,,,,,,,,,,,,,,,,,,,,,,,,,,,,,,,,,,,,,,,,,,,,,,,,,,,,,,,,,,,,,,,,,,,,,,,,,,,,,,,,,,,,,,,,,,,,,,,,,,,,,,,,,,,,,,,,,,,,,,,,,,,,,,,,,,,,,,,,,,,,,,,,,,,,,,,,,,,,,,,,,,,,,,,,,,,,,,,,,,,,,,,,,,,,,,,,,,,,,,,,,,,,,,,,,,,,,,,,,,,,,,,,,,,,,,,,,,,,,,,,,,,,,,,,,,,,,,,,,,,,,,,,,,,,,,,,,,,,,,,,,,,,,,,,,,,,,,,,,,,DDX20,RNF214,GLE1,G3BP1,IGF2BP2,THOC1,PRRC2B,XRN1,MKRN2,PRPF19,CELF1,IGF2BP1,FAM120C,CPSF1,ZC3HAV1,CAPRIN1,OTUD4,HDLBP,DDX3X,HELZ,STRAP,LARP4B,ATXN2,GTPBP1,EDC3,LSM4,XRN1,TBK1,DDX3X,TIA1,PATL1,ETF1,CPSF1,GLE1,LSM1,TDRD3,CNOT2,TBK1,TRIM25,SMAP2,TNRC6C,ANKRD17,SYMPK,SMAP2,ATXN2,IGF2BP2,PRPF19,CNOT9,ALG13,PDCD4,RBM47,ELAVL1,IGF2BP2,SUPT5H,NCBP2,HDLBP,ZFP36,HDLBP,PDCD4,EXOSC10,SMAP2,YTHDF1,ST7,KIF1B,ALG13,SMG6,ILF3,DDX3X,EIF4A3,CNOT7,RBM47,DDX19B,ZFP36,RC3H2,ALG13,CNOT7,RNF219,XRN2,KIAA1429,GTPBP1,ATXN2,NUFIP2,DAZL,TOP3B,PUM1,MEX3B,KIAA1429,PDCD4,STAU1,PATL1,CNOT6L,PUM1,KIF1B,SYMPK,SMG6,SMAP2,LSM2,PDCD4,TNRC6A,R3HDM2,PRRC2A,EIF4A3,LSM12,HDLBP,LZTS2,SYNCRIP,DDX20,EXOSC10,ETF1,CNOT2,FAM120C,RNGTT,XRN2,ZC3HAV1,RNF214,GTPBP1,DCP1A,SAMD4B,AGO2,TNRC6B,G3BP1,NCBP2,CEP85,YTHDF2,CEP85,CNOT2,CNOT7,STAU1,FAM120C,NXF1,CNOT2,AGO2,MKRN2,TNRC6B,THOC1,ANKRD17,TNRC6B,PRRC2B,ALG13,MKRN2,SMG6,GTPBP1,IBTK,CNOT6L,CNOT9,PDCD4,HDLBP,UNK,ANKRD17,LSM2,SYMPK,FUBP3,GTPBP1,G3BP1,PARN,NXF1,GRSF1,LSM12,XRN1,ZC3H7A,PRPF19,UBAP2L,ANKRD17,GRSF1,DDX19B,ATXN2,RC3H1,SYMPK,TRIM25,EDC3,FXR2,IPO11,ETF1,UBAP2L,ZC3H7A,TNRC6B,AGO2,CSDE1,MEX3B,DDX6,THOC1,LZTS2,G3BP1,FMR1,ELAVL1,RC3H2,TRIM25,LSM4,UNK,DDX3X
,,,,,,,,,,,,,,,,,,,,,,,,,,,,,,,,,,,,,,,,,,,,,,,,,,,,,,,,,,,,,,,,,,,,,,,,,,,,,,,,,,,,,,,,,,,,,,,,,,,,,,,,,,,,,,,,,,,,,,,,,,,,,,,,,,,,,,,,,,,,,,,,,,,,,,,,,,,,,,,,,,,,,,,,,,,,,,,,,,,,,,,,,,,,,,,,,,,,,,,,,,,,,,,,,,,,,,,,,,,,,,,,,,,,,,,,,,,,,,,,,,,,,,,,,,,,,,,,,,,,,,,,,,,,,,,,,,,,,,,,,,,,,,,,,,,,,,,,,,,,,,,,,,,,,,,,,,,,,,,,,,,,,,,,,,ILF3,MCRIP2,KIF1B,LSM2,KIAA0355,IPO11,RNF219,RBMS1,PRPF19,EIF4A2,R3HDM2,MOV10,DDX1,PRRC2A,CEP85,PAIP2,RNF214,MCRIP2,FMR1,UNK,USP10,CNOT6L,SMG7,XRN1,MCRIP2,MEX3B,ALG13,PRPF19,PATL1,TNRC6A,CNOT1,FUBP3,FAM120C,TNRC6B,SMAP2,SYNCRIP,LSM2,GLE1,HDLBP,MEX3B,STRAP,YTHDF1,SUPT5H,EIF4A1,HDLBP,RNF214,KIF1B,PARN,UBAP2L,SMG7,MKRN2,RBM47,TDRD3,TNRC6A,SMAP2,YTHDF2,ANKRD17,XRN1,TIA1,KIAA1429,NCBP2,TIA1,PDCD4,CTIF,FAM120A,ILF3,CELF1,RNGTT,TIA1,ALG13,SMAP2,UNK,RC3H1,PATL1,CEP85,RNF214,CDC5L,MEX3B,OTUD4,MKRN2,RNGTT,IGF2BP2,CEP85,DDX3X,PAIP2,LSM1,CELF1,RC3H2,HELZ,PAIP2,XRN2,ATXN2,EDC3,EIF4A3,SUPT5H,CAPRIN1,MCRIP2,FUBP3,KIF1B,UNK,LZTS2,ZCCHC11,LSM2,TNRC6B,CNOT7,RC3H1,PATL1,IBTK,XRN1,MEX3B,ETF1,EIF4A3,RNF214,DAZL,KIF1B,ST7,LSM12,THOC1,YTHDF2,ATXN2,RNF214,CEP85,FUBP3,ZC3H7A,ETF1,ST7,SYNCRIP,CPEB4,SMG7,FAM120C,ZC3H7A,DDX19B,RBMS1,SYMPK,RNGTT,ELAVL1,ZCCHC11,ST7,RNF219,CNOT9,NUFIP2,PARN,RNGTT,EIF4A1,EDC3,PRRC2B,EDC3,STAU1,PDCD4,TRIM56,YTHDF2,CNOT9,RNF219,ST7,NCBP2,LSM14A,OTUD4,LSM2,GTPBP1,DDX20,PARN,IGF2BP2,PARN,EIF4A3,FAM120A,IBTK,RBMS1,KIF1B,GLE1,G3BP1,ALG13,TBK1,UNK,IBTK,ILF3,TIA1,SUPT5H,TNRC6B,ETF1,EIF4ENIF1
,,,,,,,,,,,,,,,,,,,,,,,,,,,,,,,,,,,,,,,,,,,,,,,,,,,,,,,,,,,,,,,,,,,,,,,,,,,,,,,,,,,,,,,,,,,,,,,,,,,,,,,,,,,,,,,,,,,,,,,,,,,,,,,,,,,,,,,,,,,,,,,,,,,,,,,,,,,,,,,,,,,,,,,,,,,,,,,,,,,,,,,,,,,,,,,,,,,,,,,,,,,,,,,,,,,,,,,,,,,,,,,,,,,,,,,,,,,,,,,,,,,,,,,,,,,,,,,,,,,,,,,,,,,,,,,,,,,,,,,,,,,,,,,,,,,,,,,,,,,,,,,,,,,,,,,,,,,,,,,,,,,,,,,,,,,,,,,,,,,,SUPT5H,SYMPK,PUM1,RNF214,LSM14A,EIF4A2,ATXN2,FUBP3,NCBP2,GRSF1,ETF1,TIA1,ELAVL1,DDX6,PDCD4,SDCCAG3,PAIP2,MEX3B,YTHDF2,NUFIP2,PABPC1,LARP4B,DDX6,THOC1,LSM2,ELAVL1,PRRC2A,DDX1,NCBP2,LSM4,NXF1,DDX19B,FXR2,THOC1,ZC3HAV1,MCRIP2,SYMPK,ZFP36,DCP1A,TRIM25,IGF2BP1,SYNCRIP,LARP4B,CNOT6L,FMR1,PARN,CSDE1,ALG13,SYNCRIP,EIF4A2,DDX19B,SMG7,PRPF19,CSDE1,SMG6,SYNCRIP,ELAVL1,RBM47,TDRD3,LSM12,CEP85,KIAA1429,NCBP2,EIF4A1,NXF1,LARP4B,OTUD4,ANKRD17,IPO11,LSM4,IGF2BP1,SDCCAG3,USP10,IGF2BP1,XRN2,ZC3HAV1,ILF3,YTHDF2,PRRC2B,ANKRD17,CDC5L,CNOT1,PRRC2A,TDRD3,CSDE1,OTUD4,EIF4ENIF1,DAZL,GLE1,ETF1,YTHDF3,SDCCAG3,KIAA1429,CDC5L,EIF4A3,RBMS1,CELF1,CTIF,EDC3,RC3H1,IGF2BP2,RNF219,YTHDF3,EIF4A2,NCBP2,UBAP2L,SUPT5H,PAIP1,NUFIP2,TNRC6C,TRIM25,TRIM56,CTIF,CAPRIN1,PABPC1,KIAA1429,TBK1,GRSF1,GLE1,DDX3X,IBTK,TBK1,ZCCHC11,ILF3,LSM2,ZCCHC11,RNGTT,KIAA1429,DDX20,RNF219,UNK,SMG6,CNOT2,PATL1,CPSF1,TNRC6C,TRIM25,ZC3H7A,LSM1,SUPT5H,RBMS1,CNOT2,YTHDF2,SYMPK,CSDE1,CELF1,CNOT9,MOV10,LSM14A,FUBP3,DCP1A,SYNCRIP,ZC3HAV1,PRRC2B,SYMPK,MEX3B,PABPC1,IPO11,EDC3,CDC5L,YTHDF1,G3BP1,RNGTT,G3BP1,SYMPK,AGO2,EIF4A1,EDC3,GTPBP1,DDX19B
,,,,,,,,,,,,,,,,,,,,,,,,,,,,,,,,,,,,,,,,,,,,,,,,,,,,,,,,,,,,,,,,,,,,,,,,,,,,,,,,,,,,,,,,,,,,,,,,,,,,,,,,,,,,,,,,,,,,,,,,,,,,,,,,,,,,,,,,,,,,,,,,,,,,,,,,,,,,,,,,,,,,,,,,,,,,,,,,,,,,,,,,,,,,,,,,,,,,,,,,,,,,,,,,,,,,,,,,,,,,,,,,,,,,,,,,,,,,,,,,,,,,,,,,,,,,,,,,,,,,,,,,,,,,,,,,,,,,,,,,,,,,,,,,,,,,,,,,,,,,,,,,,,,,,,,,,,,,,,,,,,,,,,,,,,,,,,,,,,,,,,,,,,,,,,DDX1,RBMS1,EIF4A2,FMR1,MARF1,USP10,MCRIP2,NCBP2,HELZ,EIF4ENIF1,CAPRIN1,MKRN2,TRIM56,CNOT9,TDRD3,OTUD4,IGF2BP2,FMR1,EIF4A1,MKRN2,UNK,IPO11,MARF1,CEP85,OTUD4,GRSF1,FXR2,TRIM25,CNOT6L,FUBP3,PATL1,KIF1B,PDCD4,DCP1A,RNF219,LSM1,CELF1,KIAA0355,TOP3B,TOP3B,EIF4A1,YTHDF2,ZC3HAV1,USP10,MEX3B,MCRIP2,RBMS1,YTHDF2,STAU1,PATL1,CNOT1,DDX3X,LSM14A,KIAA0355,PAIP1,CTIF,LSM14A,KIAA0355,PRPF19,EIF4A1,EXOSC10,TRIM56,UBAP2L,STAU1,FXR2,CNOT6L,STAU1,TNRC6C,CPSF1,CPSF1,RBMS1,NCBP2,HELZ,PUM1,FAM120A,STRAP,FMR1,SMAP2,CTIF,SYNCRIP,NUFIP2,PDCD4,IGF2BP1,PABPC1,TBK1,SMG6,CNOT9,TBK1,MKRN2,CNOT1,RNGTT,STAU1,KIAA0355,ETF1,ZC3HAV1,ZC3HAV1,FAM120A,LSM4,THOC1,CPEB4,NCBP2,OTUD4,CAPRIN1,IGF2BP1,RNF214,IGF2BP2,LSM2,FMR1,NXF1,ANKRD17,THOC1,SYNCRIP,EIF4A1,RNF219,CEP85,ZFP36,FUBP3,PUM1,ELAVL1,IPO11,PABPC1,EIF4A1,EXOSC10,TBK1,CPEB4,FAM120C,DCP1A,DDX6,MARF1,DDX3X,IGF2BP1,PABPC1,PDCD4,EIF4A1,MOV10,CAPRIN1,EDC3,FXR2,DDX1,XRN1,ELAVL1,FAM120A,RBM47,ZFP36,SUPT5H,ZC3H7A,LSM4,CAPRIN1,RNF219,LARP4B,PARN,KIAA0355,XRN1,PABPC1,PDCD4,NUFIP2,TBK1,RBMS1,MARF1,ZCCHC11
,,,,,,,,,,,,,,,,,,,,,,,,,,,,,,,,,,,,,,,,,,,,,,,,,,,,,,,,,,,,,,,,,,,,,,,,,,,,,,,,,,,,,,,,,,,,,,,,,,,,,,,,,,,,,,,,,,,,,,,,,,,,,,,,,,,,,,,,,,,,,,,,,,,,,,,,,,,,,,,,,,,,,,,,,,,,,,,,,,,,,,,,,,,,,,,,,,,,,,,,,,,,,,,,,,,,,,,,,,,,,,,,,,,,,,,,,,,,,,,,,,,,,,,,,,,,,,,,,,,,,,,,,,,,,,,,,,,,,,,,,,,,,,,,,,,,,,,,,,,,,,,,,,,,,,,,,,,,,,,,,,,,,,,,,,,,,,,,,,,,,,,,,,,,,,,,,,,,,,,,ZC3H7A,LSM14A,LSM12,GLE1,USP10,TNRC6A,MKRN2,TNRC6C,MOV10,EIF4A1,EIF4A2,ETF1,YTHDF1,FAM120A,SMG7,DDX19B,CNOT7,UNK,GTPBP1,PRPF19,G3BP1,ANKRD17,PRPF19,ZC3H7A,LZTS2,YTHDF1,NXF1,RNGTT,CNOT1,XRN1,FXR2,MARF1,RBM47,TOP3B,IBTK,EIF4A2,ZC3HAV1,YTHDF1,MEX3B,PDCD4,PABPC1,CELF1,GTPBP1,XRN2,MKRN2,EIF4ENIF1,STRAP,CPSF1,IBTK,CNOT1,TDRD3,MCRIP2,NXF1,DDX6,LSM12,RNGTT,FUBP3,PRRC2A,RNF219,SMAP2,ZFP36,RBM47,STRAP,KIF1B,ATXN2,ELAVL1,IGF2BP2,CELF1,CELF1,CAPRIN1,YTHDF1,LSM1,MCRIP2,NUFIP2,ILF3,MOV10,FXR2,XRN1,TBK1,PRRC2A,ATXN2,CNOT6L,XRN2,ZC3H7A,DDX6,FXR2,LARP4B,CNOT7,FUBP3,EIF4A2,DDX20,CDC5L,RC3H2,CNOT1,CAPRIN1,PDCD4,LZTS2,DDX19B,CPEB4,CTIF,RNGTT,MEX3B,ETF1,ELAVL1,EIF4A1,CELF1,PAIP1,MKRN2,LZTS2,TOP3B,TNRC6B,ELAVL1,SMG6,GLE1,GRSF1,AGO2,CNOT2,MCRIP2,RC3H1,SDCCAG3,RC3H1,PRPF19,SYNCRIP,KIAA1429,FXR2,PARN,CEP85,OTUD4,DDX3X,MARF1,IGF2BP2,G3BP1,FUBP3,TNRC6C,TIA1,PUM1,STAU1,STAU1,FXR2,EDC3,TNRC6C,FUBP3,ALG13,CAPRIN1,PABPC1,MARF1,CEP85,EXOSC10,ZCCHC11,FUBP3
,,,,,,,,,,,,,,,,,,,,,,,,,,,,,,,,,,,,,,,,,,,,,,,,,,,,,,,,,,,,,,,,,,,,,,,,,,,,,,,,,,,,,,,,,,,,,,,,,,,,,,,,,,,,,,,,,,,,,,,,,,,,,,,,,,,,,,,,,,,,,,,,,,,,,,,,,,,,,,,,,,,,,,,,,,,,,,,,,,,,,,,,,,,,,,,,,,,,,,,,,,,,,,,,,,,,,,,,,,,,,,,,,,,,,,,,,,,,,,,,,,,,,,,,,,,,,,,,,,,,,,,,,,,,,,,,,,,,,,,,,,,,,,,,,,,,,,,,,,,,,,,,,,,,,,,,,,,,,,,,,,,,,,,,,,,,,,,,,,,,,,,,,,,,,,,,,,,,,,,,,,,,,,,,,,ETF1,RNF214,TDRD3,TNRC6B,PUM1,ZFP36,ATXN2,FXR2,SMG6,CNOT7,DCP1A,PUM1,PUM1,DDX1,SAMD4B,SDCCAG3,TNRC6A,ELAVL1,ILF3,CDC5L,MEX3B,EXOSC10,AGO2,MEX3B,ZFP36,MKRN2,DDX19B,DDX1,IGF2BP2,LZTS2,FAM120C,DCP1A,ELAVL1,PRRC2B,MOV10,CELF1,LSM4,PRRC2B,TNRC6B,SMAP2,ELAVL1,FXR2,YTHDF3,DAZL,YTHDF1,RBM47,MOV10,CPSF1,KIAA0355,PRPF19,CTIF,GRSF1,MARF1,LZTS2,CNOT7,IPO11,NXF1,CTIF,TNRC6B,IBTK,CNOT2,THOC1,EIF4A1,YTHDF3,AGO2,CNOT2,TOP3B,SMG7,PABPC1,OTUD4,FMR1,ST7,PUM1,CNOT7,PATL1,ZC3H7A,THOC1,G3BP1,SYNCRIP,CPSF1,TIA1,LSM1,R3HDM2,FMR1,XRN2,DDX19B,YTHDF1,ELAVL1,G3BP1,DDX6,ETF1,EIF4A3,YTHDF1,CPSF1,CTIF,ST7,FAM120C,CEP85,CNOT6L,CELF1,CAPRIN1,AGO2,IGF2BP1,IGF2BP2,RC3H2,KIAA0355,ZC3HAV1,LSM14A,DAZL,MKRN2,LZTS2,CTIF,TRIM25,GLE1,MCRIP2,SUPT5H,EIF4ENIF1,ANKRD17,LARP4B,RNF214,DDX1,RC3H1,DDX19B,TDRD3,DDX3X,PAIP1,IGF2BP2,CEP85,THOC1,ELAVL1,EIF4ENIF1,CAPRIN1,LARP4B,DDX1,ZC3H7A,FXR2,DDX1,RC3H1,IGF2BP2,ALG13
,,,,,,,,,,,,,,,,,,,,,,,,,,,,,,,,,,,,,,,,,,,,,,,,,,,,,,,,,,,,,,,,,,,,,,,,,,,,,,,,,,,,,,,,,,,,,,,,,,,,,,,,,,,,,,,,,,,,,,,,,,,,,,,,,,,,,,,,,,,,,,,,,,,,,,,,,,,,,,,,,,,,,,,,,,,,,,,,,,,,,,,,,,,,,,,,,,,,,,,,,,,,,,,,,,,,,,,,,,,,,,,,,,,,,,,,,,,,,,,,,,,,,,,,,,,,,,,,,,,,,,,,,,,,,,,,,,,,,,,,,,,,,,,,,,,,,,,,,,,,,,,,,,,,,,,,,,,,,,,,,,,,,,,,,,,,,,,,,,,,,,,,,,,,,,,,,,,,,,,,,,,,,,,,,,,,,,,,,,,,IGF2BP2,FXR2,DDX20,DDX3X,DAZL,MOV10,XRN2,ST7,LSM1,HELZ,PARN,FUBP3,TOP3B,KIAA1429,LSM4,EIF4A3,IGF2BP1,IGF2BP1,CNOT7,SYNCRIP,ST7,USP10,ALG13,TRIM56,DDX20,TIA1,PDCD4,TRIM25,YTHDF1,GTPBP1,DDX6,SMAP2,MKRN2,CPSF1,CELF1,CTIF,GRSF1,FMR1,IBTK,LSM14A,PRPF19,FXR2,XRN1,FXR2,CAPRIN1,TNRC6A,DAZL,IPO11,PAIP1,LZTS2,ZC3HAV1,HDLBP,TBK1,MKRN2,ETF1,IGF2BP2,LSM14A,USP10,RC3H2,DDX6,FXR2,SDCCAG3,CNOT6L,TRIM56,PAIP2,LSM2,RC3H1,TDRD3,RBM47,UNK,OTUD4,SDCCAG3,STRAP,PAIP1,ANKRD17,PAIP2,THOC1,PDCD4,IGF2BP1,STRAP,PRPF19,ZC3H7A,IPO11,KIAA1429,GLE1,STAU1,PRPF19,DDX19B,SAMD4B,FAM120C,CNOT1,PRRC2B,SUPT5H,ST7,ST7,STRAP,MKRN2,SDCCAG3,RC3H2,SYNCRIP,FXR1,RC3H2,XRN1,YTHDF3,CAPRIN1,PRPF19,LZTS2,CDC5L,CNOT2,YTHDF3,DAZL,UNK,PDCD4,MCRIP2,XRN1,DDX6,PATL1,PRRC2A,ELAVL1,RC3H2,TIA1,TNRC6A,THOC1,PRRC2B,CNOT9,ALG13,EIF4A3,UBAP2L,DAZL,MEX3B
,,,,,,,,,,,,,,,,,,,,,,,,,,,,,,,,,,,,,,,,,,,,,,,,,,,,,,,,,,,,,,,,,,,,,,,,,,,,,,,,,,,,,,,,,,,,,,,,,,,,,,,,,,,,,,,,,,,,,,,,,,,,,,,,,,,,,,,,,,,,,,,,,,,,,,,,,,,,,,,,,,,,,,,,,,,,,,,,,,,,,,,,,,,,,,,,,,,,,,,,,,,,,,,,,,,,,,,,,,,,,,,,,,,,,,,,,,,,,,,,,,,,,,,,,,,,,,,,,,,,,,,,,,,,,,,,,,,,,,,,,,,,,,,,,,,,,,,,,,,,,,,,,,,,,,,,,,,,,,,,,,,,,,,,,,,,,,,,,,,,,,,,,,,,,,,,,,,,,,,,,,,,,,,,,,,,,,,,,,,,,,,,,,,,,,RC3H1,KIAA1429,THOC1,PDCD4,RNF219,RNGTT,ZCCHC11,LSM4,PUM1,AGO2,TBK1,NCBP2,ZC3HAV1,LZTS2,LSM14A,DDX19B,ALG13,ATXN2,CNOT1,ELAVL1,XRN2,SYNCRIP,FAM120A,MARF1,CTIF,FXR2,ETF1,TOP3B,TNRC6C,ZC3HAV1,RC3H1,CTIF,ILF3,FMR1,PRRC2A,TRIM25,MARF1,STRAP,SYMPK,PRRC2B,KIAA1429,FXR2,RBMS1,DDX3X,SAMD4B,RNF219,LSM1,PARN,MOV10,KIF1B,SYMPK,FAM120C,IGF2BP2,TRIM25,GTPBP1,TIA1,CPEB4,RBMS1,YTHDF3,PAIP1,DCP1A,ETF1,MOV10,PDCD4,CNOT7,RC3H2,NCBP2,FXR2,XRN1,EIF4A1,CAPRIN1,KIF1B,R3HDM2,FMR1,UNK,LSM14A,FMR1,PATL1,PRRC2A,ZC3H7A,ANKRD17,UBAP2L,XRN1,FXR1,LSM14A,FAM120A,DAZL,CAPRIN1,TNRC6C,KIAA1429,FAM120A,PUM1,NUFIP2,CNOT2,CDC5L,RBMS1,CSDE1,YTHDF2,GLE1,MEX3B,CDC5L,RNF219,UNK,MARF1,TDRD3,ALG13,XRN1,FMR1,LSM4,PAIP2,OTUD4,RBM47,YTHDF2,GLE1,UBAP2L,KIAA0355,SMG6,TDRD3,XRN1,R3HDM2
,,,,,,,,,,,,,,,,,,,,,,,,,,,,,,,,,,,,,,,,,,,,,,,,,,,,,,,,,,,,,,,,,,,,,,,,,,,,,,,,,,,,,,,,,,,,,,,,,,,,,,,,,,,,,,,,,,,,,,,,,,,,,,,,,,,,,,,,,,,,,,,,,,,,,,,,,,,,,,,,,,,,,,,,,,,,,,,,,,,,,,,,,,,,,,,,,,,,,,,,,,,,,,,,,,,,,,,,,,,,,,,,,,,,,,,,,,,,,,,,,,,,,,,,,,,,,,,,,,,,,,,,,,,,,,,,,,,,,,,,,,,,,,,,,,,,,,,,,,,,,,,,,,,,,,,,,,,,,,,,,,,,,,,,,,,,,,,,,,,,,,,,,,,,,,,,,,,,,,,,,,,,,,,,,,,,,,,,,,,,,,,,,,,,,,,,,,,,,,,,DDX19B,DDX19B,PDCD4,SMG7,SDCCAG3,YTHDF1,FXR2,DDX6,TOP3B,DDX6,KIF1B,XRN1,PABPC1,ILF3,SMG7,MOV10,TNRC6B,LZTS2,TRIM56,DDX3X,SYMPK,CPEB4,TOP3B,G3BP1,ILF3,FXR1,FAM120C,PAIP2,IGF2BP1,TNRC6B,PAIP1,SYNCRIP,DDX20,ST7,ZC3HAV1,ST7,EIF4A2,PUM1,PRRC2B,STAU1,EIF4A2,PUM1,RBM47,PUM1,CSDE1,TNRC6A,SMG6,PABPC1,OTUD4,SMG6,TRIM56,YTHDF3,YTHDF3,LSM14A,CPSF1,DDX1,TNRC6C,ZCCHC11,STRAP,MARF1,DAZL,ALG13,PAIP1,LSM4,EIF4ENIF1,PABPC1,MEX3B,SDCCAG3,FXR1,CPSF1,ST7,SYNCRIP,EDC3,ETF1,DAZL,PARN,FAM120C,SMAP2,EDC3,ATXN2,CNOT6L,ALG13,TBK1,PUM1,CNOT6L,PABPC1,CNOT6L,MEX3B,TNRC6A,UNK,DDX19B,DDX19B,PATL1,KIAA0355,YTHDF2,SMAP2,DDX19B,PRPF19,CSDE1,UBAP2L,SYMPK,NCBP2,CNOT2,R3HDM2,ALG13,PDCD4,AGO2,RNF214,ZC3H7A,STAU1
,,,,,,,,,,,,,,,,,,,,,,,,,,,,,,,,,,,,,,,,,,,,,,,,,,,,,,,,,,,,,,,,,,,,,,,,,,,,,,,,,,,,,,,,,,,,,,,,,,,,,,,,,,,,,,,,,,,,,,,,,,,,,,,,,,,,,,,,,,,,,,,,,,,,,,,,,,,,,,,,,,,,,,,,,,,,,,,,,,,,,,,,,,,,,,,,,,,,,,,,,,,,,,,,,,,,,,,,,,,,,,,,,,,,,,,,,,,,,,,,,,,,,,,,,,,,,,,,,,,,,,,,,,,,,,,,,,,,,,,,,,,,,,,,,,,,,,,,,,,,,,,,,,,,,,,,,,,,,,,,,,,,,,,,,,,,,,,,,,,,,,,,,,,,,,,,,,,,,,,,,,,,,,,,,,,,,,,,,,,,,,,,,,,,,,,,,,,,,,,,,,,,,,,,,,TRIM56,EIF4ENIF1,LSM1,YTHDF3,CNOT9,PRRC2A,YTHDF2,ATXN2,GLE1,DDX6,DCP1A,CNOT9,ZC3H7A,CPEB4,KIF1B,RBMS1,TRIM56,CNOT1,CNOT7,CNOT7,TOP3B,EDC3,LSM12,CTIF,TRIM25,TNRC6A,DDX3X,TRIM56,PRRC2A,LSM12,SYNCRIP,CELF1,ST7,OTUD4,LARP4B,GTPBP1,EIF4ENIF1,MKRN2,LARP4B,EIF4A1,XRN1,ILF3,TNRC6B,PUM1,PAIP1,FXR1,EDC3,SMG6,TBK1,DDX20,CNOT9,R3HDM2,G3BP1,XRN2,FXR2,PAIP2,XRN2,XRN1,HDLBP,TNRC6C,GRSF1,EXOSC10,PAIP2,LSM4,THOC1,PRPF19,EIF4A3,FAM120A,SUPT5H,THOC1,RNGTT,FAM120C,ETF1,CNOT6L,PUM1,FAM120A,MOV10,KIAA0355,NUFIP2,CPSF1,GTPBP1,IGF2BP1,SMAP2,FXR2,CPEB4,ANKRD17,ZFP36,RNGTT,NCBP2,EIF4A3,LSM4,RBMS1,EIF4ENIF1,ALG13,CDC5L,TOP3B,KIAA1429,TRIM56,ELAVL1,CNOT6L
,,,,,,,,,,,,,,,,,,,,,,,,,,,,,,,,,,,,,,,,,,,,,,,,,,,,,,,,,,,,,,,,,,,,,,,,,,,,,,,,,,,,,,,,,,,,,,,,,,,,,,,,,,,,,,,,,,,,,,,,,,,,,,,,,,,,,,,,,,,,,,,,,,,,,,,,,,,,,,,,,,,,,,,,,,,,,,,,,,,,,,,,,,,,,,,,,,,,,,,,,,,,,,,,,,,,,,,,,,,,,,,,,,,,,,,,,,,,,,,,,,,,,,,,,,,,,,,,,,,,,,,,,,,,,,,,,,,,,,,,,,,,,,,,,,,,,,,,,,,,,,,,,,,,,,,,,,,,,,,,,,,,,,,,,,,,,,,,,,,,,,,,,,,,,,,,,,,,,,,,,,,,,,,,,,,,,,,,,,,,,,,,,,,,,,,,,,,,,,,,,,,,,,,,,,,,,,,,,,,,PARN,LSM1,THOC1,PAIP1,LSM14A,TOP3B,KIF1B,LSM2,DDX6,ZFP36,DDX19B,RBM47,NUFIP2,LSM14A,EIF4A2,ETF1,CAPRIN1,AGO2,LSM14A,G3BP1,XRN1,PRRC2B,MARF1,LSM12,NUFIP2,R3HDM2,TDRD3,OTUD4,HDLBP,CELF1,CEP85,LZTS2,LSM1,RC3H2,PRRC2A,GTPBP1,HELZ,DDX20,RC3H1,EIF4A2,ILF3,HDLBP,LSM12,MOV10,CSDE1,MKRN2,NCBP2,CNOT9,PAIP1,MCRIP2,MARF1,THOC1,IBTK,CNOT9,MKRN2,HDLBP,HDLBP,NUFIP2,LSM12,FXR1,GLE1,LARP4B,LSM4,TNRC6A,TIA1,EIF4A1,PAIP1,FUBP3,CNOT6L,EIF4A3,ST7,ETF1,SAMD4B,CNOT1,FMR1,TRIM56,TNRC6B,EIF4A1,PAIP1,CNOT9,ST7,MARF1,STRAP,TDRD3,TNRC6B,DDX20,OTUD4,CNOT2,PAIP2,NXF1
,,,,,,,,,,,,,,,,,,,,,,,,,,,,,,,,,,,,,,,,,,,,,,,,,,,,,,,,,,,,,,,,,,,,,,,,,,,,,,,,,,,,,,,,,,,,,,,,,,,,,,,,,,,,,,,,,,,,,,,,,,,,,,,,,,,,,,,,,,,,,,,,,,,,,,,,,,,,,,,,,,,,,,,,,,,,,,,,,,,,,,,,,,,,,,,,,,,,,,,,,,,,,,,,,,,,,,,,,,,,,,,,,,,,,,,,,,,,,,,,,,,,,,,,,,,,,,,,,,,,,,,,,,,,,,,,,,,,,,,,,,,,,,,,,,,,,,,,,,,,,,,,,,,,,,,,,,,,,,,,,,,,,,,,,,,,,,,,,,,,,,,,,,,,,,,,,,,,,,,,,,,,,,,,,,,,,,,,,,,,,,,,,,,,,,,,,,,,,,,,,,,,,,,,,,,,,,,,,,,,,,,,,,,,,,IPO11,CPEB4,DAZL,SMAP2,PABPC1,IBTK,KIAA1429,CAPRIN1,YTHDF3,GLE1,SDCCAG3,LZTS2,CNOT1,ZFP36,LZTS2,CNOT7,PUM1,PRPF19,XRN2,RC3H2,MCRIP2,ST7,TRIM25,DDX1,ATXN2,IGF2BP1,PAIP1,CNOT7,PRRC2B,SDCCAG3,FMR1,SDCCAG3,CNOT6L,OTUD4,PABPC1,USP10,DDX1,PRRC2A,CPSF1,TRIM25,FXR2,EIF4A3,LSM2,YTHDF3,LARP4B,CAPRIN1,CNOT7,XRN1,ANKRD17,RBM47,UNK,ZC3H7A,MOV10,EDC3,ZC3H7A,NXF1,PRPF19,TIA1,R3HDM2,HELZ,CAPRIN1,SMG6,YTHDF1,IGF2BP1,KIAA1429,ZFP36,PDCD4,XRN1,MOV10,SMAP2,IBTK,GRSF1,GTPBP1,LSM2,TDRD3,SMG7,MEX3B,AGO2,PARN,PRPF19
,,,,,,,,,,,,,,,,,,,,,,,,,,,,,,,,,,,,,,,,,,,,,,,,,,,,,,,,,,,,,,,,,,,,,,,,,,,,,,,,,,,,,,,,,,,,,,,,,,,,,,,,,,,,,,,,,,,,,,,,,,,,,,,,,,,,,,,,,,,,,,,,,,,,,,,,,,,,,,,,,,,,,,,,,,,,,,,,,,,,,,,,,,,,,,,,,,,,,,,,,,,,,,,,,,,,,,,,,,,,,,,,,,,,,,,,,,,,,,,,,,,,,,,,,,,,,,,,,,,,,,,,,,,,,,,,,,,,,,,,,,,,,,,,,,,,,,,,,,,,,,,,,,,,,,,,,,,,,,,,,,,,,,,,,,,,,,,,,,,,,,,,,,,,,,,,,,,,,,,,,,,,,,,,,,,,,,,,,,,,,,,,,,,,,,,,,,,,,,,,,,,,,,,,,,,,,,,,,,,,,,,,,,,,,,,,,,,,,,,,CNOT6L,SMG6,EIF4A3,KIF1B,MKRN2,TOP3B,ATXN2,IBTK,ZFP36,RC3H1,USP10,FMR1,CNOT9,PABPC1,GTPBP1,CPEB4,UNK,IBTK,UNK,AGO2,MEX3B,FXR1,MKRN2,YTHDF3,PAIP2,DDX19B,FXR1,DCP1A,DDX3X,RNF214,KIF1B,IPO11,ZCCHC11,SYNCRIP,TDRD3,YTHDF3,ANKRD17,ATXN2,IPO11,OTUD4,TOP3B,LSM14A,PAIP1,ILF3,DDX3X,DDX20,SDCCAG3,HDLBP,EIF4ENIF1,LSM1,ATXN2,R3HDM2,MARF1,KIAA1429,IGF2BP2,YTHDF3,RBM47,MKRN2,DDX19B,SUPT5H,TRIM25,XRN1,CEP85,ATXN2,EXOSC10,LARP4B,RNF219,IBTK,GRSF1,SUPT5H
,,,,,,,,,,,,,,,,,,,,,,,,,,,,,,,,,,,,,,,,,,,,,,,,,,,,,,,,,,,,,,,,,,,,,,,,,,,,,,,,,,,,,,,,,,,,,,,,,,,,,,,,,,,,,,,,,,,,,,,,,,,,,,,,,,,,,,,,,,,,,,,,,,,,,,,,,,,,,,,,,,,,,,,,,,,,,,,,,,,,,,,,,,,,,,,,,,,,,,,,,,,,,,,,,,,,,,,,,,,,,,,,,,,,,,,,,,,,,,,,,,,,,,,,,,,,,,,,,,,,,,,,,,,,,,,,,,,,,,,,,,,,,,,,,,,,,,,,,,,,,,,,,,,,,,,,,,,,,,,,,,,,,,,,,,,,,,,,,,,,,,,,,,,,,,,,,,,,,,,,,,,,,,,,,,,,,,,,,,,,,,,,,,,,,,,,,,,,,,,,,,,,,,,,,,,,,,,,,,,,,,,,,,,,,,,,,,,,,,,,,,,,,,,,,,RC3H1,MARF1,YTHDF2,FAM120C,LSM1,LARP4B,PUM1,RBM47,SMG6,TOP3B,RC3H2,UNK,DCP1A,RC3H1,RBMS1,DDX1,GTPBP1,RNF214,KIAA0355,IGF2BP1,FUBP3,G3BP1,NXF1,STAU1,PRRC2B,UNK,ILF3,CPEB4,FXR2,GRSF1,ZCCHC11,LSM1,CNOT6L,MKRN2,EIF4ENIF1,PATL1,PDCD4,SDCCAG3,TIA1,PUM1,CNOT6L,TIA1,RNGTT,R3HDM2,G3BP1,OTUD4,RNF219,GTPBP1,RNGTT,ST7,EDC3,CELF1,ZCCHC11,TNRC6A,PRRC2B,LSM12,PRRC2A,NCBP2,CPEB4,XRN2
,,,,,,,,,,,,,,,,,,,,,,,,,,,,,,,,,,,,,,,,,,,,,,,,,,,,,,,,,,,,,,,,,,,,,,,,,,,,,,,,,,,,,,,,,,,,,,,,,,,,,,,,,,,,,,,,,,,,,,,,,,,,,,,,,,,,,,,,,,,,,,,,,,,,,,,,,,,,,,,,,,,,,,,,,,,,,,,,,,,,,,,,,,,,,,,,,,,,,,,,,,,,,,,,,,,,,,,,,,,,,,,,,,,,,,,,,,,,,,,,,,,,,,,,,,,,,,,,,,,,,,,,,,,,,,,,,,,,,,,,,,,,,,,,,,,,,,,,,,,,,,,,,,,,,,,,,,,,,,,,,,,,,,,,,,,,,,,,,,,,,,,,,,,,,,,,,,,,,,,,,,,,,,,,,,,,,,,,,,,,,,,,,,,,,,,,,,,,,,,,,,,,,,,,,,,,,,,,,,,,,,,,,,,,,,,,,,,,,,,,,,,,,,,,,,,,,,,,,,,,CPSF1,LZTS2,HELZ,IPO11,LARP4B,EIF4A2,CNOT2,DDX1,DDX19B,PARN,HELZ,PRRC2A,FAM120A,MKRN2,GLE1,LSM12,UBAP2L,ELAVL1,RBM47,YTHDF3,PDCD4,NCBP2,FAM120C,MARF1,DDX1,FXR1,RBM47,USP10,RBM47,FAM120C,PATL1,ELAVL1,CNOT1,DCP1A,TRIM25,ST7,DDX1,ANKRD17,ST7,SYMPK,UNK,CNOT7,FXR1,CNOT6L,YTHDF3,ZFP36,ZFP36,RBM47,SYMPK,THOC1
,,,,,,,,,,,,,,,,,,,,,,,,,,,,,,,,,,,,,,,,,,,,,,,,,,,,,,,,,,,,,,,,,,,,,,,,,,,,,,,,,,,,,,,,,,,,,,,,,,,,,,,,,,,,,,,,,,,,,,,,,,,,,,,,,,,,,,,,,,,,,,,,,,,,,,,,,,,,,,,,,,,,,,,,,,,,,,,,,,,,,,,,,,,,,,,,,,,,,,,,,,,,,,,,,,,,,,,,,,,,,,,,,,,,,,,,,,,,,,,,,,,,,,,,,,,,,,,,,,,,,,,,,,,,,,,,,,,,,,,,,,,,,,,,,,,,,,,,,,,,,,,,,,,,,,,,,,,,,,,,,,,,,,,,,,,,,,,,,,,,,,,,,,,,,,,,,,,,,,,,,,,,,,,,,,,,,,,,,,,,,,,,,,,,,,,,,,,,,,,,,,,,,,,,,,,,,,,,,,,,,,,,,,,,,,,,,,,,,,,,,,,,,,,,,,,,,,,,,,,,,,,,,,,,,,PAIP2,FXR1,CELF1,CAPRIN1,NCBP2,PAIP2,XRN2,FAM120C,TNRC6A,HELZ,STRAP,FXR2,CDC5L,STRAP,ATXN2,HDLBP,DDX6,PRRC2B,ILF3,TRIM56,LZTS2,KIF1B,NXF1,PABPC1,SMG6,FAM120C,IPO11,R3HDM2,PRRC2A,RBM47,DCP1A,USP10,CNOT6L,KIAA0355,PAIP1,UNK,DDX3X,STAU1,YTHDF3,PAIP2
,,,,,,,,,,,,,,,,,,,,,,,,,,,,,,,,,,,,,,,,,,,,,,,,,,,,,,,,,,,,,,,,,,,,,,,,,,,,,,,,,,,,,,,,,,,,,,,,,,,,,,,,,,,,,,,,,,,,,,,,,,,,,,,,,,,,,,,,,,,,,,,,,,,,,,,,,,,,,,,,,,,,,,,,,,,,,,,,,,,,,,,,,,,,,,,,,,,,,,,,,,,,,,,,,,,,,,,,,,,,,,,,,,,,,,,,,,,,,,,,,,,,,,,,,,,,,,,,,,,,,,,,,,,,,,,,,,,,,,,,,,,,,,,,,,,,,,,,,,,,,,,,,,,,,,,,,,,,,,,,,,,,,,,,,,,,,,,,,,,,,,,,,,,,,,,,,,,,,,,,,,,,,,,,,,,,,,,,,,,,,,,,,,,,,,,,,,,,,,,,,,,,,,,,,,,,,,,,,,,,,,,,,,,,,,,,,,,,,,,,,,,,,,,,,,,,,,,,,,,,,,,,,,,,,,,,,,,,,,,,ALG13,IPO11,LSM1,EIF4ENIF1,TNRC6B,SMG6,LSM4,DDX3X,ST7,PRRC2A,TRIM56,ILF3,NCBP2,PAIP2,PRPF19,G3BP1,EXOSC10,EIF4A2,PAIP2,TIA1,FXR1,PRRC2A,RBM47,CELF1,DDX20,MOV10,GLE1,SAMD4B,FMR1,LSM4
,,,,,,,,,,,,,,,,,,,,,,,,,,,,,,,,,,,,,,,,,,,,,,,,,,,,,,,,,,,,,,,,,,,,,,,,,,,,,,,,,,,,,,,,,,,,,,,,,,,,,,,,,,,,,,,,,,,,,,,,,,,,,,,,,,,,,,,,,,,,,,,,,,,,,,,,,,,,,,,,,,,,,,,,,,,,,,,,,,,,,,,,,,,,,,,,,,,,,,,,,,,,,,,,,,,,,,,,,,,,,,,,,,,,,,,,,,,,,,,,,,,,,,,,,,,,,,,,,,,,,,,,,,,,,,,,,,,,,,,,,,,,,,,,,,,,,,,,,,,,,,,,,,,,,,,,,,,,,,,,,,,,,,,,,,,,,,,,,,,,,,,,,,,,,,,,,,,,,,,,,,,,,,,,,,,,,,,,,,,,,,,,,,,,,,,,,,,,,,,,,,,,,,,,,,,,,,,,,,,,,,,,,,,,,,,,,,,,,,,,,,,,,,,,,,,,,,,,,,,,,,,,,,,,,,,,,,,,,,,,,,,,,,,,,,NUFIP2,ANKRD17,G3BP1,TRIM25,PAIP1,PRRC2B,DDX20,DDX20,YTHDF2,CNOT2,EIF4A3,PAIP2,SMG7,SYNCRIP,MOV10,EIF4ENIF1,ELAVL1,CTIF,MOV10,RC3H1
,,,,,,,,,,,,,,,,,,,,,,,,,,,,,,,,,,,,,,,,,,,,,,,,,,,,,,,,,,,,,,,,,,,,,,,,,,,,,,,,,,,,,,,,,,,,,,,,,,,,,,,,,,,,,,,,,,,,,,,,,,,,,,,,,,,,,,,,,,,,,,,,,,,,,,,,,,,,,,,,,,,,,,,,,,,,,,,,,,,,,,,,,,,,,,,,,,,,,,,,,,,,,,,,,,,,,,,,,,,,,,,,,,,,,,,,,,,,,,,,,,,,,,,,,,,,,,,,,,,,,,,,,,,,,,,,,,,,,,,,,,,,,,,,,,,,,,,,,,,,,,,,,,,,,,,,,,,,,,,,,,,,,,,,,,,,,,,,,,,,,,,,,,,,,,,,,,,,,,,,,,,,,,,,,,,,,,,,,,,,,,,,,,,,,,,,,,,,,,,,,,,,,,,,,,,,,,,,,,,,,,,,,,,,,,,,,,,,,,,,,,,,,,,,,,,,,,,,,,,,,,,,,,,,,,,,,,,,,,,,,,,,,,,,,,,,,,,,,,,,ZFP36,GLE1,FXR2,LSM1,HELZ,SYNCRIP,DDX6,OTUD4,PUM1,NCBP2
